fde6a142-e062-4457-a63b-a1e2d885b966, 397,516,364,Avi
3130d1f5-1fd2-44a1-9162-94bff3c3bcb1, 112,773,123,Avi
53cf18af-f34e-47f8-84b1-7303d73a4d2e, 336,925,105,Avi
899d1dc9-6d79-4a51-9fde-1f2599f74de8, 421,450,694,Avi
7a6791d5-8815-4466-9753-65d1f594eb43, 857,710,890,Avi
3fc63436-0054-4bca-9cee-19b3c0e48d86, 949,708,774,Avi
6a56c323-95bc-4d89-9991-f0fc855525d2, 776,298,696,Avi
3f4baf25-2b62-4dc0-ad1d-ee9d6f2aeaae, 770,27,947,Avi
19613303-6d62-427b-b4e6-c65b331c242c, 965,581,514,Avi
e6137eab-b010-4ea8-9242-c24a02a45966, 877,583,273,Avi
44666e56-bbb9-459c-87cf-834941c2fb5c, 872,247,962,Avi
875fb8dd-944a-45eb-bfdd-b8a939700093, 288,914,787,Avi
f85e7864-7466-430f-bb7b-b72e878526b3, 33,344,367,Avi
ebc1e917-d1fa-41b2-a852-5f261987af3c, 413,238,818,Avi
822e8a20-c61f-40f6-a032-c6b081708160, 701,863,440,Avi
e8f352c6-fe14-4013-b549-40f0a89d8f04, 334,74,950,Avi
93769581-06a0-435f-8ddf-1436ea8f6fed, 895,433,662,Avi
3850846d-821b-45c5-b32c-bf1366a38075, 374,857,416,Avi
2812e331-cbc5-4fa5-a4b1-a6d9b5a29fea, 671,626,490,Avi
53cbe25e-3e65-41bc-ae68-791726d308cf, 416,145,193,Avi
5cf01ba8-1034-4152-8fed-e5698fa8ad1a, 608,457,343,Avi
5a69b232-ab43-4ae1-83fb-76225f04c02c, 830,547,203,Avi
44ff2e4b-e5e5-4bbc-b224-85417abf6227, 730,569,794,Avi
b5477977-faca-4415-9b84-c918e6083813, 104,916,364,Avi
c9958d7c-7a42-412d-94ab-8cf8f6ae6963, 407,363,60,Avi
63c29b50-6d4a-4aff-ac57-0a2318ab1007, 876,69,162,Avi
3ddc3d3f-46e9-4c38-99cb-876010b92419, 507,632,507,Avi
8bde6ca6-4074-439b-8f2f-891537d4b804, 562,981,150,Avi
19a2e235-9492-43bb-a20d-0ef3a48beab8, 610,499,388,Avi
3c9b812d-9817-448d-ab7c-00141436713b, 546,616,289,Avi
9bd9fdf8-78ed-49b4-8b5c-b689c556be5b, 298,615,200,Avi
56be5d65-8b7d-48e5-b1b8-8750736a4501, 175,804,780,Avi
87c0b85f-157b-4335-bcdc-1e5e07d3ca74, 476,869,317,Avi
28d0856f-1502-41eb-a842-94a379099711, 237,602,503,Avi
1ead65ba-766f-4145-9584-b297be6cc62d, 156,792,515,Avi
767f4fe9-f791-413d-beb1-85b70ce1ee9d, 298,965,494,Avi
6bd0a35d-afe3-43b5-8723-d746ad06c5ec, 357,793,557,Avi
f3ec1ad8-ad3c-46a4-a662-ba65cc362030, 328,907,511,Avi
6f4efe55-5fcf-416f-806e-191d55b49543, 684,47,475,Avi
e98c25c7-c89b-4f23-bcab-6628130043ad, 193,221,49,Avi
eb71126f-3d11-4caa-bc3e-8c3e5b1eb45c, 813,184,952,Avi
50c33828-cbfc-4973-867a-7584b3aebc6d, 506,804,301,Avi
cd1b43d1-a850-44b4-bdfd-16511f5d548d, 165,233,558,Avi
ef06758c-20f3-49c9-bbad-4c7839bda3fb, 279,401,198,Avi
82e63c80-8e52-40c7-b257-3b9b57564b86, 844,270,30,Avi
8d00d9dc-3e1a-4e83-a65c-d1552237220e, 4,406,189,Avi
0db1f9d5-dca0-48eb-bc06-d7025e56a298, 634,312,532,Avi
5af5b71e-8ec0-4568-b3e1-8ab11b52378a, 892,190,821,Avi
09858fd1-268c-4762-a74d-9345be03fffe, 731,969,707,Avi
30bacc53-ab60-40be-afaf-6628f173b251, 687,489,758,Avi
1a6a4c0c-90a9-42e9-8622-9905a08f2a35, 305,283,649,Avi
83a2dbd8-b828-48de-88bf-53f644db9ef5, 269,422,419,Avi
de1bda05-a6f0-4470-bd74-2e89d3a0eab3, 549,649,987,Avi
dba5abed-f2b3-47f3-8437-642d7f25cce1, 214,133,732,Avi
49e43065-87b5-47b9-ba7e-7eddda5ed015, 935,78,393,Avi
26916763-cf1e-4a46-a705-38137d41026f, 359,483,638,Avi
15013ddf-2d0d-41e4-a377-c14445f8b22e, 482,680,640,Avi
ee6d80b0-93c0-49c3-9ee1-ea738e7c5bae, 287,557,907,Avi
60ff081c-7851-4297-8513-8aa2fdc6c6a8, 515,920,993,Avi
28b426bb-395f-43da-9f6e-af61e113b19a, 132,773,833,Avi
56dcdba6-e5f4-47f4-9e5b-df2c6563329d, 593,477,742,Avi
49bda355-aa16-4a8b-9827-f4dcd5161f18, 798,972,118,Avi
3db26d4c-fa01-4434-821c-ce7b7eb2b207, 548,576,846,Avi
576d37bd-0531-4827-85d9-02a65fcb2f92, 610,453,755,Avi
197e3062-3bdc-4874-a9ad-ee0924bf8e0c, 201,420,180,Avi
0e473050-715b-4ad1-b3b8-d7556b0afb53, 798,956,112,Avi
a41d5418-69fc-4888-937a-b5066bbe0dae, 428,372,487,Avi
aac9190c-ea33-4457-a900-76b2343c2c1f, 69,205,807,Avi
314db567-d7c1-4019-835a-34dcdd318b44, 119,19,725,Avi
a98bd6d7-8a03-4e2c-af03-299662f20968, 741,752,501,Avi
9104b2b3-efdb-425c-91c8-2bd54c9fa763, 424,418,875,Avi
eb308447-d68a-4be1-91a3-3178dfa9d708, 154,619,655,Avi
368065d4-c7e4-4f2e-b823-35ae727eb893, 988,137,105,Avi
a954d59d-4105-4d46-a1e9-1a17a19fc88e, 275,810,906,Avi
ee6ca86c-3c87-45d3-82a8-5c2d5d159942, 790,871,227,Avi
7377cc69-b335-402a-a08c-44b6bf42dfc4, 883,86,137,Avi
148dde1f-7d86-4440-8356-c7914dd6640f, 728,715,963,Avi
49d5ac64-81b5-477f-97ec-3a5fe165f09d, 881,702,401,Avi
304305d0-c71b-4ae1-b097-9ca4770b6209, 347,525,272,Avi
c5fd3076-b53d-4e94-a46a-005829a6912f, 934,680,954,Avi
c01fc5a9-98db-4ad6-8b79-4680aef9a7b8, 392,805,822,Avi
4c9fcaa9-808e-4270-99f4-5ecfa1502945, 345,186,36,Avi
19dd5eaa-fbe7-4298-9dcb-515c4d1cd6c1, 879,47,800,Avi
3669be4c-4dd5-4a2b-81a8-a8caa193f386, 523,809,819,Avi
0b8cdb1f-336e-404d-a1ea-0255431b1119, 8,154,561,Avi
ef9e0109-a3c3-4ad1-b297-be57e8901199, 580,277,333,Avi
d4076c90-e1b4-448e-9f9d-6e6929993da2, 581,234,931,Avi
3421d499-b695-420c-b3c2-5471842df954, 588,14,37,Avi
0a19f592-8eb2-4bbc-88a3-d7942a54e51a, 537,542,715,Avi
8ac33fe6-44c3-4589-accd-f4cbb43c0d75, 474,805,95,Avi
9cbe4742-3e62-464b-b1ef-d9c74963093b, 384,55,456,Avi
f2685aa1-6676-4c34-8164-50e6ee044b03, 149,882,6,Avi
70876fc2-c280-4bef-8336-09a02201bdaa, 84,446,686,Avi
ed641af3-6c72-47f0-9411-008854ce1f24, 192,5,40,Avi
7495b9c2-0308-43ec-a1ab-027f4526be1a, 336,205,905,Avi
906d05e9-c81c-440f-a07f-1ae88cfd2dab, 144,873,549,Avi
319ca681-3593-4c7d-af0c-2f01db94c8b1, 839,766,248,Avi
8660d9f9-4884-4c36-88c1-a647c9883200, 938,353,446,Avi
9ee4546b-70ac-48a7-aa5a-c98c0447b084, 23,803,792,Avi
37517c86-fc6e-4d7a-ae4c-94dfa4ee3e13, 785,806,642,Avi
321ee000-77a6-41ce-87f6-c98959811411, 320,406,240,Avi
7a3152c4-ec1a-4702-adcd-afb39e1d12d6, 705,139,754,Avi
5c1b1aea-bd9f-4d2b-8c4d-091f807fb295, 364,857,270,Avi
9ba0cc71-e3ab-4d6f-8698-fca2503761ea, 556,496,830,Avi
e31ac1be-8482-47cb-b9af-e1e3151f5571, 646,389,230,Avi
fa00b089-02ec-485d-8eff-538a43e964ab, 892,252,807,Avi
07360b5a-c498-4a34-8454-0724d002d28d, 131,394,667,Avi
ad0b4cb8-2604-4550-bb38-af366b9c2875, 166,633,40,Avi
9a6fcd6d-a7b8-4839-be5d-ee69eefcd510, 846,445,700,Avi
f1e32a33-caf4-40f2-a477-ccaf74dce138, 10,127,80,Avi
b1a86be3-3e63-47c8-9e77-186614fe37b4, 213,297,638,Avi
4115cdb2-9974-43e4-9713-665a6fe49748, 44,871,597,Avi
c20aac9a-673d-4d36-88ac-1b080dd1b1b7, 798,630,67,Avi
be29651c-76ea-4058-939f-377e891c0537, 152,779,17,Avi
68fd391c-9207-4fab-bfdd-2c2faf628bcb, 279,284,270,Avi
f80b6580-b792-4791-9a5e-98d826cbdd12, 416,293,963,Avi
6987ed46-8feb-420a-98d0-390f045b8f3b, 217,130,551,Avi
389a4016-e816-4095-becb-f8348fb1093f, 983,655,413,Avi
f2bfc2ee-282e-407b-a3d0-1e16eca0e183, 974,154,771,Avi
25a345f7-ce72-4a1d-8fdb-d9d972905efd, 201,858,693,Avi
055beb5b-1dcd-4337-920c-374aef5aa317, 54,354,731,Avi
a6a72e6f-7853-4db6-acb3-33c5f0a2c25f, 191,344,200,Avi
16d3ef21-c621-40d9-beb4-a8e4cedfa267, 193,602,516,Avi
23be3fdc-c442-4c6f-a873-684cefb9b6b8, 631,94,621,Avi
3a5d0395-1b3a-4b26-adc7-eac15d36c0ff, 741,977,613,Avi
e937a17e-1970-4eec-8369-efaa6cdf8e01, 651,886,349,Avi
61a6d0eb-27f4-4f97-8a19-2164a2080fc8, 768,430,153,Avi
e965228c-f0aa-456f-a2ff-b32c9c84f606, 736,791,995,Avi
ed5d93e1-8d6a-4aca-95f5-203ae34ee41d, 527,228,640,Avi
6c051ebd-2c73-42a3-b352-7e92c9d0cd60, 225,69,718,Avi
a7a00d05-8adc-4436-9526-ea5a99a27393, 825,598,771,Avi
f97e9a7b-0667-48b8-bcf8-a5fe6f31bf0f, 372,98,425,Avi
2b7ce67c-614d-41cc-a961-29b28139acd0, 284,89,939,Avi
64bd3b96-d2f0-4746-aef9-b121019bea4c, 71,223,689,Avi
4b4988a8-a135-4053-8b07-445a5eeb4d09, 447,585,36,Avi
dd60c621-70c8-4f52-aa57-ca518b01f7ba, 929,243,676,Avi
03c52744-c0d3-4fe5-8367-13346ed241c3, 798,323,267,Avi
4f787689-97f3-47d1-b60d-16965b02ae5a, 423,431,428,Avi
29030646-5983-44de-a3b4-2120b4d04b95, 541,317,562,Avi
a8e0f29a-21e7-405f-ab75-4aebecddbc7b, 735,662,116,Avi
383c0040-3fda-4683-b12f-700af6ce2b37, 558,967,534,Avi
171e3c23-c3be-4826-8107-af8c21016073, 797,805,495,Avi
64ea73fa-9a84-4efa-ac4f-2c2295585db9, 849,369,880,Avi
821eb332-8768-4da5-a7e7-6c92deca402d, 189,368,797,Avi
8b378573-5176-4e6c-8462-273ea85876f7, 409,698,208,Avi
978d9522-d39c-43a6-9714-2d5fc3c895ee, 462,289,207,Avi
6da63c23-f573-4697-9e8f-64d6aed823fa, 959,597,984,Avi
38b4f818-beda-4291-a52e-58ca89d5c111, 963,425,744,Avi
9766f31a-a109-4970-bee2-d5162426cb8b, 452,402,167,Avi
4ae2b32c-7a4c-4f99-8bd5-58d0beddbecb, 344,830,780,Avi
4e618b6c-bc11-4b00-aead-1de065b43c5f, 862,547,425,Avi
f302fb87-cc10-43da-84f4-5a0b88741a0f, 824,511,255,Avi
9ae626da-9cdd-4442-afbd-a05ba2debded, 155,649,779,Avi
23a0cbe3-89ec-410b-a831-dea70ba3292c, 539,81,872,Avi
1d7cfb0b-69d8-44ff-8529-1393815ec0e7, 795,610,954,Avi
1f4e7f06-adb6-4981-a3c9-2f104ee4c3a2, 468,14,731,Avi
47e91319-d031-4ba6-ba30-7466132973ed, 220,79,29,Avi
ba1a8bcf-7599-4084-ae0a-56b4f713c414, 356,774,66,Avi
2636ecc7-905e-4441-ad9a-390fe9a41ddb, 131,594,542,Avi
d032a7f4-b55b-42ef-9dd0-1765e4497690, 789,345,403,Avi
e7362d67-57f0-4400-9f66-15f04261b9a9, 329,506,537,Avi
6d0f6c09-d1c2-4594-a63a-bf539fb48779, 100,326,819,Avi
e91dc15b-cf5f-4023-bdf4-4ad1decfe94e, 372,584,188,Avi
000007d4-4f26-4589-9af6-59fb24f084b8, 951,307,638,Avi
6b554911-242d-4a83-8145-3144155333ee, 427,421,517,Avi
384fb8bd-e8f0-498b-9928-8d1be2c7b9ef, 112,168,813,Avi
9a134796-f243-468a-b740-4c745987a596, 788,983,388,Avi
fa78e3e0-5efb-4acd-b11a-da1f63323a5f, 434,124,752,Avi
af33caf2-2ee5-4bab-963c-4cd1e96bf3ef, 752,506,772,Avi
bac6df64-a206-432c-b9f7-3920e55b9837, 360,693,915,Avi
7d7f19d3-48f6-4e4c-8eb5-406992bff876, 711,365,304,Avi
af943a1e-52fd-4220-9d2d-5dee40c4981e, 376,211,574,Avi
b5656392-e776-4d14-9d0f-508816e60bff, 336,695,285,Avi
d7cf62a8-2190-4957-8301-ed6b26d75972, 136,96,429,Avi
2d280c71-c12d-4ebd-bf00-f0f260a0b752, 544,268,770,Avi
b5717180-2e3a-4a8c-a6cb-51c62b7a41c0, 389,928,353,Avi
89b2ebaa-f696-47d7-9a9d-f00e74d22606, 547,20,427,Avi
d91cc8c4-b27b-407d-bb93-1438ba7b1c17, 727,1,361,Avi
0e3d20e3-2027-40cc-9002-a2835128256a, 15,893,382,Avi
966a7b19-6a3e-4532-92e8-9ea65942d48d, 784,347,818,Avi
a2a01083-65d8-42fd-a545-83844f2f7a11, 47,13,889,Avi
8bd10a67-b153-4178-92c1-aeae0eebad7a, 271,240,940,Avi
a23e3348-1ae8-4dd2-9553-d0c2df2c290b, 335,51,210,Avi
b4033afd-4c00-43ac-b670-b86aee831820, 942,775,471,Avi
0ab90213-68d6-467d-8797-3317b2684c92, 529,653,887,Avi
ad7465a1-ebac-46d2-8288-7d7873504a8c, 958,888,854,Avi
7e622f2d-ffde-4892-9ed0-3e5d0744b9e0, 980,363,577,Avi
c1b8d00a-8108-45fa-b26d-e7ac00fb6afa, 419,812,674,Avi
262bdd17-0ee4-47e1-82fd-4f8c7a7a3745, 489,983,365,Avi
bfd26fde-626a-4110-a80a-af84291ee0f6, 942,362,316,Avi
ed5ac044-d32c-4946-8e61-8931869fc9b7, 192,550,348,Avi
ebcb74cd-ba84-467d-94e3-df1a077d4be8, 465,89,84,Avi
c1aa7825-4b53-4afe-afc8-473031927462, 539,274,28,Avi
ba1749aa-23a1-43f0-95d7-acdbd508c829, 828,55,877,Avi
63f31c72-7945-4fe5-9961-b55d41b9214d, 143,604,244,Avi
de274b14-3e72-472d-b77a-d25d189e766f, 954,199,346,Avi
20a6d74f-eecf-4ace-a48b-d3741fbffcf5, 472,56,5,Avi
5271d400-bd34-4f5f-b8f7-53716848b163, 526,803,982,Avi
2ca369cd-3c47-4a67-80c4-465fe7990a2f, 242,626,199,Avi
1a889846-d9ce-44a1-8df6-23e64b72bbc3, 216,780,256,Avi
34452b0d-f012-4756-8d75-81b49bcebfbb, 576,391,688,Avi
c9290f73-dbe0-4d20-9377-a2b5aa5a47fc, 893,750,225,Avi
6f07c7ec-efbb-49f0-91a2-51b0d490805c, 123,64,564,Avi
929a23ba-a632-483c-8361-31699b251b38, 804,419,615,Avi
3209cdef-0252-49aa-8264-f25631d22ee2, 827,153,309,Avi
22be285f-f385-4cff-88ed-284cc1291338, 698,276,208,Avi
cd56b710-894f-4846-ada4-6d3e5051849b, 431,534,784,Avi
41ff1d77-eadb-48ae-87a1-17257a133c8f, 19,470,306,Avi
071b83ca-2a4b-4b3c-9c3e-8c5fe83b1454, 311,664,746,Avi
7c7078bf-4ea5-4aad-9e7b-2639fc9f5bc2, 365,224,461,Avi
8b78419e-534d-4631-8b8b-c0327cb6e766, 883,324,493,Avi
351604f5-9eaa-4c89-9a1b-f7bc14e643c9, 771,253,662,Avi
4be54168-1c1a-4579-862f-db228300c045, 190,249,853,Avi
4815acdb-0c1a-4dfa-8775-7b2fc1eb77f3, 19,831,136,Avi
e124c1e3-3b58-446e-9663-0f5f2e2f1593, 781,667,635,Avi
6ef82aad-54ac-4a6a-891c-597608a19fe9, 389,698,650,Avi
9aead48d-49ac-46db-a0fb-3dbdf27ecfc2, 673,542,351,Avi
36110c5c-fbed-42d6-8d53-866b81de778b, 990,784,246,Avi
9d1efd0d-696f-4a17-9d93-121a0e1a9809, 471,557,920,Avi
d63f00e4-0102-421f-9246-fb38835d707f, 382,582,87,Avi
7456e722-479e-4748-9c8b-b7f102d51550, 478,757,838,Avi
fd7bb0af-a6ae-44e0-ab4e-9c8295eb5efa, 104,920,96,Avi
43fe61b4-2f46-4d50-be8b-2f5fc9cc8d74, 122,57,898,Avi
787b45c6-4674-4d8e-bd25-093bfd31c4bb, 646,509,28,Avi
5cfb7186-47a8-4e62-b5a6-37f00bb60d01, 354,412,702,Avi
cf6be0fd-d6fa-41ec-ae47-f2d99c88533f, 648,237,801,Avi
957a59d1-eaf4-4f1e-8348-8b8f90275a09, 669,921,964,Avi
957c89b4-78ac-4e8c-a7d2-61a2df644962, 96,690,681,Avi
1fe999b4-8968-439e-b8f4-e6089397360a, 111,891,539,Avi
aa418bb2-2605-457c-ac44-d933586d6036, 248,300,694,Avi
d748471b-6883-4d19-ae1a-a507f847f781, 740,806,666,Avi
974ce0f4-99e9-4813-9d45-dc421a69698a, 767,540,74,Avi
cb226217-24fb-41ca-a3a4-fcfe324a7010, 297,677,746,Avi
2221f49c-8f32-4a22-965f-bd344ce3d6d4, 540,268,642,Avi
c2982510-ddcd-4cc1-ba9e-91a9843ac076, 751,28,34,Avi
a5325570-8598-4a6d-a335-b74be7ba0da4, 323,637,372,Avi
dcf09002-9536-452b-9dd5-8fca7b1fdee1, 543,821,321,Avi
728d2190-e7c8-4f87-827b-5fc41db27f2d, 119,712,660,Avi
bff6c8d9-872e-4f1d-81f3-4fffdfbb6733, 121,382,68,Avi
7b5aaefd-ca71-4394-96ed-b487c657898f, 158,991,29,Avi
fe76d0ab-0d77-4034-89c0-31eb0de5cf1c, 556,873,755,Avi
287ab162-cc19-4e0b-a78e-2601302d7593, 205,904,701,Avi
17cd387f-bd80-4bdd-bab4-2707f1f1a7cd, 361,586,870,Avi
0d506a61-1db1-44e1-a3fc-7749c221a576, 628,352,558,Avi
9a6bbfce-5729-4397-8d74-37c72afbec68, 56,130,653,Avi
e086daa4-3265-452d-975a-01a3c66a41a1, 323,344,662,Avi
fbec0f99-0ea9-48ba-8032-bb7240e6b84e, 647,786,255,Avi
0d14237c-c229-4d07-886f-c5ad3e855c74, 167,704,478,Avi
b821cbea-79aa-4ec9-acdd-78d0088702f8, 374,621,95,Avi
a1833735-4d4d-4102-9141-ef4daf4abcd1, 6,646,158,Avi
bd9146dc-73b9-48c5-a6da-6b18e0a9f327, 7,140,685,Avi
d10bb5b3-c395-4b4e-8787-6b78477a1a0d, 717,983,393,Avi
da6a3d14-e916-43e8-9646-a74f0d630bc2, 886,546,122,Avi
3290b957-73cc-4e9e-999f-337bd6ba437d, 332,961,52,Avi
37212bfc-13d9-44a3-a4a0-6baf410f2ffb, 500,913,470,Avi
0d1a735f-b5ca-4041-8bf6-274d23aaeea8, 761,64,583,Avi
3cc79bce-a9b5-4851-97cd-33973ac1c614, 7,797,39,Avi
60b29194-f172-4f9c-8ddb-7901d4d30edf, 404,509,205,Avi
c6f81135-1d86-4a9f-8cec-ce4a34039257, 773,389,170,Avi
2ea9988c-66fe-4aa9-9576-cff7d3bc56b3, 278,830,284,Avi
8e881fde-54b7-4fab-a451-1fae9eaee4a2, 607,355,938,Avi
b5804045-47d8-4c6e-84fe-2117b7654aa8, 713,622,213,Avi
27025306-9a7a-4c46-8a53-1bde592498eb, 872,338,145,Avi
e950fe31-75e7-4e81-88f5-48ab99a9a40c, 261,435,796,Avi
faf25a7a-f5af-45e5-831d-33e26152a83b, 541,316,823,Avi
e7e77725-5618-4464-8626-856f99d134aa, 204,665,789,Avi
07d24f1b-e058-4807-8b08-e3e6ae268bbb, 8,611,558,Avi
7e011204-e05c-4692-88a6-ba299e2554d4, 510,998,848,Avi
d8930a76-beea-44a4-866f-648d80b53352, 120,601,629,Avi
371d46e1-02d2-404e-9858-131f095f3e3f, 480,943,594,Avi
66abef2f-9986-4503-8902-de3f7db2cfca, 224,609,715,Avi
eabc8517-6fc9-4000-b210-7a188197e995, 837,723,607,Avi
433b4949-79d7-4d37-bdef-a8d58bbd0f35, 112,786,291,Avi
2e34fb16-98d1-49b0-a24f-7f0eb5d84747, 258,888,725,Avi
08ac31b6-7d74-4cdd-b89e-6312e97f3aec, 438,745,362,Avi
7a6cbad8-779c-4073-bcc5-2a1fe481431d, 241,862,193,Avi
c96c7d71-46af-4945-ac07-64b07dfc8525, 381,569,722,Avi
db80e701-e288-4318-ae8c-fcb75f9e6af8, 379,270,219,Avi
7beab79a-70e1-4d27-8143-a49a33b66412, 724,97,355,Avi
21f43aae-9b39-45e2-8739-8b49895b030c, 90,593,21,Avi
48c4689c-7b50-4966-82f5-f59811e7eb31, 582,392,393,Avi
aeb90443-078e-4acb-addb-0965cb73ee5c, 550,37,825,Avi
a362e50c-39b8-4400-821e-4cf0a0e60f3e, 82,702,591,Avi
b3b352ce-ad2e-4eca-a3c0-f14af4c5f3cd, 216,92,878,Avi
692d8592-a1ab-4580-8921-c3043c9baef3, 499,749,722,Avi
f7f7a217-8045-4596-a40b-a838c8c7c15b, 832,73,253,Avi
ec818e3c-2f82-4291-9224-a2ca3db9d554, 487,878,738,Avi
02752c5a-e392-4124-beb1-3fd411c867f7, 436,100,374,Avi
ef40500c-5773-4393-bbde-dcd9bc72cf35, 870,844,339,Avi
db7f36f8-e9c3-46a3-b617-a8cce24d5ab9, 496,113,627,Avi
38219638-f15a-4d76-9b4a-0a4ab170a95e, 252,22,194,Avi
711319a3-d6bd-4a7c-acf1-7f37369b06d7, 270,674,496,Avi
f1ffe894-31f0-467c-a577-c842c5fa5034, 332,887,708,Avi
0ef4bcd4-4696-4f8b-af9e-f2ce8118edaa, 536,159,160,Avi
36e85ed8-3f36-4a22-aed3-5cb8c1c1ed50, 600,165,477,Avi
67633675-a27b-47f7-88f2-09ae34d47639, 843,878,519,Avi
89238852-7c2d-43a2-bcf3-4df8febb039c, 496,891,25,Avi
b9368b82-a3aa-4d65-b7f2-fecf8ab947d9, 103,602,714,Avi
c744cef8-67c5-4d0e-8804-dd3536cae3c2, 282,146,293,Avi
51af93d6-f23d-406e-be23-a200f44238de, 19,678,192,Avi
7d7c1c4d-7be4-45e8-84e6-659e7f36d1e3, 486,584,589,Avi
0f32e194-956a-482c-8f67-55793c1fcaa8, 963,963,71,Avi
59574539-eaa1-4920-bbba-e90355532bea, 684,229,75,Avi
ddfdc150-ca59-4cf4-83d8-c9cf37d39ef0, 226,500,184,Avi
a46923f9-7544-4335-a121-a21ce4169bc0, 543,950,719,Avi
c34bbd57-cce2-49f6-afae-fde2ce0cfec1, 578,835,934,Avi
22b96920-0850-4cb1-bca3-2d991c4b259b, 895,27,964,Avi
55c1c3b5-b6a0-48ba-86da-58ae53ec407d, 819,1,221,Avi
a217bdb3-f1b2-4a4a-b231-fa125dc0c851, 602,150,418,Avi
fb62cf81-8508-437d-bf4c-cb5fa95eecf6, 479,987,529,Avi
a96422b9-ac81-46d2-96d9-ec083041e804, 204,314,209,Avi
af3994c0-e413-412d-800e-aabea86068b5, 517,50,574,Avi
2fece96c-2b05-43b9-b0b5-67deaca88b14, 570,635,201,Avi
75a4902f-496d-4e5b-a0c8-294c6c5de3e1, 407,159,650,Avi
f4464670-3818-4303-8217-80c6c6189832, 444,270,391,Avi
c25e8445-0b47-4ee8-9249-67b5425a6bf0, 839,558,651,Avi
68b128ad-b57c-47f4-9b30-72c0ad8149fa, 993,702,310,Avi
686bd535-432f-41c0-a2b9-1d80d8eeecab, 357,122,651,Avi
ceba9df4-a4b6-4345-b896-29c3acedf88e, 227,666,583,Avi
cd06c18e-1790-4da9-b71d-dcbbd94d54d7, 369,362,813,Avi
ccc8d1d5-42f6-460d-97ea-6a95f8a663be, 651,206,240,Avi
6a869019-39a7-49c4-8445-207bad17263d, 545,23,187,Avi
2692d8cb-9112-45bd-b26c-612f6dd52560, 974,27,900,Avi
5fa6336f-cbba-46b2-b42f-b77c8a40075b, 146,9,200,Avi
a290c270-119e-4c00-900b-26661cc3d3a3, 734,489,866,Avi
61c095b4-2ca5-40ef-90bb-6add5c9212b2, 314,375,730,Avi
788d8ac1-ca5d-442a-ba4b-8abe17e5d902, 828,761,591,Avi
2380b0e6-876b-4e89-97ff-d8433f12a2c4, 766,484,286,Avi
2fa93baf-6b8c-4a46-93c4-ab56bd8d28e4, 219,845,192,Avi
0025d35a-6e87-4ff4-ad4b-c9c6d0f26477, 556,291,383,Avi
2336c0fe-acd0-47f7-9e76-ad62f2ceddf0, 989,201,274,Avi
1e9f6d14-b8b3-4837-8dbd-d2ae2d82d0d0, 386,755,952,Avi
c44f4ccc-36d2-4e64-84bf-ed1afea640af, 410,897,247,Avi
376f07c2-78cf-4558-acb0-9962bd2bc4f7, 205,864,531,Avi
8b42f77b-85bb-44a3-a387-b4ba6c48ba41, 750,848,693,Avi
e4a760c9-dd72-4aa7-8e0d-3a9534930e34, 111,622,632,Avi
b355bd77-6293-4834-8113-0cc436ba417b, 783,911,291,Avi
089e05c4-8116-4786-b892-91da6656be78, 852,540,599,Avi
f9faaeb3-989d-40d9-9a76-9ba0ef9ac4e5, 223,884,721,Avi
6e1280d8-5dad-4bb9-bcd7-54c7740f951a, 952,327,177,Avi
b13b24c0-8fcd-4e73-b0bf-36a891faf173, 994,418,735,Avi
e9a064d6-7049-4b46-b9ec-f5f8994f0685, 517,155,807,Avi
19026226-58ac-4f44-a16e-1e25bf901277, 924,348,732,Avi
4755236b-b6f7-4c42-bf1e-535f9637ff0a, 913,902,476,Avi
ee62436c-ef50-4ebe-8318-57795afa4039, 484,623,896,Avi
36680fc9-0b72-4b0a-b391-1e630da7091c, 60,17,634,Avi
99c91bcf-acdd-43ca-8581-32f2fd0bf1c4, 591,109,223,Avi
d941a2cc-d7d0-45ff-a532-82e065156d27, 559,772,378,Avi
9542ecde-1040-4078-bcea-739a7d017d4a, 92,138,659,Avi
b6f4b2b6-3753-4be5-9761-cf2e2a47b32b, 674,164,870,Avi
fffa4da8-ad73-4bbe-a626-f95a854f7c13, 231,456,571,Avi
2a31b824-a0f6-4905-acc8-72ed2de3c3d5, 71,210,447,Avi
04f6a489-0761-47fd-b301-78dc98c06d88, 795,233,694,Avi
670ba407-a124-435d-99f5-90dd9801ad55, 885,185,275,Avi
2f0c4176-0ed5-4a75-a204-90bfaa982517, 898,869,9,Avi
193f516d-b18e-4405-9b63-308bcd0a0dad, 813,368,916,Avi
b2a4770f-a477-4f86-8794-5b1ed12aeca1, 702,163,867,Avi
f119191f-79a0-4192-8448-6b270338b967, 88,362,218,Avi
29592ba7-2113-4774-a4bd-78e35d96419d, 952,436,645,Avi
957cd7b7-a4e8-48f4-99a6-62f65f945802, 358,425,18,Avi
0bff10a7-cc92-439f-95ec-3e48a340bd8e, 149,251,185,Avi
bcc7fa62-e1ac-45da-9a11-8964d6ceb563, 861,683,446,Avi
a4a89736-8784-44cd-b7dd-17b53effcce7, 903,414,414,Avi
bf896114-52ac-472b-b676-f44a3685fcb6, 449,264,782,Avi
2c241912-0dec-472a-8a09-5e3614f6efb5, 939,705,922,Avi
fbc0822d-b55b-4ab7-a6a1-175383ca32eb, 947,659,901,Avi
bc76f36a-a058-4683-9696-a39f0c322502, 369,278,768,Avi
806982e1-d070-46e3-beb7-f9522819a4a4, 742,970,1,Avi
8ed1a5b4-4df9-4ef0-9bba-60c31ce9ebeb, 3,144,95,Avi
2eae908b-0b25-4651-9fb2-a4699c1cac60, 353,117,773,Avi
442ab26a-7557-4947-ba2f-7502abc52186, 801,438,806,Avi
98757b4d-60c3-4c90-8806-2322fe8461a2, 676,737,933,Avi
6d1a9e11-9b25-4734-8453-ff84a841fd00, 90,38,187,Avi
f7ffaa5f-f70e-470d-8317-8fe5548140c1, 561,909,953,Avi
5fe4168b-1367-4c40-b7dd-49b6b2a440c5, 502,253,898,Avi
9336568d-9e21-4c13-aa06-2402001c065a, 86,148,655,Avi
a40580ef-106f-4d94-8168-e25aa242e3ee, 295,6,775,Avi
b513fe0e-c6fa-4273-9a17-fb69a000eaec, 742,987,148,Avi
a70c0a10-93b9-4806-90dc-4e3ca83218aa, 249,405,279,Avi
b6b16f87-be45-464c-b1af-30234d0326b7, 185,858,539,Avi
905af62a-2bb3-43ba-82b3-de74f9c4a6d6, 352,550,297,Avi
02de9617-867d-4a51-8c72-1ec6e08fb1ec, 640,647,824,Avi
c0f37fd5-6209-4d55-a91b-6db584fa4dd3, 975,263,967,Avi
ca4d33d7-2be1-44d6-b5a3-d05d6ee526f3, 988,857,621,Avi
bcb98571-b6a8-4b92-91bc-30f8dae112d8, 715,806,367,Avi
49023f57-80d2-433a-adc7-7097a76d42b4, 813,240,717,Avi
2b8f0f97-cc74-4afa-9049-60be363fcd9a, 101,916,995,Avi
d16ef61e-5064-4146-b94d-a3b2b0a82723, 439,59,112,Avi
39d91ae1-adc0-4788-b1e9-15df8b0914c8, 996,60,449,Avi
5b86e244-e265-4f83-ac7c-23e9d3686818, 658,428,332,Avi
4571e24e-ac55-4293-8f6f-cc88685004e0, 654,904,178,Avi
c76b765d-6ed1-4ef2-9ced-82f5c0f11ec4, 646,210,359,Avi
39a8e7f2-1390-4bab-be44-1a4f329068d0, 657,861,605,Avi
303ed60a-fb3f-45db-8a5a-7cd6744ea084, 74,109,883,Avi
5e18df50-5749-4ad1-a018-0dcb10be1818, 687,306,147,Avi
7f36cb79-5824-4486-b760-a90a8123c507, 154,27,182,Avi
6a005b04-9460-4f3b-a9fc-8ffbbdd50f5a, 779,434,166,Avi
671cd255-1deb-4610-9bcf-befabdce794c, 560,84,941,Avi
8e663e58-f62c-49a0-b0f8-0e92a12fd3c2, 543,911,492,Avi
b7343509-f5f9-434d-859b-bccf59a6ae51, 186,642,588,Avi
a220c712-d984-4bc3-bf60-b931d9bc1633, 376,317,834,Avi
e4f95ad3-9e47-4442-9568-130f85e7937b, 636,334,952,Avi
9214b4bd-e01c-4937-bc72-3a041d3e1dea, 444,70,596,Avi
f48e3ea2-a46f-4e2c-9b25-029a12732a32, 9,157,377,Avi
9fd80089-6f4d-48bf-862e-4887c559ebc7, 113,28,807,Avi
2b11c3e0-2d4d-43e6-a4f4-18cee0b1430e, 112,751,752,Avi
34351adc-a44d-48cd-a461-bdea0a1d425b, 963,842,33,Avi
cc326fe1-45c6-415e-bafa-e269bde80a87, 268,877,992,Avi
028b870d-87c0-419f-9448-62d2b342da4c, 166,94,821,Avi
be2c00ff-ae13-49eb-a421-1c60226457d1, 236,103,297,Avi
89576007-8ab4-4bd2-a906-ff3fc2fda9cd, 865,471,219,Avi
7a969589-72b9-4113-ba07-51f44d3f114e, 18,697,791,Avi
6cc98c6c-0186-4e80-b6b9-3bbaaf61ec56, 49,52,970,Avi
4bf4285e-1923-45c7-9413-2b33bef64623, 193,709,956,Avi
a8041dfd-6da8-4ebd-b119-d86f9857901e, 584,770,278,Avi
babfe13d-ba19-4022-b1ed-c3e1fc206341, 787,448,57,Avi
6c1ad1ee-6416-4079-92f7-0d5e92a160ac, 135,432,161,Avi
c44ff190-0c52-4c7c-b44b-140537eae02b, 739,221,799,Avi
a533f16c-02ff-4e1b-bf55-4d7df8052e00, 555,108,438,Avi
a52a5fa7-20fe-436e-838a-2cb07451f390, 841,470,240,Avi
b16ef587-aff0-4bc6-a053-a125de712ea0, 132,208,965,Avi
8ce677d2-369b-481a-9515-9b15be441756, 299,143,684,Avi
2ee5859a-d4b5-42e9-9224-8923fb283e2e, 158,95,329,Avi
d0a52dcd-8cf9-4e16-b22b-bddd0d3b579e, 17,63,700,Avi
455cbcc6-87cd-4471-9658-c3caff82cc25, 780,771,133,Avi
3e4dbd62-f36f-4e46-b722-3dcf457351e7, 76,683,107,Avi
d9e1d19f-25f7-457e-b544-b13dfec6c48b, 714,378,645,Avi
5abc0cc0-634e-4985-b113-25aa95a2316e, 764,102,670,Avi
a1cdaaf5-7907-4468-85e5-4b7aad4bddbc, 137,127,251,Avi
e90af9b9-c15d-4349-b9ab-d30cdceede08, 419,462,589,Avi
a0f50410-28d5-4bb1-b97e-8292d3bb83f1, 353,207,580,Avi
ca133539-c1b6-481f-92a2-b259074f9661, 730,62,501,Avi
23e54766-7a72-48d4-87a0-a824167c02c1, 989,285,628,Avi
45db3197-ea73-4841-88c5-d17a8fa01f3f, 593,629,353,Avi
a99ae209-b494-4829-9aaa-044b338b7ed2, 726,118,369,Avi
b35016b2-c055-464a-a565-1ab723fead32, 460,957,449,Avi
fd462298-6b32-47e6-8de7-37360aaf4451, 666,479,424,Avi
d7297f03-9341-4793-89a8-da7d38f05b83, 332,127,93,Avi
7a221472-915d-4f83-ac83-95e304f58748, 594,366,107,Avi
ed648868-5ea9-4b50-8834-e3f7035ed99c, 296,163,16,Avi
c89c46a5-9edc-41fc-a02e-a881e97831e3, 433,738,632,Avi
0aff3fb0-1f0d-48f8-9338-c65efb093e3b, 739,663,855,Avi
293549b3-f624-4189-a4b4-835d39cf2d6d, 120,51,709,Avi
7453cfa3-c91a-4b90-a3cf-869e8c996fa6, 630,86,398,Avi
157e7be1-6ca8-499a-976e-4668ee495183, 478,122,747,Avi
8ec9b5cf-db92-4054-893a-2f5cfec4a16e, 292,39,982,Avi
6aad075d-97d5-4476-95ba-50882462adc8, 301,675,168,Avi
53fbfbac-e95a-4521-9699-4594a68a2a16, 801,751,981,Avi
d309ab04-20a8-4643-9b61-1bc90112e2ed, 166,22,80,Avi
5858cc9f-f031-4bbf-a441-11d65f524501, 488,136,694,Avi
300d0a2b-cdf0-4794-950d-939867c24bd2, 395,693,122,Avi
b78259a9-d0cf-4d0b-80eb-d08dc9a6682f, 612,160,890,Avi
8c98d9b1-481f-4343-8756-12fd73328aa9, 719,986,454,Avi
68fb0664-6eb8-49fd-8930-eb1780012ff8, 513,341,907,Avi
680a3f19-8e71-4fe3-93fd-6e885a4ece0a, 738,36,394,Avi
433d4f52-9346-4342-985b-4f4bebc5a655, 26,853,6,Avi
03d7d561-db00-43a7-a7af-570530992d52, 344,302,328,Avi
9c065980-927a-4aac-bc71-8658cde7674d, 124,994,487,Avi
aa0086de-7c75-47d2-8441-dec83c0043b9, 846,631,985,Avi
fd344a8e-f4ce-432c-bf5b-edbe1acd50ad, 650,573,641,Avi
a4c414b6-dd62-4ca7-b03b-a79f645e428b, 775,630,913,Avi
eef91bfe-8435-404f-9f0c-1e2375c50072, 15,236,391,Avi
b33a3f1d-712b-4b6f-9843-4647876eb680, 276,864,961,Avi
bba5b61a-875c-4e6b-af17-309aef7c8c51, 855,572,51,Avi
59944bd1-9b94-4aff-9d0d-87a3d8cf7e1b, 528,786,335,Avi
cdf7cca4-1237-45c9-8fc4-6eca510e7e5c, 260,63,715,Avi
4da0ac4c-9a27-4c68-9ed9-b9aece0027f3, 587,140,168,Avi
03f0b13c-6f20-4a52-9ac8-2a21bc09532d, 75,144,832,Avi
10be153a-f49b-4f61-84f1-67518829c9b4, 367,271,697,Avi
4291d264-e733-4d55-91bb-43c3d8b52feb, 634,764,527,Avi
1de38fb2-37c7-4116-90fd-8958ec1cdaea, 903,70,413,Avi
b12bcb4f-80c4-45cd-9c03-06e33480307b, 811,737,710,Avi
08b22d28-0707-4de8-b6b9-0f85f98f7da1, 992,723,798,Avi
57adb4ca-fe2f-4519-875c-3859722c5ab8, 3,748,987,Avi
0ae8175a-b4a5-49a4-bc60-f5ca0701c5a7, 44,488,729,Avi
0c67f351-6d0d-46ae-a70e-40c4a8bd66f5, 277,594,208,Avi
5942e9fc-5c3c-4d7b-bd4f-91b872b592c2, 153,587,569,Avi
bcfb49c4-5d40-4142-a286-f64f4a06cade, 270,63,434,Avi
6fb4c3a2-84ab-4cde-887e-27b5239569f9, 474,701,486,Avi
22549236-199f-48e8-b1ef-87180434e760, 81,647,963,Avi
3b8e2e1a-8945-446c-a2f4-3b2e05005a4f, 692,641,100,Avi
81f4c3a4-9a31-41a0-ba25-bcb872cf34f1, 434,951,503,Avi
c8b333bf-d7e8-465a-b485-aae616f06e99, 637,716,50,Avi
f120f8e0-b779-4ebb-942a-4d4b2eaf0eac, 623,266,338,Avi
49eae31a-05b4-406e-9253-644373d2656f, 915,585,390,Avi
9a40ea94-5eb1-4bc6-9de1-355658fdb56d, 179,32,655,Avi
748e2ca9-ed0b-47a0-9f26-96af2398fdea, 104,90,676,Avi
1b5098f2-2f7d-4bec-9070-7adfdca5b438, 490,482,178,Avi
18dd4eb0-b329-4b5b-9ccf-5d9a4641ad4c, 957,633,7,Avi
8a3fb6a0-8544-4173-bfe2-700d2f3b73d0, 978,337,37,Avi
28f67ed2-9c6e-4a44-a8b9-9aeaae00b40f, 224,912,77,Avi
62545a40-a6eb-40c9-851f-b0772f20ab9c, 834,309,108,Avi
f846e4a1-2cc3-455c-82c2-b1dbe2a482ef, 888,608,535,Avi
081cf20a-b03b-47ac-92e4-0255381f8460, 227,639,877,Avi
f32668e8-2036-438d-9b8d-a8b6ad3b763e, 158,528,321,Avi
b7bc55c7-d89f-4c6e-9879-ce5fd3349fd4, 231,353,477,Avi
dc642311-9461-4bff-bb54-4ff2c01e0865, 44,296,669,Avi
6702e993-e3a8-4db4-9a78-d6456f1b3545, 829,975,557,Avi
3b9b3184-0f5e-4697-b22f-92e66c766fd2, 288,203,159,Avi
41a47cc1-43db-40f4-b35a-447002fe7fc1, 920,476,318,Avi
40ce93a0-b925-45b5-9ad5-8bf54566971e, 496,658,379,Avi
ea971abb-7751-4bd2-980d-b222fc2aac69, 14,400,353,Avi
86aee680-2069-4c7f-ac0c-41ccbf4571d0, 262,82,276,Avi
b0ff56a2-4eda-41f2-920b-4472278fc7be, 283,290,422,Avi
2db72e92-86f1-4b83-873c-ed4cdf6be41b, 120,875,450,Avi
f19974ef-c928-46ca-867c-23006ac05bd8, 797,332,953,Avi
2dc7deff-3aca-4d57-84b8-c3ef1da28067, 856,727,281,Avi
51350cdd-481c-4fa9-a3e1-c4f1a2e648e1, 528,934,42,Avi
5abb5a4a-ab8f-4879-a86d-d5058a416fea, 366,393,935,Avi
49265094-1203-4806-8c85-38c31a7bace8, 518,546,106,Avi
135382dc-3576-40aa-8863-b3688f44e952, 948,966,132,Avi
b39b2f59-4ece-49a1-a308-27463a8eadc2, 218,729,979,Avi
5ad0febb-8542-44cf-b024-8d5484536867, 499,145,128,Avi
971f1b07-4b7a-4e8f-a453-98c7d224e7e6, 967,967,271,Avi
3cfe39c0-6b93-4f96-8ef5-bb525000f300, 202,760,7,Avi
095a2046-d043-4191-8a12-dd4042374690, 248,709,101,Avi
e166b78c-7182-420d-8ab6-52b22f3f0b2a, 107,489,870,Avi
cfcc21e5-a25a-47bb-a87e-42fd9e3abe52, 204,65,748,Avi
dfdd58a6-c7e7-4d5b-8fbe-358d436ae582, 38,967,722,Avi
e65230e5-4046-4a56-8190-ac1dba4db395, 338,647,7,Avi
83b01c03-b787-4129-9c52-058e9bd7a5b8, 416,742,535,Avi
6552dfa1-25b3-4f90-8e23-a19ed9fb46e0, 170,333,322,Avi
67d1fde4-5b81-4480-bc95-59882f58db1b, 290,901,147,Avi
ab979a95-2cff-4799-acd9-d1b9ec1a91df, 470,299,187,Avi
1f9949a9-062b-4d87-9457-88681adf699a, 826,888,758,Avi
77ebe22f-7f3d-49c4-807b-d668db7456c8, 10,327,175,Avi
843714cd-7707-465e-9492-e8f93e86f31c, 35,119,682,Avi
4f3b7f81-5014-43e4-a3a4-689899a17847, 835,412,57,Avi
24c2c62d-71be-4bdc-b0df-dfc49aba63cd, 235,744,902,Avi
ff319884-2fbd-4132-aa54-fe26cae2abfa, 383,181,760,Avi
e4d62bf2-7591-4778-8e03-b4e2865eaf14, 257,162,496,Avi
df338a0d-4ef1-4af3-b3d7-3eeea701486f, 121,551,225,Avi
f296b379-6496-4b39-b5d1-f7b9963af857, 735,33,427,Avi
c2fe7d42-d4d5-4075-abf0-700829ba6c6f, 684,956,807,Avi
1cbc97e6-b83c-4c2a-b87a-8165190a3951, 952,636,191,Avi
d1ed065e-a8c7-4db7-9019-7fca1da5d3a5, 683,377,175,Avi
877074d9-01ed-4c8c-9b5f-f222ac96c8cf, 988,28,641,Avi
7d2f18fb-6249-4a5a-b347-65795ca2b555, 548,303,529,Avi
513d1fd5-9de5-4c55-bef1-7930365a1249, 324,580,331,Avi
5b5f4199-5b47-4ab0-94f1-c68097ee36a3, 479,933,587,Avi
b4fa0478-17e7-49bb-b563-935d6b868507, 418,906,721,Avi
db06d823-9522-4abf-84d7-c818c48dfeeb, 385,213,138,Avi
c5759478-2112-4404-84ad-0c8076bda36e, 689,705,337,Avi
a2669a60-ddb6-4448-8aac-2928bc2ea6fe, 534,274,294,Avi
4a5bf55a-5a68-4c48-995d-551cd7d38db4, 746,350,162,Avi
b2c9f0d6-6e4e-4116-8bc6-1bf14ea88e30, 874,881,775,Avi
b21f0f82-047b-4ba8-95c9-3c23065b88b6, 864,551,368,Avi
a6884ebb-3150-4d24-b9be-68840292a1b5, 727,394,153,Avi
a5e2d76f-fc65-4e1b-b73a-5d3be6f427ff, 120,707,857,Avi
2dec82f9-7316-48a5-bd3a-1cadbf74e9cb, 966,796,970,Avi
07b85c52-f9d2-44ab-a21f-6f8e411dc399, 893,256,98,Avi
3db471ac-584a-4471-91b4-6235cd5f62f9, 838,266,51,Avi
32e2a7e1-cd0e-4858-8ffd-6b7699954e8d, 87,568,423,Avi
05e18341-9b8a-4dbc-bd6b-6446dc25be23, 54,992,670,Avi
3b42905a-1621-4f20-a3b3-4c6b7fb23ce7, 837,455,753,Avi
de41255c-62db-408e-a00f-5b74ba2c1f6e, 347,801,951,Avi
af8cf33d-2ca4-4f64-8326-997033ccd322, 368,448,697,Avi
67735263-9588-411f-bfc6-758817a51a0b, 555,613,383,Avi
396b373a-7169-45cd-89e2-7ca1b6dc099c, 220,689,512,Avi
110f749e-16fc-4bed-960b-8ff52578c861, 568,266,504,Avi
5a120544-ef2a-4e55-9272-da8d019cabc0, 279,722,908,Avi
7c39a4bc-b162-4b8d-bc55-576f32fb2e3a, 366,639,18,Avi
b2f527ce-3971-416b-b02c-28da6a52c4d9, 197,907,84,Avi
86474013-1797-4c66-9e76-2e55cbf89497, 112,788,314,Avi
99f8713b-5cfe-4700-b351-b9ab089f822b, 352,811,557,Avi
74957c3c-3a93-423f-9b76-d65dc49c9645, 696,889,938,Avi
1a8240d1-512b-44d4-a5cd-c40ab33c44f8, 398,771,905,Avi
7298d71c-fdac-4421-8afa-29d1e76a4ccb, 904,599,348,Avi
6e904280-4413-450f-bef1-006865abee46, 274,339,642,Avi
36e81b4e-244b-468a-97c9-fbdf1f5f81e0, 713,619,575,Avi
a08f90c3-499e-4ca7-8358-a6d073866c68, 537,517,303,Avi
45b77a91-4127-4337-8a37-657eeb734c99, 917,774,271,Avi
43e0473d-59ca-49b6-8f49-c1a87d6ab68f, 761,471,814,Avi
61be283b-de8e-487b-9d1e-390b3247f206, 736,150,893,Avi
66984150-aa0d-4598-9a26-8119bd53e1e8, 868,257,659,Avi
a2287ea6-742a-4fab-9013-838d8de02f26, 383,203,801,Avi
e846d6dd-abdf-466d-a0a2-682016ee5be9, 824,522,799,Avi
1487e236-1d34-4571-bf08-ad435118eb66, 573,170,493,Avi
d05e52e2-6d96-4c93-9d29-369aec8a4078, 598,373,124,Avi
4cd52ba7-92e3-48bc-8970-d5cb384bf957, 560,93,301,Avi
e7da96bd-d8c3-48e3-98be-2aa4ac0829cd, 375,483,288,Avi
30b464d6-81cb-4e98-9129-5f8f7ab4c450, 508,573,271,Avi
250dbc66-5178-4afe-8f6d-a9f9686f2662, 12,433,38,Avi
2c974f7c-ca5c-46c8-91c9-7625d1baef73, 287,934,418,Avi
7836970e-13b8-4bbf-a5b0-3e4bf97acdce, 124,661,622,Avi
3e27cc23-16d1-439f-9efe-3b5ed804a5f8, 13,37,342,Avi
ec62c346-4130-4eac-9218-75a1b9dfc185, 687,890,136,Avi
2e22dd57-92fb-42e2-b076-895fe35ead0c, 840,887,97,Avi
e87b0bdc-6e69-478c-ad35-7e41e34c8e49, 775,963,347,Avi
b0e61d98-4708-4eb0-a25e-7f643072d249, 808,320,401,Avi
2c8d3308-dbf5-4aa6-8fed-5a9a48f013b6, 147,201,379,Avi
e4b392dd-abf7-42da-897d-3c5327a92184, 513,361,666,Avi
a2790816-7331-4fdd-b1a1-f4dc82a0e66f, 605,361,682,Avi
88b1d6ac-fa2c-4d22-b4a4-7effe359ba98, 389,371,768,Avi
65bb9d08-3d57-4b75-8abb-c554c22ec630, 763,538,586,Avi
d4b63313-3858-48ac-ac34-704c12e7e9d0, 381,449,508,Avi
93f0d338-512f-4bb5-b56c-c624df2100aa, 869,585,336,Avi
b889b5cf-4339-41fb-b375-ef3d399df590, 780,872,201,Avi
fe9b39f4-2140-46bd-b12c-57bbb2ea86a9, 166,534,594,Avi
64f1b9e1-2c03-4f56-9095-34207be3017a, 192,731,609,Avi
39de5f8d-a81d-4a5f-8ebf-e11b1793067c, 923,202,114,Avi
289cf2a4-d40f-4207-874b-e5c744f6a2d9, 635,140,734,Avi
3523326d-d97e-48be-9a9d-8ba7543b71f5, 40,610,300,Avi
5fc17b05-76b9-46e2-a78a-7b04612458f2, 954,407,675,Avi
afdeb30d-70f7-450e-ad62-c4d9f61203f1, 659,299,519,Avi
8fa2cdba-e7c6-4cb4-b78a-d154b7bc9d49, 366,77,350,Avi
601146bf-2e87-42f8-bed3-e9097bdd006c, 509,395,514,Avi
3f6702f0-eed0-4990-a987-216a4ce8f42e, 838,938,733,Avi
5c2c377d-424c-484b-930e-11350a29f71b, 66,366,327,Avi
679625a1-fb6f-4a1e-814a-46634e0f7448, 178,348,826,Avi
3880e439-4178-4f0d-83f3-29e8a1dfdc50, 73,414,628,Avi
b4f35006-b0b7-4d5d-9227-d26ff2878482, 74,464,169,Avi
20665ee0-2040-4747-8c6a-7a9741b4343a, 655,129,398,Avi
8765b8be-fb11-479f-a963-faaad351385a, 851,341,838,Avi
d5428e03-a184-4af7-8230-69c32741bf06, 208,914,179,Avi
a2484a46-8cf3-44fe-861d-b07b565db2fb, 659,121,573,Avi
0ecb9ebd-80c3-4eed-8b7c-7e1fa521b256, 681,798,457,Avi
90a9710c-428d-4c0b-b6e0-8a2fc75deb88, 244,681,337,Avi
3b42be98-f41a-4b76-9e19-eda9814c2f30, 95,86,263,Avi
24151176-7bee-4504-b8f1-b3956b9a72b1, 379,570,772,Avi
898329c1-fa1c-489e-9a68-9789383ccd83, 407,860,262,Avi
b3382807-0f12-46f8-8e26-9eb834d83f08, 473,882,992,Avi
35c29416-83ef-4579-81b2-4422ad6d8c0b, 48,585,833,Avi
56eae31a-f971-408b-be41-13a0d1a094ed, 351,710,947,Avi
ee2a3025-b781-4c06-8d04-7f3f0f452819, 950,657,54,Avi
e3b4b115-1423-4138-92d3-e07835ae7e9f, 675,630,24,Avi
af69753a-381a-47f1-a89c-c342f064a06e, 555,405,246,Avi
f5a931c5-dfad-47c7-aa51-860f6661d52c, 752,496,549,Avi
eace8530-a081-462b-8c9d-279b68ead0bd, 369,827,731,Avi
e6af1c33-5b3c-48c8-88fb-a3815d3aae8f, 291,978,379,Avi
467d93a9-661c-4c2b-b075-37a877e7b3a9, 904,277,557,Avi
0620d7c7-da3a-45ef-9abf-d6138c11b4ef, 624,444,480,Avi
99f9e093-76a1-4126-a8eb-9576b17dc44f, 576,734,33,Avi
d0a627de-fac9-4fba-aec8-e64d133fe307, 186,612,535,Avi
3660c1bf-fded-4069-a367-10248619ac79, 739,330,88,Avi
1cc5f2d1-2fff-4565-ba61-b5c3f937009a, 509,292,24,Avi
e929df8b-853f-4ae6-b65b-58cfb7c9d27a, 284,418,454,Avi
63721c9a-d9ad-439c-97a0-b8291f6aed3f, 240,823,165,Avi
6ef1c18d-f5c4-4524-b752-34e684fe12ef, 527,653,365,Avi
f0d92dff-2cc4-4ff6-89c6-9031a14a54ec, 712,104,55,Avi
0d1166ba-c74e-4a1a-baa4-932361908a64, 261,755,606,Avi
3f463893-d956-4679-8da2-924010e6be6c, 454,446,434,Avi
102d4137-97d2-4dea-80d4-5aaf8ad6f4a5, 390,327,213,Avi
85bf29ca-66ed-4307-86b9-9774883dba8f, 573,100,895,Avi
e2f687df-32bd-4072-9145-e249ecf047bf, 990,369,791,Avi
03df24b0-7fa1-437b-bfca-0e734f41721e, 710,14,166,Avi
78b85516-73e5-4e79-91e3-3b0b57d0c466, 461,859,535,Avi
38e75250-c66a-4a7d-bfac-260fa941930d, 708,8,560,Avi
1a2d8709-5985-4cc5-ac4e-31e4147ecff4, 924,665,452,Avi
b0131295-550f-4fb9-9d45-b8184ed052d7, 392,98,790,Avi
8e9dfc0d-201c-4eda-8d0d-0cb786b1bd60, 115,863,630,Avi
a3006615-5470-40ec-8c93-74193521320c, 976,924,855,Avi
d760e551-709a-40d3-8be9-51a85d0f6faf, 927,285,883,Avi
f40c04df-8d5a-4416-a7e5-e71ec1a76edd, 653,119,964,Avi
6050893a-a909-4018-aa11-5daabd4ea9fd, 809,710,319,Avi
c22049f2-a5ba-42d0-b9ea-afa8332a037e, 557,248,454,Avi
c92f184d-9c1b-49f6-8501-eab28b01bf2a, 372,816,640,Avi
49bf7848-51e8-4872-a1f8-9c025f72ef82, 199,251,244,Avi
e701777b-fe4a-420a-b1bb-ba1faf13cd32, 518,552,748,Avi
61e9a7d0-bddd-45bb-aefd-cebe03c3bf7f, 47,529,779,Avi
52188848-36dd-4db6-bc76-a95a5ffc681f, 980,996,229,Avi
7d43048a-2cdf-4cdb-9762-ac5e41a17eff, 422,458,235,Avi
36b2e4dc-4f5c-460d-b642-0f199db7acab, 266,14,444,Avi
f9eaa33d-6ed4-4851-8259-62fd45412586, 935,781,728,Avi
3392f34a-06c8-4bdb-a644-15fb5faef16d, 282,806,740,Avi
ba265c93-e04d-46da-baa3-699e818b9b36, 570,897,296,Avi
45738440-72b3-4ae8-ac48-c806a3c5a566, 242,367,417,Avi
7d53cc70-b1c6-4ff9-973f-fb7a839e21d6, 997,20,280,Avi
798fa76c-a800-49c6-a08e-ab342a2f03ce, 151,915,612,Avi
beafb58b-bc35-43a0-ae38-21368922f0f9, 386,459,373,Avi
e9c7d868-a3dd-4059-87d6-fbbb9fba831f, 108,880,754,Avi
5bb9ca58-4926-4f1c-b864-59e86493dd09, 104,672,122,Avi
4b816483-1037-453b-b52a-34b85d5856b9, 735,388,253,Avi
900135bd-e341-468f-9dee-ad261140a2f2, 84,292,235,Avi
d45d5713-2028-4543-8087-f26e6e564b2d, 11,436,35,Avi
5264a21f-b464-4835-8a89-25b86d5ac226, 911,916,443,Avi
45449504-5f69-4b97-8a7d-5114731859af, 503,947,653,Avi
6fdbf503-a34e-4be0-98e3-2fcd8b34ee2e, 453,804,162,Avi
e65e87aa-e2be-4388-96e6-ee6bf6621494, 363,982,976,Avi
0e818dca-ea53-4b92-9aa0-4aa55e7381c5, 948,272,542,Avi
fbf4f618-4f15-4944-bde9-62bde124c453, 622,878,554,Avi
328f5c32-c356-4551-9f89-ac3a21c4506a, 71,827,900,Avi
8f62ed92-fecf-4a92-bdf9-f95d025ae2e8, 972,178,135,Avi
31925874-e652-4f12-90c2-7180fc134823, 618,833,510,Avi
3dc90dd5-1b50-4443-92e6-68d469a6aed4, 44,158,76,Avi
808b307f-2940-4064-9f20-6c023b1d9b32, 183,986,583,Avi
7356573b-2166-472a-b256-eff1d0180f3c, 245,239,997,Avi
786e0721-a1b9-4232-a715-1ccfd75324fd, 169,882,510,Avi
8b28ee50-cae7-4c53-80ba-4762b28c88eb, 718,654,77,Avi
08cc3230-1594-4e77-90ce-6872bf4b0231, 593,739,689,Avi
763ce7e3-ad47-4fc1-aea3-eace3fdf500f, 144,786,116,Avi
a6f5a083-2bad-481b-8839-22cbd9366a2f, 709,460,412,Avi
c0601a82-35c9-40cc-8f38-e5882bc1e801, 679,938,608,Avi
82813908-8cfe-4549-8105-2f798cfbe6d6, 134,937,738,Avi
b07b7eae-6c04-4c92-8e50-1ab97fcc1e07, 309,883,115,Avi
faa416f7-5790-4ce9-b412-54230fa8e91e, 144,409,646,Avi
8e05722c-4e33-4a23-b41a-34a948485152, 87,181,994,Avi
505bc84c-7122-411f-8a10-766c8f73c581, 394,704,34,Avi
ffe2acb3-7693-4188-91c1-096e0dc2cbef, 543,453,995,Avi
cba23620-358f-4ffe-805d-958edcc89f4d, 44,352,174,Avi
83f84b61-3a12-40ff-b95c-b5fa3be84a04, 823,380,437,Avi
c1226f04-d121-40a5-a4d8-450d1e0ebd41, 445,474,48,Avi
22a33b0e-73ea-44f2-9543-b955e507c68b, 394,333,696,Avi
18c39d5f-ffa1-4f6a-8871-952d5b481fb7, 663,502,48,Avi
fb709e3b-a912-4c70-ad65-c0cb5791d223, 973,111,300,Avi
9dcbbbb3-9a2c-403e-a483-070c63a9628d, 260,859,997,Avi
28a88ab8-2276-4a68-ae66-f6bb65a45a5e, 396,575,245,Avi
643cc1ff-6dc0-4297-a9b0-2adf837bb804, 429,506,559,Avi
8355f720-53f1-4fcb-afb6-6a7e9f3f7776, 693,749,83,Avi
bb1aa1d6-f77c-410a-8de0-3c3c283cfd41, 82,167,8,Avi
b977d192-a2a5-4d43-a6b5-0ef1310e678f, 415,636,587,Avi
78be3d0b-b558-425c-8297-b95568d3b31c, 434,310,558,Avi
71f1cf06-0087-4614-9a05-ca98ef935f92, 301,862,409,Avi
df08f295-2459-4d32-8e80-09425c90b95c, 67,748,77,Avi
ebfdd86e-c05e-4933-bd0f-6c4f84935612, 948,423,678,Avi
a37aab74-4e1d-4f76-aed5-aea841580cd7, 947,419,593,Avi
1d65a355-d677-45ee-b4fb-0663a59cc536, 733,284,593,Avi
793db94e-bed3-4a9b-8d9b-bc319b276259, 996,647,776,Avi
937336b7-b1a4-4b45-8349-88e5fee37469, 927,394,872,Avi
24df62db-d3bf-4d7a-8aec-3d291cb2527b, 877,751,724,Avi
0c653193-0f97-4602-829e-b1a0b66e70c4, 964,313,166,Avi
5770d1e5-35bb-4d67-9a4e-78d977ff8455, 689,248,865,Avi
60400b3c-ed9f-41fc-99e5-0d0d292edc3c, 460,540,800,Avi
07303e58-f0ae-42dd-98ed-d69395e0ccad, 740,957,995,Avi
fcd0f5d3-da21-4242-86e7-e705ef53124e, 588,329,825,Avi
a4209769-1e37-4192-8bde-a2516667ade3, 169,480,84,Avi
4be06506-0035-407f-b33c-4358e4d06025, 879,745,330,Avi
