cfae30e2-5e95-425a-bb36-b216425b657c, 129,66,641,Moshe
893faf6d-8768-41e8-9f71-f0b84dbb4b31, 640,830,601,Moshe
53e9a557-9d54-4706-887c-72f493cf30a9, 605,794,686,Moshe
871a9303-9df4-425c-8453-ba30b8447f3c, 216,412,415,Moshe
10ffb984-f536-4b60-b183-fbad731a424a, 755,678,967,Moshe
2b5fc66d-4d20-48ba-867a-53e4cc13c361, 685,460,833,Moshe
988a6e5d-91fb-4b75-8f0e-e0a9ab9d46de, 785,96,719,Moshe
4a7d0566-33dc-4494-9c9b-565a14304e52, 230,427,965,Moshe
0f8e4a25-5ae4-44cd-9aef-c9450527b236, 645,489,502,Moshe
52c706d8-a3a9-4a4c-9c6c-7f76c4aec2b8, 619,145,31,Moshe
25a1fc6b-ffa2-4006-8519-8cb063757e3b, 15,397,889,Moshe
d1f9131f-fc64-44bc-8fb8-5d95bdf388c4, 670,797,23,Moshe
c56bf0e3-b4de-4ed5-b038-44d26c858dbd, 480,402,594,Moshe
0b6fc0df-5aed-4f5b-9be1-c4ab8878d81f, 38,375,689,Moshe
9a5981df-3956-42db-947a-d80e6f0bd80a, 856,866,84,Moshe
f475a13e-b7bd-43a9-8685-50f596b7c7df, 295,673,687,Moshe
0e4cc0bf-2bf9-47fa-82d1-ff41fa06eccc, 321,886,117,Moshe
64f3f7c1-2c18-4894-9d25-487ec41b5b76, 792,712,47,Moshe
f8037c35-2b8d-4af2-a57a-01e6068d85dc, 458,898,638,Moshe
960ddea0-977b-4332-8c7c-eee4b93a7663, 674,993,342,Moshe
e1235fac-df87-4cfa-af74-d393405dc556, 99,985,650,Moshe
cd792f2f-34ec-4938-9262-dbb23365f18b, 655,201,16,Moshe
a25f3dad-373c-47d6-aba4-0615d98b4bbb, 525,86,880,Moshe
2ce390be-dbb5-48ed-9726-bcf1c4d1518c, 945,205,58,Moshe
3dfa2b43-a00a-4a77-9ca9-fc97f865e6f6, 239,747,720,Moshe
673a2111-921e-426d-ab3f-5c92fc6e1c76, 31,372,560,Moshe
ff11afe6-63df-45bd-ab06-9a77742b77c7, 882,351,814,Moshe
24a2427f-8ea0-457a-842a-ccbc704e197c, 814,298,258,Moshe
1be52658-f366-4af8-8055-a3c073b9472d, 913,221,684,Moshe
44556847-5b00-4e23-9ffd-2747aa1d5684, 843,212,897,Moshe
6c09ff95-d011-4aa7-b43e-b1e6c0114de5, 384,804,407,Moshe
66fb367f-f33a-4c33-a494-7f0a4da5a174, 252,938,389,Moshe
9a377ac6-1eb9-4f36-9f21-8cff9d4c8487, 39,202,665,Moshe
b55c451b-8450-4a68-b8e7-ad8da3fe67cf, 68,768,588,Moshe
5ee391f8-203b-4c8f-a74f-d691340ff836, 806,375,681,Moshe
2806d82c-2bb8-4f3b-a16c-f69d5a420e8c, 59,554,963,Moshe
3a9529ee-0273-4b8c-935c-9447a2dd7d95, 326,428,527,Moshe
ca6b6d56-dfc8-48b3-8505-28df940033a5, 78,791,643,Moshe
1734f74f-6fbd-40cd-a352-1aa8416587db, 527,284,687,Moshe
ab915de5-0561-4f47-a585-7f203f092189, 393,740,978,Moshe
3503e162-9471-49bf-bacc-af3c117c4d18, 331,681,872,Moshe
ada27306-8d05-43b2-ae00-039fc66f0ae2, 981,562,400,Moshe
7ee2f94e-6939-4141-ac3e-3da95c630ad2, 649,986,808,Moshe
4dd6c3ff-c959-4d5d-a21f-b7a007d59f50, 332,990,171,Moshe
82d06e53-82b2-4dd6-8454-9f3e39e0f17d, 893,814,581,Moshe
7eecddbd-4af7-41b7-965f-763bcc709dbd, 227,8,922,Moshe
a0503261-ffda-4ece-89fe-e406642b122b, 575,854,666,Moshe
15d9e05e-116c-43ff-9a72-f1bfd180349b, 719,517,783,Moshe
c5b21598-c9d4-47c4-aaeb-f1b049ab5371, 371,306,13,Moshe
c7923da8-3367-4def-8697-de9390b4cff5, 763,724,655,Moshe
8300bdf3-5e6c-4c83-b533-1232d2eb38f6, 700,645,460,Moshe
9aca3bb0-2481-47ff-a354-07631c1777d2, 686,736,88,Moshe
6ca6f6c2-e33c-468e-b3dd-04f3a8a9f998, 714,824,811,Moshe
e86010d7-25f2-4105-be1b-918ae11bea37, 282,408,566,Moshe
e3e6611c-fc2e-492e-ab37-5518ea71f1f0, 156,993,436,Moshe
770d91e1-87b8-46fc-9f54-e2d827892731, 356,183,976,Moshe
18349750-b2c9-4784-90b6-180c1c802e2e, 63,300,276,Moshe
6128b274-7411-4bfe-b998-2de3babb3d96, 764,816,884,Moshe
796ae661-2f93-4cc5-baba-48f6a7c0e00b, 312,610,164,Moshe
26dc04c5-a26a-42b0-9690-4f57f75cd04b, 90,610,256,Moshe
c75302e0-716b-4085-bbdb-50e364664cc6, 387,885,262,Moshe
8891f40d-6836-473d-9661-5a9138681cf8, 154,630,346,Moshe
7a4f2708-8cfa-4948-a7b7-022c6a917bc4, 710,208,78,Moshe
4966ba80-6fb5-464a-9bca-25906491799c, 493,511,183,Moshe
c17593db-c877-4fdb-ba89-2faf2e7d4250, 112,294,447,Moshe
2f9e83e4-4423-49db-889a-22d3575e7fab, 100,564,523,Moshe
b8a0244b-e11d-4639-addc-b56d50860db4, 347,16,123,Moshe
12681201-9ac8-4c43-a8fd-68c0e149d2f7, 36,700,425,Moshe
21cf8141-9449-44b8-af32-5b0257a8fcfb, 379,935,827,Moshe
f0d4c168-8e8a-4849-af00-155e4e84cc50, 574,374,127,Moshe
9d0bf509-3d45-49d9-af5b-e56c3de9937d, 923,625,214,Moshe
0f5dd288-451e-4cfd-a283-c298ccf4ce5c, 555,893,521,Moshe
a819c36a-573e-4a1a-a009-b6064aafbfb0, 305,3,363,Moshe
5bd662c8-cc73-4130-b70d-569b7147f8eb, 90,645,974,Moshe
38370aa6-61b1-459b-9813-b8820e21124c, 899,568,787,Moshe
d25ea4c0-a111-414b-a9e4-1ab7e79c264e, 94,652,523,Moshe
042c7b7e-29a4-42e9-ac2d-2df448ff027f, 438,213,47,Moshe
636e6015-5192-49bb-bc10-c931b8f7fa87, 640,741,595,Moshe
900ae60e-5838-4080-8741-62bacbc7236f, 133,352,185,Moshe
2080a610-8d69-4851-9379-b52dc8947716, 836,773,694,Moshe
7fd24525-e830-453c-90f1-3af4ae1e0e7a, 518,136,832,Moshe
50d95aaf-890a-4577-a9c6-6c9983a6d4a6, 950,569,885,Moshe
7d44586d-a401-4e59-aabe-b1ae2e1714de, 967,555,400,Moshe
7555686b-5748-4e1e-b1e5-8337a3e4e109, 924,794,561,Moshe
e1622da3-692f-4a03-be23-764f759cf65a, 160,257,369,Moshe
3961580b-f0ee-4fa8-b7fe-5eef1c3b78b6, 148,135,133,Moshe
3f1d4260-2c6b-406a-bd4b-d8fd872a3169, 636,285,283,Moshe
09b31862-7d87-4d0e-ad0d-b20b00969924, 305,136,162,Moshe
06c499db-95b7-471c-8f6b-1aead998bf51, 80,283,883,Moshe
7bb57ea8-7215-4305-b182-cb32c1dbf5b7, 618,423,542,Moshe
dbf4e81e-6e31-4bc4-9d77-972b8a8cf48b, 337,468,228,Moshe
8c75a82a-c572-4ec1-944c-680fc7173ea6, 668,571,509,Moshe
cf3bb5a4-7a99-4819-ba88-1a11e2ccd9a9, 142,947,998,Moshe
4589ee4a-4470-4afe-b59d-505a862442f7, 901,126,98,Moshe
19481a63-ec97-48cb-98c2-3aa59662fb4a, 123,513,417,Moshe
c94c4326-a13b-452e-81b7-dd8288aa175f, 484,481,484,Moshe
afcbc07a-847c-4d8d-ae3f-0650da9521c1, 226,984,217,Moshe
2a4efaff-9250-4171-8618-69341de55456, 53,201,489,Moshe
a3539da6-7a13-4ae6-a244-591ef6ebfd1c, 412,214,998,Moshe
36fcf32b-3975-4ed8-b9c6-ac3d7ce918f9, 671,871,286,Moshe
9686f27e-b158-40a4-9251-8efcb2503172, 2,350,133,Moshe
f50f4ade-5c9c-4bf4-a629-1ca511ca7f68, 857,588,327,Moshe
71d0743d-8a9f-4fe8-9da9-5ae6e6d663f3, 334,491,685,Moshe
f3dd2fbf-dbac-446d-b6a1-e340b0dbb94e, 858,7,186,Moshe
9ff4303f-a748-49fe-a8f2-796c48db73db, 133,733,160,Moshe
609796e8-3996-415a-88cb-ec3616af1169, 185,182,622,Moshe
87089490-3c1a-42b5-a512-28270ec1a7d1, 743,594,801,Moshe
6a3e7d47-283b-4fdc-86af-c004bd155396, 399,392,437,Moshe
9cc8eb08-24f3-4893-8a79-ba8bc47c9ba4, 325,284,267,Moshe
a1b10967-1c3d-424a-9a43-58d26e57409d, 737,256,357,Moshe
af30c5b1-62af-495a-a26b-a898c9e4b2f5, 509,469,77,Moshe
8db20320-2080-4933-868a-2f31e09e2e73, 712,899,775,Moshe
9dd71e76-5579-4d79-a33d-65473e1ece5a, 964,265,923,Moshe
50bb548d-864e-4e1a-9626-ac378a3bdbbc, 91,151,988,Moshe
d46b2969-9faa-44c6-94ad-fc4a799a509c, 797,367,978,Moshe
1319f29f-84ec-48c6-a871-eb15bec532b7, 32,919,466,Moshe
36f2f5c0-2b65-4d47-972d-c36352d7cd9f, 330,228,33,Moshe
404ab7bf-594e-4e45-ba39-686b69d1140f, 377,927,277,Moshe
8d9bfe57-8c49-4fb8-bf20-18a2a04700fc, 484,602,957,Moshe
4d58843c-06e4-49a1-897e-d41922cfcf9a, 694,532,304,Moshe
f6eacf9b-c383-40e9-8553-4e59a31197e5, 60,595,235,Moshe
afeb22e3-121b-4cf5-b4c5-c959794a4dde, 328,350,536,Moshe
49f6fe95-0b1f-4755-997e-062bc14fb121, 109,419,833,Moshe
076db2eb-0d83-4810-83be-cc7c0e936171, 384,219,915,Moshe
73562fb6-e9d7-4b30-b720-d254643c5ed4, 698,652,444,Moshe
108f0cab-b15d-4eec-96ea-85657ff6f5dc, 811,601,25,Moshe
fe3b24ee-b53a-40c2-beae-a09fe3548588, 458,294,364,Moshe
5771f12a-a49c-4346-9222-53f4301df25a, 800,408,29,Moshe
84796a28-9c32-437a-b1ff-dbc9b611d19e, 325,133,541,Moshe
1332f178-757d-45b2-93d2-c1711f34bc93, 799,229,298,Moshe
69afad82-4e52-4a2d-9ae4-469f75da0ef9, 817,271,731,Moshe
e9019eed-b4c5-4721-8d78-33e6b220a938, 619,32,554,Moshe
b78b29a8-e432-448c-96b6-b3f75fd25b8a, 753,469,18,Moshe
798bd0b0-99d1-4c58-80eb-5d2fab6c77d8, 442,921,500,Moshe
7cd2092e-7fdb-4e82-8018-1fc9d1bd6db5, 632,944,9,Moshe
7889bbda-0a0b-401b-ad46-c969c6750cf9, 116,678,276,Moshe
0f52077a-3541-42ee-92c7-4f0ee697c71f, 831,671,1,Moshe
fcebb150-d11a-4789-ba30-51c7a68d3262, 932,236,239,Moshe
9d803237-f3ee-40ee-ae75-4498790a597b, 939,258,187,Moshe
24716304-fb1d-4430-96bb-d26cd066483c, 207,4,217,Moshe
fdab7fb3-af02-4983-a7e2-ac5b8d83d1f6, 993,309,191,Moshe
19ebd295-5a93-4751-ada4-c30088b3fb0d, 535,566,947,Moshe
f05991b4-0055-4d73-b550-92bb9917577c, 185,79,621,Moshe
470e2bad-e70d-496f-9144-3033eb0068df, 889,59,132,Moshe
35dfaf3b-60e0-4454-99d1-15ecd3353826, 8,17,372,Moshe
f6db48bd-13e7-4048-945a-32aaa75792e8, 863,169,462,Moshe
9193dd7b-01b3-4636-89d3-cd5bcf23b7dd, 21,210,454,Moshe
49ae8492-0294-4122-b950-787f98496756, 266,966,557,Moshe
585d44bb-545d-4efc-856c-179311e5fadf, 297,884,35,Moshe
388af448-9d71-417c-91ad-2a21d8faf3a5, 493,679,772,Moshe
c5cf5ded-c39d-420a-aadf-9e4fed5c6926, 367,547,466,Moshe
6296b33a-de99-4002-b654-e7b79516953b, 799,447,612,Moshe
6c6194b8-6534-47d4-9ff8-2bae4379ce97, 309,97,379,Moshe
1f8c3d6d-5c0d-4047-89df-d40c62757d6b, 60,930,599,Moshe
7f9239b2-12a8-4104-bca8-9e41fa8895ba, 654,941,613,Moshe
959db863-cc30-4ccb-87d7-b0e5fb116e46, 868,924,220,Moshe
1f69c8fb-ddca-4af5-80c9-d5b49569e0e1, 866,77,90,Moshe
2ef9d0a0-94ea-4a39-82b7-e55d12915d1c, 723,186,792,Moshe
1044dfa5-c69e-4fa3-88e5-f4adb7cc384d, 762,728,341,Moshe
c138c4b9-4a55-43cd-8140-1cfa5978aae0, 632,239,681,Moshe
a14ef68d-4715-474d-9bd0-482fac045670, 912,690,399,Moshe
adc2a106-1d87-4a3d-b774-26dc6102e23b, 847,522,510,Moshe
2b9f786b-a041-4ee5-bd4d-6d60849fc1d9, 664,208,568,Moshe
fe06fa58-d168-40a3-b707-0f50b782dc6b, 758,554,73,Moshe
3fd696dc-6d7b-4713-8bb3-5ca4e5707f8d, 84,959,279,Moshe
1116996d-7d64-4176-a4ba-423cba6af332, 853,611,26,Moshe
6fd8287b-5c49-4591-8931-930813c32789, 943,427,958,Moshe
a894cb35-509f-4503-81e3-bf5bc638756c, 814,625,603,Moshe
b1289f4f-cb84-454a-b312-8f9100de5a97, 683,642,361,Moshe
1f4206e1-b2dc-4fc1-947c-a218160e4b30, 672,38,718,Moshe
b8cc3f87-4bc2-41d0-81ae-9f90cfc495f4, 272,676,856,Moshe
4b55124e-3daf-4832-a064-13c5eeada22f, 697,146,240,Moshe
817bd7a1-fa9d-42bc-ad15-be897bce43f7, 201,805,419,Moshe
e445aadb-6421-479d-b50d-905902a4cab4, 103,204,717,Moshe
48563efd-96ed-4f1a-b03a-ea4bfbbcde9a, 651,109,521,Moshe
27b7a986-fc75-4367-afb1-6ec58474deb2, 18,640,225,Moshe
5f9d7ccd-1658-4cd3-bcd6-2859edfeb3d3, 514,907,118,Moshe
01528f90-4724-4813-978e-045644bba06d, 316,687,810,Moshe
07d942f8-03c0-4c7a-9f8a-b6badf49670c, 721,99,66,Moshe
21dc246d-8cbf-4ddb-8e39-574ccebc920b, 795,165,879,Moshe
a6c60594-d6f5-4a26-a06d-62147520d21c, 150,990,170,Moshe
7599f930-f015-43c9-be9f-7ce1a610293b, 849,487,877,Moshe
7fed46df-830e-4bb9-be8f-556cc32f7378, 215,385,814,Moshe
e677b0a3-e939-406a-a84a-492b4d769664, 39,652,804,Moshe
99c79a0b-8562-4042-bda5-cd3d62380c9e, 605,841,224,Moshe
ee22c624-a18d-4150-948f-5b05a1075ec1, 242,164,517,Moshe
965c5b60-1db9-452c-b931-5a6f20b3b7c1, 82,666,2,Moshe
eb8de3c6-d758-41e9-94f8-2dfd57b5cc06, 136,159,129,Moshe
4653002b-e434-49cb-9f73-5fc1213a2df9, 600,955,987,Moshe
7ee8c908-51eb-4eeb-8b25-0015a2a50337, 47,975,48,Moshe
d281854b-faa0-4d6f-bd9d-f1f87da15202, 175,405,641,Moshe
12db1251-4b7a-4d34-a006-81567e79def5, 539,952,212,Moshe
d42745a1-df51-4c8f-ac66-e48c8dc37fcc, 547,801,620,Moshe
327e4282-95ad-44b0-82ad-b58cc7ed2e86, 643,801,256,Moshe
4d886899-f53c-40b6-b8e5-b33c1f18346d, 410,475,256,Moshe
529c365d-9537-408a-82a1-5399fe6258da, 312,709,845,Moshe
bb8a5550-eaac-4ec5-9e71-effd15a06915, 587,479,934,Moshe
96917f05-14fc-41a8-b774-2be7342a9883, 547,713,498,Moshe
106127e4-73ec-4ba7-b3ec-c990125128d2, 877,14,832,Moshe
6e120c13-21d6-4c9c-8e9e-a970a965bfc8, 42,249,531,Moshe
213e7ed0-027c-4c79-85ee-c80d5955d724, 888,169,408,Moshe
b7d797f7-338f-451c-bc45-32ac83e9a7d8, 767,863,247,Moshe
17f627b2-3718-4a28-8c64-668ab584be81, 164,67,887,Moshe
52ade594-6048-4626-a5c6-51ed0493bcad, 12,694,361,Moshe
9bceb2b1-26d0-455b-b659-285c46735e35, 895,437,863,Moshe
85202cbd-7187-4e70-8b40-bcbfb4054b7e, 745,724,682,Moshe
cb8b712b-c603-40fa-bcad-fbd684634245, 872,288,246,Moshe
862185c4-f84e-4493-8af5-85df5739d78e, 142,458,497,Moshe
706aba71-6a51-459b-bebf-a6e0d78a6e67, 112,626,690,Moshe
ff460ca6-c175-4c55-aea4-12043eb593eb, 144,660,938,Moshe
f5851c44-46b1-4b56-9302-177661bb0008, 379,506,552,Moshe
434123cd-ce4f-4b87-8272-ce41836fb7af, 90,753,632,Moshe
04c60959-ed6c-42a6-b965-3a7d09c4a388, 846,642,610,Moshe
2adad993-81e0-4e93-836a-e2bee014683e, 9,149,643,Moshe
240080cd-e738-4a7c-80f4-d127f09cb137, 956,575,783,Moshe
9d99c961-b079-4e2e-aaac-c153bc71fe33, 573,650,277,Moshe
6641a863-5dd4-43c1-abe3-5614d6bc78d8, 633,133,288,Moshe
5db02ba6-fcce-4887-933d-81b450643499, 150,168,959,Moshe
d4d65ada-61de-4c95-8ebd-3a477cdf00bf, 285,747,709,Moshe
df63fe30-8c86-4140-a9a3-b217f5dac8e7, 910,655,238,Moshe
6dc3b7de-b8a9-4398-95d8-97998d798398, 555,21,405,Moshe
b3448511-1bb7-47d0-8890-2de8d39e032e, 948,632,189,Moshe
29a19cf4-708b-4dc6-a302-08d2353fdff3, 807,805,682,Moshe
bf812e26-1b81-45f0-a032-2c1eeb84b69f, 231,897,83,Moshe
1d9ee891-cfe9-46cb-9bb2-ae0538d4c63b, 72,864,140,Moshe
0334d02b-721a-460a-a8d0-3a4fb9276ce5, 602,184,882,Moshe
088bb967-2839-447e-9e04-f0051400e9ab, 712,538,974,Moshe
4c44a6d6-6150-4a3f-b2fb-f202c9fd57b1, 414,509,528,Moshe
b403bb13-e009-4d8a-8475-c86a8b1a88c7, 651,229,338,Moshe
1c491a21-dd8f-44c0-b182-007542898262, 592,804,7,Moshe
87fd7919-a62c-4480-b5e5-62f11c95dbce, 922,935,985,Moshe
d6177d96-8e50-4d57-ae3c-075b89078b3e, 373,452,129,Moshe
6e9f49a5-c637-4dd5-add5-8f2f8b7abe7c, 238,9,942,Moshe
704d0f57-16e0-4926-a94e-eae4cca0020b, 595,764,843,Moshe
57b74037-3acb-4b5f-a00c-0dc3fddf560b, 593,402,235,Moshe
fe33b915-c119-4719-8385-097314d990e0, 205,78,302,Moshe
3d29bd26-4504-4438-8b61-303940e35996, 820,681,563,Moshe
3558b089-87e1-4a3b-ad57-123ce539a826, 826,199,118,Moshe
18d6ce50-3d35-439b-97ed-43de24b60a8f, 262,142,510,Moshe
62035d52-b4cb-411f-926c-e7318bbdd993, 875,298,404,Moshe
cdf9ca52-f193-4fd9-888d-cad1d0f0bcb9, 849,216,2,Moshe
5a010374-a087-4c05-90e7-f8b3d34bc4a7, 676,308,961,Moshe
74695dd6-846f-496c-b7d0-2e2e18f5953f, 96,698,413,Moshe
dc7ff107-a25b-49ca-9b6d-e331e0509521, 11,364,176,Moshe
3f621842-d735-4f14-8122-30e41fb8a456, 938,117,772,Moshe
50eb694a-a702-4a02-9b2a-8efc79795f52, 131,820,107,Moshe
15774443-d88c-4363-b1e1-d50e6490626e, 294,446,151,Moshe
632a0855-4a1d-4b39-93c8-81609654e281, 37,770,123,Moshe
37ac87df-3d70-4870-b166-13a84266eeff, 443,96,736,Moshe
f465b3a4-fb0e-436d-b603-f5047966e7ee, 868,111,311,Moshe
509062af-6b41-4f48-8b24-661eb6564460, 617,362,710,Moshe
96b9abff-6798-4f0a-b7ea-0eedb79c4888, 539,745,548,Moshe
55ba03d6-d57f-438d-995c-6d22d3819f09, 842,916,94,Moshe
b00d87ba-09e9-4c83-b44b-749c5ad1cc70, 273,110,379,Moshe
02fb8fc8-3fb2-481e-b2c7-810ece8d1e4e, 888,809,318,Moshe
5dd3e117-c006-428e-b269-dd872695c586, 388,887,82,Moshe
eb744872-7e45-4cfc-b339-76026502ef3f, 344,132,320,Moshe
e55f2ed0-bacc-4e4a-a8a3-ac820b92a7c9, 403,582,851,Moshe
ec4b2171-1f96-4cae-bd2f-5646a820c481, 253,813,444,Moshe
ec11e38c-a7b6-4528-b3e0-7830ff5c37e4, 877,234,213,Moshe
ccfa4fa7-958d-4115-8698-52d776d6ccb7, 225,227,587,Moshe
238fa2a3-4d61-45c1-941b-4a0d1077e178, 103,393,3,Moshe
4e9614b8-13d2-4b9e-9e45-ee5e16a7bd00, 464,400,371,Moshe
92d546ce-6480-41d4-bd1a-add340a1d52c, 225,288,903,Moshe
a066ea48-4b02-439f-936f-fe94165b51f3, 13,21,337,Moshe
86d3b8ec-f9fd-475e-8c73-9264af712ac2, 770,147,960,Moshe
5685e9a0-cdb0-4112-9f4d-bd71cded71c8, 804,55,208,Moshe
8cdd2aa4-1bf8-4365-8ff4-d1b8c764ca70, 654,525,978,Moshe
3dcb7024-3a52-4534-bdee-8e4a448954c1, 989,214,778,Moshe
d6de0aab-857c-4e23-87b4-8e7c59ce03b4, 858,286,931,Moshe
b05f87cb-8c27-4f8f-8915-b4a530e8ce4b, 104,963,683,Moshe
21e6bc1a-6aae-4865-a3e6-12cc75843f97, 880,48,881,Moshe
8928e7e4-4cb0-4666-a2be-ae54a701be68, 791,785,416,Moshe
38ed1bfc-6360-451d-a3e4-b23d76964c8a, 315,922,487,Moshe
656dd24e-0b32-4dc9-bb26-b05d63e4b0cc, 710,120,843,Moshe
e63b2e4f-84c1-4f2e-93e5-f6c22f1f6f3a, 415,391,561,Moshe
9e79ecbf-e743-4111-b2b0-68bfbcb5f995, 515,482,666,Moshe
e1904d5b-7383-42b3-8465-6487db9599c1, 483,74,179,Moshe
7c1797bd-d2c7-459e-bdf6-16ec0b6cf2d9, 6,569,701,Moshe
196c7ec7-27c8-45c1-9f70-bba278d1ea70, 607,112,180,Moshe
5a77dcc8-2e04-4fee-bdfa-653b81de8822, 224,605,115,Moshe
29d4a3d2-657d-45c9-a72a-3138e619275a, 438,121,323,Moshe
e1615c79-a4ff-4d21-8fd5-03f16d9d3454, 221,132,972,Moshe
1e491002-9977-4a90-9c3f-6fc792d3466d, 454,978,361,Moshe
003fbced-4842-4de3-963d-076b79d89729, 544,489,132,Moshe
d7f891cb-0f78-4e53-95e9-8ac75b901d32, 719,942,405,Moshe
7cf9ec97-54e4-4e09-9ffc-f609a09c5fe9, 136,575,822,Moshe
93bd9cf0-2bbe-4d94-a312-0ca26bf8cd78, 217,344,803,Moshe
d8374d8d-1fde-4b37-ae39-e6a043f1a086, 266,620,889,Moshe
697fe0af-03d8-4bdb-a1c5-c7f89d49bc5f, 504,875,478,Moshe
a25f8384-c16e-463e-ae68-12f5c623734d, 181,185,674,Moshe
6f7cf912-6845-4ca4-b98c-fa1a67da17cd, 237,92,318,Moshe
32611162-8e35-42d6-8f05-22474a04cdcd, 373,272,998,Moshe
769f32dd-b7e6-49a4-93c2-6f1b6c40599f, 520,194,259,Moshe
675f80f5-9433-4980-ab83-55b80c30f0d6, 588,61,503,Moshe
965aec48-3803-460a-802c-50f8a0bd8fd0, 306,938,584,Moshe
cd701b0b-7be4-4e0e-a218-fbc45ae686bb, 48,285,625,Moshe
50330c5b-8a63-47b3-98a1-e1065e4d1436, 296,471,536,Moshe
02b17e78-b9fa-4d66-89a8-6209ac39184c, 356,7,262,Moshe
c9da0eea-7978-4b75-be0c-043de83b74ff, 310,173,499,Moshe
83266c34-b5e6-404b-b1d8-e0e709773554, 432,715,255,Moshe
5008558e-6afc-4bdd-84d3-d2df3cf1b7cd, 494,273,794,Moshe
34256808-433b-42d3-9548-417fc74fbb13, 685,307,397,Moshe
5c4efdc1-e90b-4092-9860-649356bdfc35, 812,347,671,Moshe
e3c5fdfc-5a66-4e75-bc78-d33ea48bc768, 406,615,381,Moshe
33faf0fb-945d-43f8-b5ba-f9aef9bb3e46, 563,627,283,Moshe
2ae7488d-b78f-4491-9016-e5908d396677, 301,958,681,Moshe
1de8ef6f-41f2-4b48-897d-f0a51effda6f, 306,457,591,Moshe
dfd50a8d-6695-45a7-a930-61d6f69f9e36, 851,884,712,Moshe
d53713d1-4b51-42b0-8472-0b7e6b4a2694, 138,880,86,Moshe
fb536c48-b3a2-492a-ab96-a503bb84ca33, 56,63,100,Moshe
67d3c850-7d2f-4a00-a7cf-33af2d22c277, 499,89,478,Moshe
d23c2cfb-46ed-44ad-afc5-0eca2a0fc8ce, 5,95,786,Moshe
0fa5dd6f-78f7-44ef-8289-91b04b098a1e, 707,619,631,Moshe
56e017ac-4c6f-4290-9a34-3c0d506c1390, 187,234,937,Moshe
00b1c09e-32ca-48d2-984b-e8ef6c51c503, 953,888,855,Moshe
3a5dd5bd-5848-40ce-b25b-f2352940b6bc, 156,792,378,Moshe
959597d5-9717-496e-9628-0bffdee5b439, 978,10,214,Moshe
2615463d-b6fc-4c89-b557-33d67478cbb9, 817,127,259,Moshe
6a04fdcb-0f52-4020-ae0c-21e24be4a97b, 663,641,388,Moshe
c24010d7-4dd3-49b6-be69-a41bf7711985, 82,548,426,Moshe
b3d417a2-c54a-470c-ad77-7c538075e1fd, 312,757,284,Moshe
4a6dce11-cd5a-42b2-95fc-d0407c467101, 571,906,527,Moshe
3f58d459-3c4f-429e-a24b-220c830be9d8, 901,558,533,Moshe
10044113-70cd-4ece-8ab5-16ffed85440a, 495,592,340,Moshe
e7330cb6-549d-4791-b815-730f7a974c1a, 50,119,224,Moshe
d7b377c8-931e-41e5-8b29-15df48001b8a, 653,897,994,Moshe
e5ef856e-7623-4ca1-8b19-e806d2153778, 856,981,88,Moshe
1b8810e4-01f2-4843-b0c9-9431d2392b54, 706,77,53,Moshe
d155023d-6a25-4520-855c-1a9aad74c9e7, 885,680,961,Moshe
dd401a26-64da-4251-ab77-a6ea3416fcf2, 219,341,452,Moshe
078074ec-b5d2-4b0b-af07-ff962895be1f, 399,626,72,Moshe
a8a3ee11-a23c-49fc-8fc7-cc1d15b137e6, 205,874,475,Moshe
b86d303d-2c2e-4917-bf32-d81f1fc6acb0, 653,382,981,Moshe
589531cb-f63f-418b-8cf3-2c42f4262880, 329,253,234,Moshe
b85c34ee-2bc7-4c3b-9d81-e3d8b6307bc8, 844,483,417,Moshe
271c1322-2dd2-4056-8ff0-8a570b99000f, 872,768,8,Moshe
d364e019-8855-49ff-8a61-1b2718d76373, 35,11,743,Moshe
fe736dd8-0244-4250-ad63-c266e2c21096, 393,225,565,Moshe
a8004432-2a4b-4f23-8c22-88eef1f91657, 338,605,681,Moshe
1b87935e-1570-41c4-bbda-b2648b929f42, 231,685,226,Moshe
e76c0569-0fb9-4d63-b24f-0004637cd59c, 565,683,218,Moshe
3be98caf-f98b-4604-aee4-00e776616f84, 81,97,964,Moshe
9ff52c46-3082-4740-95b5-7e6381f32503, 268,843,244,Moshe
653b1eff-492d-470b-a470-758ae0f639e6, 747,998,515,Moshe
c488d903-d9e8-43df-bd9e-908eb3ac0790, 13,528,728,Moshe
ca3ecfa1-78dc-4bb6-bf45-2b9606596604, 853,860,592,Moshe
1089b75a-b4d5-415a-99a1-585bdf5a4f11, 635,13,911,Moshe
e9fd492b-53bb-4f44-8e92-94d6856a1c5d, 953,185,331,Moshe
f44682be-2643-4be5-85c4-0b9b72a9ae81, 708,6,402,Moshe
78f5486a-88e3-413d-975b-0b0ab03e6571, 505,866,269,Moshe
2c46a9ef-4f74-4d97-a832-d6538953c5d3, 793,423,695,Moshe
7bd3ae2d-cf96-448b-9610-c665cbe46272, 755,763,569,Moshe
9a8f68cc-4ed1-42c6-ac40-a0d34d0872d1, 16,763,387,Moshe
3486ed4f-87a1-40c7-99a8-45daf8b864cd, 451,604,923,Moshe
a8726fe5-0f28-4251-8109-db8cbb6eb49a, 762,287,11,Moshe
190f6382-033d-4442-a1dc-594afd960dc7, 228,380,696,Moshe
57d8e5ea-107e-4dff-af37-bf79f0cae89a, 835,484,743,Moshe
834e125f-eaef-470e-918d-9bced9f259d5, 89,595,673,Moshe
43d2aadc-4539-46ea-941e-62a9043d1eaa, 314,610,498,Moshe
eedddd22-9127-4fe5-94ec-b9b493870a77, 886,372,91,Moshe
e8c2d796-0f80-44a2-b7b0-01fb6b3f3df4, 563,762,976,Moshe
07f9d34d-000c-4283-89f5-9198c6635620, 974,952,576,Moshe
d51ab300-323e-4b44-98f7-a03a436d2c2f, 819,256,764,Moshe
deeb3c78-d8b0-47dd-a538-0932abc2764f, 160,837,98,Moshe
00e52ac8-2a6d-479d-beb5-abd14995c2bd, 205,184,407,Moshe
d8df0143-a863-42dd-981a-7f7a6e8dde34, 986,192,897,Moshe
96934931-8a5b-4483-8677-eca5623372fc, 320,481,625,Moshe
c7113ea5-3c32-4bd4-97b2-08251ca00436, 704,668,382,Moshe
256b69ea-ddf3-461c-a53a-5f5e2d648daa, 524,705,826,Moshe
c7b5e1db-be29-44e3-856b-e10837dac21f, 23,442,153,Moshe
7a2c8f1a-c8dd-44ab-a4d0-abd290725382, 71,129,392,Moshe
9aa7cff4-0d83-4673-95cc-9223368649ca, 297,887,841,Moshe
06694930-5a08-41fe-be56-6ba830f9b58b, 946,787,333,Moshe
87c005b8-4c80-41f9-8941-f20b2c18476e, 434,408,124,Moshe
8c191332-54a8-4fef-9eb4-75e55ed12fa8, 931,676,645,Moshe
669fbec6-5b1a-40bf-b559-d49fe9ce2312, 646,883,412,Moshe
99953026-4ce6-4bd3-8e14-a36b330d86c0, 266,326,418,Moshe
c49b43aa-13d1-4d46-9f9a-ce7c9c9a7448, 600,567,890,Moshe
ab7eb99b-ad05-4d1c-a88c-7de3786462fc, 465,857,94,Moshe
7511aa8b-f1c5-4429-97e8-e7fa6fb20e46, 594,450,248,Moshe
e24dcb90-5cdf-45b0-83a3-ab5ccac3002b, 748,796,813,Moshe
bd118710-f5ac-4995-ab90-348f14b215dd, 611,89,709,Moshe
330e746e-af8a-41a2-9303-3ef07ad3263b, 705,907,295,Moshe
53d7b369-7d9e-4459-b731-90f4210547e3, 564,41,404,Moshe
cf27b24c-0ebf-454d-8a82-67b5c1930e2f, 564,884,74,Moshe
493d14b8-53e3-4594-9d0b-28efd7780103, 501,772,991,Moshe
089a4676-303d-499b-8f00-df4fb5e5b1ad, 736,877,821,Moshe
23cf8352-482b-495c-a0c7-eda215f3c828, 415,755,117,Moshe
ee91f4dd-9d57-4e96-9ee6-a8d14c2d8609, 733,469,560,Moshe
f78e05cb-0147-469e-aacf-72243b25926c, 500,830,30,Moshe
a6f15c2d-ca3d-4560-961f-a8a12f91de9b, 748,352,337,Moshe
8f942b00-c103-476b-afd5-63f19c1c2962, 85,685,610,Moshe
a7dbab8c-1a20-4d8c-8d3c-9ccc438ce875, 310,320,587,Moshe
73aa1edd-2c80-4f39-bd6a-1dabffd757e5, 935,940,974,Moshe
e810e438-c4b7-49a7-bd6e-ef1c4720bd61, 117,700,285,Moshe
4ff7d236-290f-4099-896d-663ca6096d6f, 15,36,681,Moshe
fab382a9-d127-4625-88a1-2aa241d12258, 816,963,85,Moshe
9c266b1d-f019-4bf4-a0a1-f4df24d33f73, 101,857,572,Moshe
70bab40f-2cdd-40c3-9e6e-005bb1f61207, 426,333,41,Moshe
b8e7c028-10c9-42fd-ad2d-9e9439a24a17, 696,876,619,Moshe
0de7251d-3a25-4abd-b026-b661b39b5cbb, 149,205,77,Moshe
ad5ccf77-2067-4331-9c59-9e431a46d24d, 266,815,688,Moshe
742d2bbc-6ebc-4c8c-9a57-327a70cb0595, 67,480,199,Moshe
3634194b-ab5e-42c6-aa75-d4088464cc67, 462,191,453,Moshe
b31a6769-8400-4276-851e-22c4605d296a, 405,799,936,Moshe
5ae1b88c-fd1b-4900-b788-a973a9bf8377, 845,299,55,Moshe
0f167bd5-3209-4198-aa45-f8d6d83f2c62, 831,719,434,Moshe
c33ed16d-411b-44c6-acc5-22484b945da1, 877,683,866,Moshe
3c1d8002-539e-4ee7-a7e1-7bb06225b4e3, 943,648,493,Moshe
e44ecde3-406b-4944-8414-77998f240877, 764,658,353,Moshe
50104c83-1e7a-4233-8402-f46232437aca, 569,613,443,Moshe
adc451de-3282-4de0-b28f-dd91eae15749, 967,786,735,Moshe
2193a3a6-4233-4f64-8eb3-3caf17a4dad8, 897,849,884,Moshe
d68aaff2-054c-4f03-930b-0fc48a35bee7, 595,946,555,Moshe
93273907-324b-4350-aa79-80ad35f59e39, 483,355,772,Moshe
304ea469-dc5c-4b3a-b762-e319896fa893, 631,694,58,Moshe
7aab20d3-ed6b-4b95-9c7b-0f1396e5d2e9, 635,579,35,Moshe
1fbdb6a7-7e60-4f5a-81d2-abe1755c8c73, 985,864,157,Moshe
94f82860-4532-4a34-84e5-a5312e94acf3, 186,270,521,Moshe
87979fff-661f-4985-acc7-4d5548a5323d, 210,321,168,Moshe
8f3d44c1-3615-4b2c-bccb-be3908e96826, 195,302,821,Moshe
cdd4a0f9-681f-4ecf-a1dd-7fc80c5097aa, 845,892,577,Moshe
7d795cce-0725-4c4f-a091-04b2affaf659, 10,437,14,Moshe
8c44e273-d5f3-4352-ba9a-0c7ec456bc7d, 201,947,448,Moshe
9d5f2d01-9e83-450c-aca7-88230821bd94, 170,236,771,Moshe
96a686ee-4ca7-4a6e-b48a-55ae1eb54274, 877,395,328,Moshe
7e096616-eda1-40e6-a787-6c40ba007a94, 94,313,952,Moshe
ca2f00b8-0a1f-424c-b2f5-51815088ce59, 436,129,79,Moshe
ab5f741d-4f6f-4815-ab71-fbfa5a2262cd, 318,583,747,Moshe
5451ac54-e133-4a5a-9c00-138cfabc4b50, 286,782,516,Moshe
b148aec5-684e-4ac2-87e8-dbd831fb4400, 215,687,529,Moshe
f49efedd-63b6-4217-950d-78b0051bab5f, 717,400,644,Moshe
5529445b-03b4-46bc-a94b-e3518ad584f6, 733,636,462,Moshe
9293bef8-5e62-441f-808c-f3226bda1857, 195,621,258,Moshe
893e3abf-be09-47d4-9a84-a6acf212462f, 45,434,631,Moshe
0a328cb0-6868-4acc-ab1a-92ee8c8d1de7, 585,816,628,Moshe
c5ae9124-5cf9-4324-a9a0-012370aa57a3, 384,307,873,Moshe
0e16f2cb-ae2b-4192-a208-76e2623fac85, 193,116,9,Moshe
eaf33f90-c657-44d4-be5d-2165c2c697a5, 214,758,173,Moshe
fcd1f637-ec51-4b0f-a97a-87d040154444, 742,527,309,Moshe
c8646aea-e669-45ec-a929-465b7f2be361, 828,723,654,Moshe
71cf1eff-6474-4e28-8db2-36aba2687ae2, 496,984,260,Moshe
29d025e8-9774-4e42-8df0-b3346482e369, 918,451,834,Moshe
41053d7f-f78f-4a47-81d5-962ddaea5794, 128,145,758,Moshe
25c38e09-4505-45de-b2f3-86e733e9069e, 865,898,690,Moshe
6c7598ab-a210-46c0-8cb0-ab6c6e7107c9, 694,392,693,Moshe
72ed7441-b07a-4d11-9760-46149b03e55e, 446,732,766,Moshe
7265e50b-07ef-46ad-a23a-75d882529c6f, 120,900,475,Moshe
3b342364-c6b2-4d7e-9b59-fe1cf689f276, 641,23,571,Moshe
270762f3-e22f-4b08-b50e-b53670e2bee0, 520,503,641,Moshe
94330a01-71a6-4a82-a25d-88b03b868088, 472,989,109,Moshe
a78ea1e7-1572-4cd1-a87d-992be290356a, 153,366,897,Moshe
67720489-cb8a-4563-bf58-e17f6daa376f, 603,547,449,Moshe
8be3a358-1d78-4eca-b59b-f3b788c10702, 372,665,365,Moshe
4d158690-7150-41b7-b56a-24208c63219a, 792,257,163,Moshe
78eef209-ec8e-400d-8841-d6a816ac6c04, 116,326,217,Moshe
ef044b9b-afb9-4f61-85ce-9ef58bc5ccf6, 318,519,367,Moshe
e9aa7f3b-6727-401b-b82c-d68e2698c3d3, 478,297,794,Moshe
e946760f-23bd-401c-acfd-9d9b7260b39b, 542,709,821,Moshe
94122f6c-490b-4570-a2b3-fca291e9b827, 179,853,962,Moshe
a7604a75-08a2-4cea-aa17-53a801ab1a30, 687,398,947,Moshe
4302e36e-accc-4ec9-a503-54dbdea05104, 194,654,154,Moshe
3c519648-f875-45b8-94a5-e56f721d07ff, 649,713,532,Moshe
e38e14c7-43b0-4faa-b41e-895380cea886, 791,92,843,Moshe
0cea9819-1f7c-4f95-b580-0d38e6785329, 245,74,67,Moshe
124cb0c1-c2bc-48bc-8c19-99deefc4b6b7, 401,326,643,Moshe
d3339448-ad4c-4294-9ea7-25d9e7d9b3ff, 313,526,695,Moshe
3a994306-2be3-469e-9dcb-2c5ebfd0531f, 355,203,983,Moshe
e6824596-10af-4b6d-afa6-29fa6a7a74e5, 274,992,693,Moshe
2b8a0644-d429-4962-9346-e73e74d439e2, 314,609,655,Moshe
698ae25a-1a7c-4a31-95d1-44a56a207e47, 77,424,692,Moshe
a0267a84-b126-4cbc-8c4d-e42cb0bedf0a, 486,684,268,Moshe
e663b99a-b7aa-4b67-86dc-6c8c35133d87, 417,599,601,Moshe
29a0029b-23a7-494d-8a46-88fed5e6efe9, 10,466,612,Moshe
a6c239c8-7b2d-4c8b-bc9f-d17b0b5cb217, 683,525,428,Moshe
ab59635b-29bb-42a8-9d94-798dac390161, 522,234,223,Moshe
3578f102-180f-414f-baf0-8b14c5348593, 727,141,383,Moshe
7d5b4e65-6687-4d7d-9353-f0f0b88dc027, 178,865,328,Moshe
c510c2c4-1a8b-47e5-abb6-3b470e8145cb, 267,333,195,Moshe
64410fe5-e1fb-471f-a669-aa37770007da, 963,918,661,Moshe
c2c667ec-9237-42b5-86f3-f6fcc57c1b3f, 460,335,104,Moshe
3e507545-c6cb-4467-ba81-0737edec420c, 876,715,666,Moshe
f95abd80-f9e5-4dfe-9c83-6801e64dc48b, 152,758,389,Moshe
4309e5bc-f37d-4bea-86c0-eccec89731be, 798,983,726,Moshe
e228f8d4-8f83-478f-a568-f22238643dfd, 42,304,61,Moshe
8d6ea997-abc8-4a7f-a013-ef5516c51407, 84,670,677,Moshe
217b18a0-b814-41a2-a49d-1463e887ba55, 555,751,759,Moshe
74fbc7d1-bb3f-4b55-afa8-59f17b0ee491, 470,586,468,Moshe
2b882eb6-5012-42a8-be78-bf0536cd0933, 273,897,558,Moshe
d34fa058-b942-48d9-84c6-303922d688b0, 364,219,351,Moshe
c19e102e-0695-4028-98d5-e1f9e7f07f3d, 73,453,680,Moshe
c26264c5-3ee4-4055-9bd4-39e45373cb9f, 939,548,131,Moshe
0b4bee14-0f26-478f-9853-7bf3bfdf4a69, 508,806,809,Moshe
5e58b81f-67f3-4025-b7b7-d169f69aee73, 761,371,474,Moshe
e902fc16-2888-4d7a-ba33-f51495111e5f, 833,927,157,Moshe
df057e00-342e-4db9-8fab-d9294465b587, 655,136,562,Moshe
2a9a0069-b2b8-4eda-a9c7-3e4d90f4b802, 268,183,662,Moshe
56d0a61d-d75d-4491-b6ae-8e0229eb32a1, 517,408,168,Moshe
a12d4788-2c6a-4045-9d5b-8eddf68b97dd, 901,989,748,Moshe
30852fa4-06f6-40aa-846b-91a057714e4f, 634,603,817,Moshe
5b5b649a-c69e-4f7d-9f81-33b07aeb039a, 108,786,539,Moshe
4101f1e6-7759-4abe-bd22-4967712701be, 38,726,531,Moshe
c331f0d6-9a16-45b1-8113-e7c47161c652, 47,102,754,Moshe
f9331eb5-e2db-4bb1-a7cf-b4e0e1c2e6e4, 929,574,862,Moshe
62c99e0d-24f4-47f4-9d58-6a2e47f9c98b, 867,793,380,Moshe
01d2fc54-727f-4b13-bc0b-95fffa2a25bd, 285,636,657,Moshe
425f8bbe-1cfd-4211-b5b5-0cc6f57f1f95, 312,616,761,Moshe
230546ab-a2d2-40ca-bcdc-06a60e9e65e3, 994,97,37,Moshe
c8145c91-38b1-41e3-aecd-6fe484eb30ab, 688,554,45,Moshe
f87c01e9-ca07-4598-b4fb-8bdf02b29f01, 512,38,558,Moshe
6b2c0413-495c-4f05-ab97-4789581a58df, 381,873,204,Moshe
3930fce0-bbae-419d-8505-cb3973f1fc68, 990,653,584,Moshe
c126e316-fbd1-4164-bfd4-a522697f8a99, 934,795,202,Moshe
60e66eef-28c3-4083-9cc5-8361a50d0c0b, 625,609,35,Moshe
c081001c-042c-4b2a-b848-db26b4a99899, 806,338,608,Moshe
adc40f03-d3d6-4b10-9363-5ddee19f2af2, 798,649,613,Moshe
08e71a03-a6e0-4acc-b860-b62f5ab5f6a7, 786,617,353,Moshe
cfc64682-cb91-4963-9a8a-0af1ea73feda, 91,323,985,Moshe
6e059194-5e92-4a80-89d6-0e8640292aef, 57,112,689,Moshe
74f3d7cb-602e-49f8-9916-0fba573c58c0, 503,349,173,Moshe
e613a4f0-22f0-482f-aea2-b9e0619f4f5c, 486,533,64,Moshe
e15ca908-0479-4915-9f63-7aa41f701fe6, 196,548,700,Moshe
6b665c1d-0e82-4218-a075-cda4ac2a3158, 659,875,141,Moshe
c4bec2ef-1658-4b57-a651-f995264f6673, 794,349,839,Moshe
30e4b438-7db6-4b9a-8816-8481f93c9785, 456,685,8,Moshe
d88fc9b7-124c-47e9-b094-363758e74ae8, 727,189,758,Moshe
09de7e0a-8352-4873-bc4a-8efefaf336a9, 428,888,903,Moshe
47a5aef3-b1fd-4733-8add-058862a29a40, 430,724,420,Moshe
a43d0cb3-3f9a-456f-ad3c-10d7f4a5c16e, 205,291,551,Moshe
babd1b77-4598-4c20-bc66-38aa3c771d33, 217,934,541,Moshe
403f5227-8bbf-4b77-969c-fec4f7d4605b, 893,431,447,Moshe
dccf9978-82f3-4d07-901e-42b1ab521ff1, 30,140,76,Moshe
e2849065-6ce1-42dc-8e89-6aedbf0ed344, 969,611,789,Moshe
29b6465b-c919-452b-97c8-b4d93399a10c, 906,140,773,Moshe
3d24e825-12b5-4334-8209-b3eb3751f198, 473,990,268,Moshe
51df5017-3ab7-4195-b81c-07d203315a21, 512,633,636,Moshe
dfcd0eeb-57e9-4f26-9a60-5d76d106aa7d, 978,328,922,Moshe
f0615ea5-5b1d-4fd8-ba70-8587ae92b8e8, 930,76,459,Moshe
ad3c86c8-aeff-4ef8-a186-cab2ca9be607, 268,56,807,Moshe
ae47d941-20eb-4e29-8f9b-9d0e04bd06e2, 643,990,258,Moshe
159c5152-aa78-4ed9-a088-4018a2c8c34c, 150,442,939,Moshe
b028c212-30da-4f1e-97e8-887b550602f9, 599,900,917,Moshe
d060aeaf-8252-4152-8ddb-c8978efca9a9, 393,427,546,Moshe
694a5230-a398-4fe7-b49b-534a8393d7eb, 930,756,577,Moshe
ff65a9c2-c80e-49bd-9227-0183d8360ea3, 967,520,749,Moshe
53f9de15-0ff4-4c67-9264-b71dce32a8d4, 131,956,733,Moshe
9cc397fe-bb30-4706-b92b-d8833c9c6881, 153,692,656,Moshe
6ebe4795-b9f7-4b81-95d2-15d6ac2b797f, 913,237,606,Moshe
ed2c9ebf-3abf-4224-8685-69b4a17a85bd, 617,962,356,Moshe
a23d420c-0c26-45da-909d-f3ef1877628c, 987,760,84,Moshe
4117cf40-8dae-44ea-9264-1e085aa5ed05, 268,327,619,Moshe
3620764b-2502-43e8-8426-b1570da8bbc4, 532,757,696,Moshe
676f1eae-e648-4991-a3f7-2853ef61d4aa, 832,873,91,Moshe
4b743549-71f7-44d0-80c6-e49f1e034dea, 350,120,206,Moshe
d7131784-64fb-4a82-8169-3c72c7248316, 90,49,571,Moshe
3ccb1bcc-fc9d-42ad-bead-505ba46b486c, 346,961,554,Moshe
bb116f80-3bc1-4ee0-ae59-b1fc65cbe151, 709,138,98,Moshe
1f568cc7-3686-4310-8735-1910d4814755, 75,490,298,Moshe
9e4d1c4f-b42d-45e7-98e3-a891e8e5845a, 600,235,206,Moshe
5a298edf-f528-4127-94a9-2a8a363d262d, 334,980,937,Moshe
b3098129-fd90-4f73-bc46-79cdcca8eff0, 561,405,666,Moshe
f09c261a-bca4-4b6a-9d2f-e7f98626d0a4, 463,663,430,Moshe
40b696c7-bd30-4081-8a82-403b2cf7fbc6, 956,436,761,Moshe
d769f535-7ad8-4108-b511-8d343bcb24b9, 53,297,84,Moshe
c202242e-1904-4306-a5f0-1a31cd35fede, 642,802,573,Moshe
0c62b574-51ef-41f0-b238-81dcc5b2ef50, 450,823,189,Moshe
4d846e9e-ae9d-467b-b8ce-9ff20b7188bc, 36,271,1,Moshe
6f24e3e3-7b1e-4ea3-a813-a5fe46a3bd37, 800,278,623,Moshe
6ddf2c1a-e400-477b-8f77-5c9ebef7ec7a, 984,193,835,Moshe
332b584d-2454-492d-b4c0-7881a6ffb8ad, 322,930,522,Moshe
1dd36e37-3cf8-40c2-80ee-66acbe770e47, 491,499,891,Moshe
6f68812c-9dd4-4684-9860-1aaa85e48a14, 153,787,713,Moshe
00d86aa7-bbba-4655-9e85-a32749cea78f, 539,626,384,Moshe
e2355c59-f9c7-4213-abbc-589c87846790, 141,389,525,Moshe
d2c0ae08-5491-4ee5-80c3-71b80369096a, 792,657,839,Moshe
08e221da-8d3c-445c-8984-640d29c13547, 15,432,687,Moshe
e46ac115-e414-4b76-b286-96727f6dfeed, 724,150,410,Moshe
7665ecd5-14f5-48e5-80dd-3dd1c006e572, 17,298,709,Moshe
9a3805a5-ba04-45c3-a565-f5708e365f4e, 936,759,127,Moshe
3e7ffb2a-91d2-4d36-b1fa-3a0952cda5f3, 43,477,470,Moshe
7194bb3d-5bbb-4a37-b025-a5fda329c758, 594,635,505,Moshe
f358dce6-5cd4-40a7-a671-2fb0c35d9d12, 239,560,796,Moshe
2923406f-e6d8-49ec-88e6-fbc871ab9524, 191,489,15,Moshe
c1d3cece-3845-4238-ac66-bab4b43a0b64, 858,909,198,Moshe
582a3485-7662-4b35-9eb1-6f1faa8d9504, 803,893,881,Moshe
5a46eb3f-618c-4cb0-95cd-8824fa22ee3d, 474,9,620,Moshe
5b7bc14d-3328-41cb-93cb-5db12fa59b86, 782,970,760,Moshe
29f4792f-4939-4196-b14e-30c270195312, 148,596,780,Moshe
fac98c4c-93ee-44bd-bb2b-95a16d880623, 113,474,202,Moshe
fc6c3ec9-d749-4e02-af71-f06c0d1d02df, 183,215,29,Moshe
57160d45-ecb9-4b56-9d40-bcf4dd98c7bc, 586,496,150,Moshe
ed7167ef-98fe-4cd9-b9cf-f8ab6afd8b8f, 912,546,753,Moshe
e4e8a4b4-d163-4441-bb02-e079d216273c, 21,553,97,Moshe
ae8746a5-13d6-4651-b367-2feda2cd8101, 43,823,941,Moshe
2c7f3251-dc44-4ad2-9665-0280e73edae2, 673,865,239,Moshe
ec2be357-b0f8-4dc7-88db-5c0153de68c8, 213,213,403,Moshe
39330599-d1f0-495f-bf8f-a1838ce4dc11, 827,463,751,Moshe
c91fdf43-9519-4145-b279-c271e404f1ad, 506,260,506,Moshe
4eebb81a-1f14-4231-be20-281d828525f5, 709,446,39,Moshe
163bcfb1-cdfb-4457-b0d4-3c2650c5495e, 723,127,86,Moshe
abac7acc-2195-4fec-992e-1350ce772286, 595,8,275,Moshe
c74075b8-3ee1-4d3a-af1b-c9cd1a2754d7, 984,273,413,Moshe
7b9a7209-43b3-4b16-a515-e0d53952c240, 48,889,348,Moshe
d0d85072-48c5-4df7-8dfc-f37ea6bbb5c5, 128,453,455,Moshe
541f6d58-25b9-4162-be05-bbb913f58371, 524,739,147,Moshe
adf037d6-abd8-4c3c-b962-6ab2849f691d, 818,473,730,Moshe
455d92a6-fa9c-4de1-9a1a-ca10c6ab91c9, 542,898,262,Moshe
d6e14b3d-90f2-4742-9974-d5f1656d220e, 797,355,751,Moshe
e6020267-48bb-4c88-80d9-489f19dd76f1, 277,81,237,Moshe
5efc8731-3085-407d-b721-897ee3446b3b, 643,204,100,Moshe
df714d3d-d13e-40d2-adca-e8dbab1c8d98, 714,297,426,Moshe
0c8943ae-d398-4fd0-be20-c27f7189b8a1, 11,447,815,Moshe
a9a607e6-b2ed-4403-b883-c347477d980c, 666,687,592,Moshe
557696a7-6e3c-4a7b-aca5-fc00bd03b42d, 824,165,322,Moshe
2d26e9ae-c133-46d0-bb68-09efc0152701, 56,699,10,Moshe
1cb34013-5762-4fae-8305-acd8085aee61, 296,980,519,Moshe
96664cf4-f856-4899-bf5d-51ac3684b71c, 359,890,972,Moshe
fdabc937-48db-47c5-aa15-a66e3e38d327, 308,182,227,Moshe
7a500fbb-0377-4de7-b1b1-e92aa67ea2bf, 823,797,652,Moshe
3d772180-967b-445e-abc8-a18a7123fef3, 523,708,192,Moshe
2b62e374-3539-4847-95fa-74dcd449a8fa, 177,404,686,Moshe
1540e1bf-3a6a-483f-8a6f-1e9be85eb79b, 248,413,157,Moshe
e0a810f0-37ff-4459-98f3-04c5e3c421ff, 30,514,293,Moshe
329c663b-d76b-4868-ad17-c8c2dc045550, 331,152,785,Moshe
27299603-3770-44cd-bb38-edc4871ea1a2, 138,716,734,Moshe
ff586419-968e-4f78-a5cd-1ca21483410c, 938,742,654,Moshe
6ce6c87a-f7b3-4f00-87e4-bb802a5a3fe1, 741,979,99,Moshe
0c41480a-7874-474b-b107-df591da2f891, 716,284,312,Moshe
c5c073ba-94d5-4f5e-b0d9-b77b275a8bf7, 127,406,115,Moshe
6eee8973-74e5-4c05-a5f9-0d46b39c5c87, 199,186,649,Moshe
b5027c26-a86a-42ea-aa6c-9bd8aee732b4, 163,144,977,Moshe
0d9b6802-3357-4e9b-a14f-f2186dfcb3be, 400,648,760,Moshe
0f7ecd28-937a-4cbc-8e12-9618b6c1e77b, 635,806,287,Moshe
5efc2f6c-38e3-4de3-9013-bb9ce87b37ea, 852,267,467,Moshe
dd518470-9866-4299-b3e3-3b3d368412d3, 227,28,739,Moshe
c96d3f07-5b9f-4599-aa43-c523d7e6d8bf, 188,171,465,Moshe
275c8fff-d45e-4ddc-9973-1d9617a798b5, 492,883,55,Moshe
941f4aa5-2b3e-4a43-9fbe-cefdac9cf8f9, 997,780,728,Moshe
fd773c53-a551-4919-83c0-3c81c7cf0c31, 94,459,120,Moshe
06de95da-4594-4396-bfd3-2809a2a62548, 374,121,7,Moshe
a2242897-7a99-45af-aa86-6f495f9cfbc4, 42,829,328,Moshe
a4cb8a57-dcf0-44a9-bae9-6152f13b6f7b, 643,168,8,Moshe
908f59b1-542c-4255-bc64-cda2014d7fff, 806,736,68,Moshe
77d9516e-fc39-4c83-8f42-9ea64992e4cc, 972,304,934,Moshe
72255da9-d72f-4a59-97fc-275475569726, 367,888,712,Moshe
61b0a63d-328d-4f05-bf93-00b0b5c2b4a7, 630,490,257,Moshe
a14ca0ad-8c08-49db-a755-b989b25b8b82, 572,938,235,Moshe
1afa5e97-ebb2-4204-bb04-2a2b5df13e3a, 649,705,301,Moshe
66f2ac65-8750-41bc-9f5c-4ffdaac349de, 594,165,363,Moshe
27da5ed3-e418-48cd-aff8-73131d33a0c7, 250,307,189,Moshe
61983682-a0a0-4e74-b3b6-7fc72f3904e5, 640,261,685,Moshe
ffb0b253-7bce-4a50-b964-e357e260a1b8, 281,810,437,Moshe
79a4449a-f75d-4c34-8293-33f741b17176, 140,583,858,Moshe
91dc4778-bbda-4247-b5e9-3c00477bc407, 732,380,434,Moshe
bd87ef9f-57b4-4572-908f-55aeebd556a9, 397,519,580,Moshe
70054ed5-3b7a-4891-baba-da62e1d8ea59, 119,630,891,Moshe
71fead10-bd52-4e2a-ac3e-14a5584a3491, 17,462,968,Moshe
0ac1fd48-6672-4a17-93df-cce743347cd4, 862,801,182,Moshe
5f37e174-fa27-46f3-acc3-ceb1dd57a222, 770,392,125,Moshe
7f575d0c-fb1b-4cb7-b462-16bb975bf52f, 27,49,4,Moshe
2429496f-03de-4e3b-b040-40f5647e9861, 643,557,429,Moshe
4f5e8510-ad2f-4faa-b3c6-138e2603bcb4, 877,333,44,Moshe
e979372c-8de0-447d-a591-a22165b643da, 250,87,78,Moshe
b456baae-e5f5-442d-bbd2-e359820681b6, 276,491,905,Moshe
763b77ac-d9aa-471e-ac09-a5641fa88cbf, 397,839,558,Moshe
79a50b3e-39fa-4ecb-b02f-bafe06eafe92, 800,253,187,Moshe
578c156f-e6a2-45dd-b148-2cfd62f847d0, 720,475,533,Moshe
f2d5b9fd-bd1f-4baf-bf8b-51964e5a2a97, 470,234,844,Moshe
0942ec34-a044-4b6b-b338-62c957688512, 220,776,459,Moshe
1e70d978-f34c-4373-9bac-5ed8b5dbf3bb, 504,509,419,Moshe
abbdc4c5-8c55-4111-9a74-623eb40df2e6, 313,113,534,Moshe
0c8a98fb-bb83-43e0-8e8e-1979667e2ef0, 854,89,822,Moshe
8624f64f-8eff-40d2-9961-9b8ff69c8d9f, 6,518,186,Moshe
b0f7f2b2-0ebc-404f-b91f-e37d05d4e0c5, 537,868,544,Moshe
bbee80fd-0841-4401-8c84-67c7f1d099ec, 813,739,969,Moshe
bcf4af08-d92f-40e7-943a-7c8a3e9f0de1, 63,466,960,Moshe
fc71516a-e338-4d88-a2fb-7934f85ae49a, 622,968,139,Moshe
cf2c50ea-1b76-4821-bcbc-ed2a77afb4dc, 936,306,573,Moshe
904c5504-37c0-49b2-a6e8-59d414749424, 470,174,324,Moshe
dccd2775-f5ef-4845-8d52-553d2b9bf9d9, 584,658,555,Moshe
fe199a72-d53e-444b-a7f0-bad7591fdc43, 583,744,576,Moshe
2628dc46-1ae6-4c14-80b3-f75069394dd0, 658,962,378,Moshe
280c0569-345d-43e3-b1f7-f9bfd746df55, 372,541,751,Moshe
ee51bed9-6af6-4816-87f5-2672f5059501, 735,795,733,Moshe
de381d84-b8e4-4585-8aa9-b0dea59f5852, 1,184,605,Moshe
fcac1873-ff49-4c91-b23f-ca5ded4b7e26, 988,656,493,Moshe
796ee83f-fc88-4e60-9c3b-eee76961e2d9, 873,157,311,Moshe
ec431932-0c33-4a26-a92f-f0f25a4f5835, 497,881,540,Moshe
b5ab34fe-e9aa-4f47-909e-eb27b93b59e3, 280,375,806,Moshe
c1b94308-b991-471c-9c6f-c0dd5155331b, 960,385,913,Moshe
b526e168-c7a6-40d2-b711-e179e0bbca78, 499,420,858,Moshe
d05b0e16-3db0-4f9a-8264-61a7adf8ce4a, 630,952,125,Moshe
4417185a-b52e-4cc5-b9b5-c37d49bc5566, 966,155,775,Moshe
1dc3707e-c3dc-44f9-b5de-60311d16f62c, 592,690,923,Moshe
c16391db-c54b-4e70-9491-7e0b5e4391bf, 210,885,174,Moshe
23cb5d16-2702-46df-abaf-ab1d65b8b00f, 405,935,122,Moshe
1d45dd01-f8af-4ab3-b8bf-37b6d63e9283, 966,481,516,Moshe
e634bae1-7217-4f05-87b9-543f133f0453, 829,710,502,Moshe
b6ca6132-be1f-4dcb-93f3-879ec5770e88, 244,86,862,Moshe
00264c1e-0095-448d-800b-63b9cd7f397d, 37,379,588,Moshe
5104708b-9bbe-4357-84d3-0dbc5913df41, 570,410,157,Moshe
fd45e9d8-d0af-4d84-9180-64b3f336c09f, 836,237,375,Moshe
1fdc39f4-1e90-4907-9690-07c2494bb9ef, 874,370,230,Moshe
571436cc-7ce3-43f9-8d31-a567ab4b7448, 481,22,501,Moshe
d23dd910-46c7-4bf9-99bc-7fc06a8f1944, 716,281,465,Moshe
41e93a28-859f-405b-8ede-5ebf57342c7b, 386,288,994,Moshe
f2e2d999-3600-4b97-8746-3e65623f9226, 366,874,438,Moshe
8d6d11c9-8867-4774-bd40-caa991743b93, 684,992,902,Moshe
6a8ebd16-6bc4-4a3b-82d1-1ec1576188d1, 398,668,709,Moshe
b66ed373-0837-4d48-af78-7aa15522637f, 357,386,866,Moshe
821f20b7-1351-4fa8-b5d8-c5a03fee71cd, 261,930,775,Moshe
0ff81fac-f953-49ef-b6b0-80dcef07f305, 188,22,281,Moshe
6206a9ec-05be-4a94-ae5b-defd5330af3b, 767,372,649,Moshe
c17a32fd-679e-47d7-9c85-75af960fc7f0, 797,530,565,Moshe
720a2de8-60fa-497b-80f2-eb7e23860b53, 891,486,460,Moshe
4c7ff9ed-d93b-48ac-ae1b-da063ae6289b, 16,113,429,Moshe
8d06e7eb-7faa-42f7-927e-4b6f3aaa8f2b, 37,857,797,Moshe
1b98ea05-8578-4db4-b6b0-da26d827ccf1, 867,670,504,Moshe
1f071ba5-d898-43cc-9fe3-4c50fc3588b5, 150,885,417,Moshe
d3885183-9f4e-4e1d-9c81-8550d44dc8e9, 253,439,567,Moshe
d3463f96-f2cf-4aad-94bc-19ea99e0af2c, 665,517,983,Moshe
9c1526b2-9d92-4d90-a48d-e0e5f1fcb364, 362,220,90,Moshe
4af2ed99-f29b-4ba3-b171-ea801e4bfc35, 724,529,260,Moshe
48170136-f2c4-4129-a41c-22681fc3d6ec, 185,618,914,Moshe
cb79cb7a-8f73-41f8-bb23-7a6f620303dc, 345,567,345,Moshe
77098bfb-4a04-4480-81e6-77572d77424b, 872,792,506,Moshe
6ec1c195-9ab6-4c9d-a308-114818e3b301, 443,382,556,Moshe
5d1e1431-133a-4019-95f0-4c8b793a240a, 281,320,528,Moshe
a5a154e5-bbd2-43d1-b779-a7cf8a2d113c, 70,392,261,Moshe
039fe293-e0bb-4869-a774-cc90e5a7c416, 272,39,136,Moshe
181ca6cd-0af3-4ad7-aaa3-75673cee6541, 863,515,932,Moshe
1ea2e1c0-8762-4776-8ad7-eebfe882c782, 83,133,13,Moshe
559ab163-be3b-458f-a9bb-621354b788e5, 581,529,266,Moshe
b38690d4-76c9-463e-b6e4-0911cc78d6c0, 370,290,583,Moshe
9e7ed279-1762-4522-9684-d0ca21a7aca9, 170,851,239,Moshe
9836adea-2300-4f2a-b20e-1ff0161c185e, 881,523,103,Moshe
07b28b1c-3e5e-434c-a578-7df9f5ddc702, 160,276,93,Moshe
4aff8eca-0309-4c76-b664-19006cb5dfc0, 909,809,57,Moshe
0640f087-315a-428b-8eb1-7387db019ef1, 12,385,198,Moshe
cb8372ac-594c-45a2-8fc4-c42d1d8e87c5, 456,292,826,Moshe
7638b9eb-8729-4b39-aea4-1f1eb5fabbf9, 828,453,490,Moshe
6b0c8ed6-0b7d-4e4c-9939-efb1938a0877, 124,321,103,Moshe
01acb3a7-37bd-4b3d-a8e8-fe40ee09bd6b, 981,263,434,Moshe
dcbca622-ac34-454e-a447-912fde54ed88, 332,292,263,Moshe
76f55a70-6278-40a8-9219-194e9a3b60a2, 241,73,93,Moshe
e7beb61e-9f10-46ad-adda-b04a2c647eec, 971,112,467,Moshe
c1b8e238-cf61-4a28-91b3-bb0144b794e1, 289,188,868,Moshe
31301131-3711-4da7-9a1a-be8b8c0dd36d, 158,113,761,Moshe
63429c4d-a693-4639-81c6-ace94a87ab5e, 43,952,705,Moshe
5921d27a-ecf4-4318-91d6-1cffcb2ca402, 876,71,747,Moshe
700c8f29-3b1f-4076-8e0f-109289afc4ff, 814,125,238,Moshe
3509241e-da1d-4f9d-bef2-9186afe82288, 439,540,835,Moshe
2bf34bd8-4fd1-4a74-b152-f1fe72b3d352, 93,46,531,Moshe
b997a926-cef0-480f-98cd-0b9070058adc, 137,899,260,Moshe
a92092ac-ae88-451f-b721-5dc7fdb80245, 668,826,983,Moshe
5d19a82b-ba20-4bb7-b8a5-0c9464ac67f7, 829,668,736,Moshe
6724f63f-40b5-453f-8a3b-d2528b3fdd7e, 962,39,274,Moshe
f4de288c-887f-4957-acc7-552473ace97e, 729,168,105,Moshe
489acd42-a266-4f3d-a92c-88db729c4e5a, 957,670,340,Moshe
91ffce29-3b5f-4e4b-ad82-01da936a8e85, 727,82,367,Moshe
ce7d722c-200f-4253-b256-9184276bb567, 397,105,192,Moshe
7b52fe1f-4bf2-4514-b36e-f75c19abac33, 686,517,167,Moshe
38815a65-cbbd-4094-a979-7b5259d45da7, 26,801,531,Moshe
427fbc83-f54f-4126-9834-26c2b7a5b68a, 256,878,66,Moshe
d9ecc5ae-8cd2-4eb4-a640-ed95b63c69da, 935,153,287,Moshe
1d4f2b4a-38f4-47c0-813d-e57256a469e4, 608,489,286,Moshe
85437c5c-dc35-4969-9302-0294932db170, 777,213,285,Moshe
8f54eefb-ec27-4818-ad3f-2ca4237b81fb, 967,912,32,Moshe
f5d51429-6119-4623-bb60-768c08ab7403, 474,85,956,Moshe
967f56ed-528f-4900-abc5-b2ab2067559d, 133,480,869,Moshe
e3262c96-1949-4220-a66f-634ebfd1e1f6, 496,364,963,Moshe
4f3d91ce-a1a8-4381-947e-d5ea9594e31c, 165,738,794,Moshe
4a76f1f3-4767-4df4-9991-783af1340d62, 69,981,309,Moshe
07ac6a92-4cc0-441f-978e-3c9c98e35225, 816,804,866,Moshe
95611397-1b81-4679-9834-1cc99791bb23, 205,707,160,Moshe
9432c2bf-557f-4512-aa56-7fc4f35bbb19, 208,793,16,Moshe
6dcd985f-fca2-4877-8e9b-a5483e56ae83, 817,349,182,Moshe
07be4adf-6e19-43e5-910a-d9d28041dcf0, 55,949,867,Moshe
515e21f3-4168-4373-ad70-e13b6667f4cd, 83,428,192,Moshe
ca21734b-1863-40c9-a2d3-91a494ec1e12, 160,212,433,Moshe
110c64c5-d73f-4bae-b244-5933aaf35b44, 210,891,321,Moshe
e567ec5f-77f2-4975-82fb-073a63e10363, 661,759,514,Moshe
e7680853-cf71-429d-b3d3-70cd2c650af5, 102,771,413,Moshe
ad647366-44f2-4d8c-84b0-7bcb08b660d7, 491,540,507,Moshe
90626568-485f-47f5-8d5b-652331a3558c, 975,959,408,Moshe
fcece74f-8c98-4ffc-9551-0956aa94edb5, 417,763,206,Moshe
5c70d7e2-ffd2-4c48-8208-47165b1cb984, 871,267,291,Moshe
93add278-4555-44c9-ab99-69b11f01c6eb, 941,315,132,Moshe
1fe26b5e-761f-4e27-b207-785b8b974a04, 687,441,414,Moshe
a61ee3c5-e1d6-43ba-8fc3-d265f3d54e40, 96,83,310,Moshe
1de65efb-e156-4a78-886a-16c6bd811078, 603,907,769,Moshe
a7038d94-8559-4a08-a012-734212d06966, 875,607,911,Moshe
ad13b6fa-805d-4bea-bf44-d81f778af4be, 546,542,946,Moshe
faf24a53-a7ad-4905-82f0-d03b77401040, 644,106,23,Moshe
9b1a8d41-d2f3-430c-99b7-6d642358ca55, 601,326,807,Moshe
1695228a-82c9-432e-9ae2-bfb8a884758d, 673,79,989,Moshe
c57bc22a-9045-4aaf-a633-1bb2824bfd2d, 460,665,664,Moshe
e5de25bd-fac9-45ed-adde-748ca4676340, 984,288,944,Moshe
ee1c1e00-6a94-4e5d-a4f1-f4c116776d7b, 142,267,577,Moshe
32349b5a-bf64-49a7-afd7-05a44e1cf94d, 189,973,319,Moshe
6105518a-73cb-45d5-a2b4-8cd4ea8cf800, 101,7,689,Moshe
29e95ea5-a508-40a0-8893-236c7d7ac4df, 104,886,632,Moshe
bccde893-547f-42a4-9744-103eee4ed82f, 737,100,352,Moshe
9b94aa98-eadd-488b-ad5c-b3ab4659d192, 495,869,222,Moshe
c400c50f-7a10-44dd-bb1a-76d10b0aaac3, 258,228,161,Moshe
533101ff-2adb-445d-ad2b-63b13cd2f402, 269,341,988,Moshe
ee084f92-857e-45bf-b29a-6c0365b9e5d0, 324,14,362,Moshe
0fb215f6-ec0b-481f-ba8f-48ba11f62776, 423,635,416,Moshe
7ee0e5a8-975a-4ee4-8678-e51d410e9f5d, 645,618,619,Moshe
bbaff99f-2593-44f6-b8a9-6cdbf617ecbf, 823,733,340,Moshe
fbfcca95-7878-44cc-9f65-97056836feb2, 335,358,568,Moshe
96e64a72-63f1-4f47-8ca8-3a69d553f77c, 628,543,100,Moshe
9c87c702-c94d-49f7-8e57-2537c9dde043, 332,497,438,Moshe
d196a5c3-6109-4007-89a6-d604cb50437e, 176,935,977,Moshe
e092c476-42ee-4b37-b200-09b377f7b0b8, 637,963,794,Moshe
9bfa4377-419a-43a6-b950-e70333ed0d12, 442,726,60,Moshe
e07c0880-780e-4670-9a68-c99a99c8ed4d, 784,872,925,Moshe
b72e9407-ca29-4b97-b823-8a1460851ea3, 588,864,959,Moshe
6f5720bf-eea7-499a-a4be-61b3247621eb, 955,677,370,Moshe
dad242db-4286-440d-84cf-5cf9f2393760, 273,457,269,Moshe
3d42e62f-1ef9-416a-ac6d-f128963d4736, 13,912,365,Moshe
9b343d4c-a579-4981-b00d-3a030caed73c, 12,161,512,Moshe
534b4d37-3532-4dcf-b4ff-8b972793e737, 653,628,684,Moshe
5bf79b0e-b542-4d44-adba-50290c2895fe, 61,935,842,Moshe
59046cc9-124c-43b1-996f-af93f3f94fb5, 550,148,78,Moshe
41a3cd80-9315-488a-9962-f277426cac9f, 384,784,670,Moshe
88e24190-afa4-4a2e-8c17-a5a6484980c8, 621,203,890,Moshe
ff066c32-23e2-473b-8ae8-3b2ff5b1cee2, 559,40,860,Moshe
5b3acd8d-4480-4c6c-9665-36afa7b2f922, 414,746,493,Moshe
cb6bb134-7098-40eb-8aa9-b1d06cfd6434, 607,672,865,Moshe
491dc0d1-300b-4dab-bc90-17839ea8edd2, 728,60,40,Moshe
faa1ad80-c9e1-4ab9-974e-37faf811f574, 169,164,24,Moshe
ae50a11a-e032-4555-afdb-215d5a081de1, 613,626,803,Moshe
209850a6-145f-4471-8303-6a3fd1d35ecc, 283,788,99,Moshe
4173cf4c-b5d9-43e8-bbdf-9fc2084792ca, 375,723,935,Moshe
6b00025f-f2cd-48d0-b535-7abd057484a1, 83,38,716,Moshe
90f381fa-24e8-4bbe-9def-9f2ba718cdcf, 882,572,891,Moshe
0b72ae17-0103-4692-9224-7a3334c3c537, 699,650,255,Moshe
b54ae9e9-6189-4389-9e50-1259d7ee9cbf, 378,452,873,Moshe
e2abbbc7-16b6-4a1c-8ac9-b3fa303df317, 504,597,414,Moshe
836624fd-99e7-4dd4-82f5-31b8d41c9744, 19,46,955,Moshe
61650c8a-4d98-4e3e-812c-b0ece6df88ac, 817,331,875,Moshe
fda2512c-643a-4649-bcee-63d47e007f52, 802,381,983,Moshe
ad54e3bc-9697-4c89-83c1-b138dde878a3, 54,769,159,Moshe
dcab267b-1c44-451e-906b-b9eb5ce697ab, 866,338,414,Moshe
2f0c489b-cad8-446c-9d8f-53760bdbeb2d, 792,185,315,Moshe
4ad4f7e8-d30d-4aec-a5d1-ab618b245523, 923,331,708,Moshe
a8e2d0c3-44e3-46c1-8786-19907c7fc5cc, 775,724,101,Moshe
c04c9e71-ecdc-4e14-a051-22f8eb0d2beb, 973,30,409,Moshe
f49ce7ad-d39d-46f8-8156-7f84a0b9d330, 784,790,711,Moshe
966fb4a2-7f04-4e10-9687-612198bfe129, 150,110,30,Moshe
2f4f3f91-99d7-4dcf-893c-678b64ea966e, 389,264,742,Moshe
4027a8b8-a025-4c84-a219-5aa314f7506b, 142,556,392,Moshe
cfb2fd07-0e73-4342-92d2-5288c950852f, 61,280,655,Moshe
b32c98cb-fb2b-4f31-b990-baf08dec2517, 732,828,801,Moshe
dc7fcfe6-9ab8-4d80-ad62-3efd1b63cbe7, 732,831,312,Moshe
e39e0c34-2c2d-493f-84f7-587ca9e997ea, 839,585,268,Moshe
b414a983-1cfd-4a1e-96e8-9b64a99f1acd, 558,579,266,Moshe
5d3ebfab-967d-425c-bec3-489e01c5a0af, 704,243,320,Moshe
b3b1fc3e-7da9-4518-ba55-bbb0d81ccd7f, 854,843,302,Moshe
df0ea8b7-1e06-4333-b8f0-1a57b72a2527, 467,18,590,Moshe
8891a879-45f3-4424-a256-77425781ad25, 273,903,660,Moshe
eeaffd2e-e7a0-4315-b0fd-e282e369dba0, 130,477,75,Moshe
fbdfadd6-492e-4165-9880-aa61f4ca5b62, 670,650,627,Moshe
8da11433-ae6b-42d0-a12d-7074fe68fc9d, 921,863,52,Moshe
ea565abd-e5c8-4998-9d03-b09f078eb972, 54,44,894,Moshe
eae3ce4c-c333-4a76-9281-2b11a9c44fe9, 299,241,197,Moshe
4e7716c0-af48-4526-b2fa-0c0c7e640730, 97,944,205,Moshe
ca2c954e-58a2-4f12-b9b5-635c2f4b60f2, 444,590,529,Moshe
d8f9fa4b-44c6-4193-852c-f203ae146dcb, 762,684,22,Moshe
2405ee51-070b-47c7-9bd8-082d252e9f13, 422,286,712,Moshe
1e906379-b35e-4d4b-b054-9ef070ac3db4, 91,592,262,Moshe
d47630f7-fa50-4a7e-be94-3eea1ddd3e02, 65,460,924,Moshe
b696c534-d1da-41fa-9ed3-fdfbd59b0edd, 141,602,355,Moshe
bcb62cd7-9c14-42e3-967b-8132d52411b4, 238,169,933,Moshe
86b5036e-f7c6-4a73-a147-43b3974dd29a, 639,635,715,Moshe
5037373b-740c-4ec8-9ccb-b3bdce7ae440, 215,651,200,Moshe
03c91f7a-547b-4a88-a418-8a4338565d59, 425,556,602,Moshe
cad76ccb-8141-44a3-b400-3c005044b223, 105,371,73,Moshe
aac48a26-06bd-45c3-abcc-0464c100e671, 385,827,314,Moshe
204f7b35-8309-4b65-8010-04e74737407d, 131,367,792,Moshe
0c8d5184-6ef5-480d-acb6-dc21d47c6157, 54,248,364,Moshe
9d82bd37-dd37-4f1c-b3b0-cf5229e37fb3, 914,831,271,Moshe
e5978e9c-1d17-4fe9-b21b-39b1815a44ba, 788,987,582,Moshe
411eef72-4306-4736-8a8a-90c97706e23f, 969,158,638,Moshe
899fc6b6-336e-4889-932c-b1effb1b9eeb, 841,857,775,Moshe
5a7577d5-d067-409a-b1f3-2cf45ea64e8f, 270,803,953,Moshe
24b4a029-f65a-44fe-85d9-2f90dbec4ca6, 813,547,33,Moshe
6227eb9f-7f60-4865-b571-bae76d172045, 820,996,728,Moshe
940dc2e6-43de-4e15-b3d6-8c5ccc45cd16, 110,984,222,Moshe
10886bf5-5a05-4470-9d2b-b51cfa5b2c96, 190,678,631,Moshe
28e4530d-dbe3-4f35-b928-755ae6ff3fd3, 610,10,235,Moshe
c15ccf1d-aa58-45e0-b35b-065d7707410a, 561,185,920,Moshe
f31eb6cf-06c8-4a52-ab5b-2f5e54243985, 570,724,802,Moshe
68c514bb-ee24-49d3-acfc-cb449ebc365f, 444,425,662,Moshe
81998d91-d73c-4e02-81bc-f0d59ad47ee1, 616,454,399,Moshe
4f7f2ee3-1a4e-4333-b8c1-af214936949a, 963,262,513,Moshe
d6ab5c44-ac72-4d8b-ab0f-34a1942dc554, 297,115,25,Moshe
b2bfccb2-24fe-4718-bbcb-aa222cff269a, 359,317,818,Moshe
5d354358-c14b-4225-b47e-c233c97900b4, 759,232,250,Moshe
ebddec47-b1b2-499e-96b5-556ac13be3a5, 634,804,846,Moshe
7af32595-1b80-4df9-a6bf-d6f6d467db1c, 50,599,309,Moshe
3ec01918-c8ab-494d-934f-84125a26479d, 950,359,149,Moshe
6ba8690b-a1ba-4818-9be1-787b1c6995c9, 403,281,672,Moshe
dc03b7c4-0b25-4507-b58b-3d4b1aa31d86, 853,699,79,Moshe
d2d60c91-8a52-4864-84f4-7d58504eff96, 152,370,122,Moshe
4b34bc1b-7367-492b-b79a-9ba24b30c0e5, 369,204,543,Moshe
49b68de5-84a1-4e8c-908f-416ef3b00e44, 330,146,722,Moshe
50bf4c11-14f8-4f01-877f-092d8fe3a45b, 707,892,564,Moshe
b725b2fe-e146-4c5c-a098-27b19758c2b0, 606,252,692,Moshe
c1fe6a9f-d831-40cf-90c8-212562de1338, 416,801,952,Moshe
702aafbd-aee4-46fe-90f3-d0a0ab055b35, 670,934,919,Moshe
ed98902f-79cb-407b-b3d2-7688306f155c, 955,394,825,Moshe
c88889d0-5965-4c93-82a5-62563a0029d4, 354,665,95,Moshe
2df6b3b4-0251-46c8-99d3-968d1282d32c, 250,560,980,Moshe
bca7e752-07e9-4a8f-a824-fbfa8dc5a885, 839,442,415,Moshe
f40d75ac-000f-443e-b98c-05e2e3fa0cac, 945,207,945,Moshe
deacec78-c590-49a8-8d9e-07abec45516d, 696,390,28,Moshe
d2273287-7586-41ec-aad8-85d50a546d87, 706,304,659,Moshe
b95b5d36-149e-446d-9675-35dbe2e117fd, 124,341,705,Moshe
b1fbe4b3-2d1d-4293-a7f9-9c95e72e655c, 744,344,107,Moshe
2a83980f-4e88-4e11-853f-c95e34767a0e, 455,986,478,Moshe
892e5bb7-3064-4fcc-9cb1-5b231eaceb4a, 719,184,764,Moshe
43ff918b-ee8a-4ad9-91a5-f1b2999c57ae, 159,195,975,Moshe
89c0c4f7-1110-4317-8735-2bd8c79e3169, 296,16,538,Moshe
3c78d44f-ada1-4b9f-9a55-f44394cc2a95, 448,81,584,Moshe
3b88f232-5828-43ab-8254-95f1193bfac7, 740,867,451,Moshe
ad58110b-bb07-4cae-81d2-9ab1924551c1, 150,660,46,Moshe
81873ea5-a487-4a64-93be-dd33b98ec6e1, 745,718,411,Moshe
b0ca60ce-b97d-44ce-86c1-c7d33f3d8811, 925,963,630,Moshe
3755a3b6-9d60-4f7b-b210-a63f20d2342c, 260,831,53,Moshe
6014e5ad-adda-47b8-8b3c-59684de5290a, 120,609,322,Moshe
45744e91-f2d2-48c2-aa37-3b522b096772, 986,794,573,Moshe
8ace5b5c-ddbb-41a9-a673-91a967b65d12, 503,121,258,Moshe
46fd1d66-3320-42b1-be5e-4f7922b93ccd, 649,787,12,Moshe
a6d0ea59-caa3-4e01-91e7-8be75dfa0c7b, 969,401,375,Moshe
e9b64b67-51a5-4786-9fbd-fa22c28f521b, 488,258,224,Moshe
5d49a4d9-686f-4c08-a443-d80711c271aa, 76,383,473,Moshe
37d7cf7d-c3d4-43f1-9126-92262db4f685, 255,595,682,Moshe
15a83202-6dc5-48c7-b3de-dca62bbbf45e, 62,709,268,Moshe
8c0769c0-b2e1-48d9-8b4a-4b90dcdecea6, 67,792,220,Moshe
e88bfeb1-1eb9-4ea6-a045-707b7583f0d2, 135,897,363,Moshe
da404024-9318-4834-84eb-ad4d29270ece, 922,176,406,Moshe
3c327ff0-1269-43f5-81a0-992a75311d79, 216,461,285,Moshe
ca1e1c66-de9d-4901-a444-0fc887cfb1e6, 11,238,747,Moshe
4576799f-f313-4fa1-8933-f562eb9594e7, 193,499,872,Moshe
08e2dbc8-0976-4e31-a13c-fe96a39b7d51, 34,775,318,Moshe
139118c4-7422-4574-a188-2fef6f42070c, 37,437,705,Moshe
e79f4e5a-9725-4536-a9ea-4db0019560e4, 406,185,448,Moshe
61c4a39b-cca8-40fa-aeac-768edf965480, 579,864,14,Moshe
