a3b7d03a-4607-4145-b1c3-6a679c3ead28, 817,958,975,Yossi
f36d0392-b86d-4c7a-99c0-bde18fc26b37, 876,864,885,Yossi
1b8f72b6-41b2-4cff-8ac9-80846fb6f468, 581,557,675,Yossi
1b43ed68-2e9c-4fb7-b3d9-a0d5592f401c, 355,147,342,Yossi
8f4acf6d-3635-40ee-9c65-fd39e144f46a, 572,361,23,Yossi
6b2092b2-a73a-49e1-82b3-bcd34748962f, 147,254,788,Yossi
77caf9e1-5c9b-486e-b9a8-5f6e6a4753c4, 124,610,165,Yossi
d3bb2c69-7581-4d6a-8dc3-e056e5ea3e79, 892,281,450,Yossi
db3bc53f-a54b-457d-a209-9914286019e6, 237,47,117,Yossi
e1dc032d-d5af-4a8f-8b72-5566a5fc3262, 579,237,157,Yossi
91cc856e-cbd6-481e-b1b5-21765d7582bb, 191,358,573,Yossi
c442531a-fd70-4a9a-a52c-45520a4ea4c1, 70,789,993,Yossi
a6f4bcbb-0b2d-46a6-b2f8-2b93f2a4ab16, 470,787,652,Yossi
2b9905b0-bc55-423a-b2a0-50baf5b8fcb0, 19,14,383,Yossi
80e1cd2d-5d60-4d29-8d86-8dd7bd18d1af, 355,7,648,Yossi
3d9c750a-2124-41b7-a2db-23b81f51333f, 992,585,892,Yossi
5d1fb89e-5b5f-4b49-be81-2cf3853cef34, 763,877,455,Yossi
e21a21e4-e270-4b66-baec-a0f9bd958fc8, 197,122,839,Yossi
8dece8b2-d784-44c5-80c7-46cd3428643a, 779,924,678,Yossi
c1aaed33-298a-4684-94a6-bbc7268d0bf6, 525,640,818,Yossi
33624851-74cc-470d-ba3e-7f3d41b50603, 769,2,321,Yossi
a9e17b73-6f59-441b-bde3-2daf0fa988c5, 518,164,787,Yossi
8ca2b04d-aa35-4036-99b4-890e138c9d6c, 768,502,571,Yossi
3d799892-8fd1-4404-8f30-0c5158acbeab, 29,676,466,Yossi
7aa13539-875c-4054-8a7f-646b118eef9a, 136,106,597,Yossi
696ee020-aa5c-47e6-93f0-f39c23dd521e, 781,537,274,Yossi
f7f3d89c-fb49-4d35-8449-93abad01a497, 801,243,460,Yossi
7d0c8473-0c94-4a2f-9057-3b4217188f94, 223,815,358,Yossi
0ad3cfab-827c-4d21-a016-e444161c5a49, 700,992,236,Yossi
7c7f687b-ea3e-4627-a1bc-b5fdd8eb4e1c, 732,290,863,Yossi
af283174-22ed-4ced-a2ba-0001a49a1eea, 315,944,148,Yossi
cf075a3f-a7ed-45ea-8f1e-7aca23b1275b, 833,248,12,Yossi
8b4239b9-8dfc-4a46-a877-fc8ec037b22e, 62,835,841,Yossi
7b16af18-c257-4b27-bd0c-c03a36ed7791, 859,224,84,Yossi
2ae1afcc-f835-4cf8-852f-ac5aac700cd1, 322,734,202,Yossi
7be34dc3-e645-4df5-9541-246ad746e892, 988,61,17,Yossi
06459e63-6a83-4358-8aee-66ad84dc9994, 242,997,388,Yossi
ca5023af-03fd-4d31-87b3-4db723136d56, 404,722,397,Yossi
1c7aab34-67c5-4adf-8ead-4cd5bfcdf5cc, 358,546,186,Yossi
80fa74c0-b52a-4cc4-b487-04779183a346, 962,817,171,Yossi
5fd74629-9ba6-426b-9293-2535efa3bdd9, 552,37,213,Yossi
c2ebed9d-fb7b-406b-a82a-747a5533013f, 706,713,731,Yossi
47a2b2e3-b1ff-4847-8b8f-6489b7fd93ed, 318,302,856,Yossi
3bcede13-8ca9-431e-9680-1c93c204bbc1, 586,719,700,Yossi
9a379731-898f-48ec-8dfe-82b1c6ab16c3, 432,941,19,Yossi
0ac74e80-bb32-4e66-86e9-3df1dd07f306, 377,900,82,Yossi
dcac9e41-f8a2-4f92-b080-b5252ff74e7b, 157,711,932,Yossi
61ea1f5f-b848-4ded-8ebd-05f50f991d70, 220,490,291,Yossi
c0de0d83-bf92-44cf-b116-a05776b9db4e, 476,909,222,Yossi
d384ee60-2bcb-4480-a458-91db27d9a2e0, 750,475,701,Yossi
d7a317ca-381b-4d02-96ea-1c05eed479f0, 825,99,19,Yossi
0e9934b7-e03c-4607-99bf-8389c2f3a853, 671,308,188,Yossi
7093ab10-dfff-4e88-a656-00548707966c, 870,614,21,Yossi
afc9d66c-fcc8-4967-a5ac-0c67f3b63d1b, 469,670,758,Yossi
30ca2ef6-a910-48d9-a300-fabdec0a88e3, 159,655,278,Yossi
13aeb175-b8ca-4825-9e64-80d3776e2475, 686,971,779,Yossi
6a4ecf52-0376-4fac-8238-49cc60f0c9f1, 378,980,645,Yossi
042bb0fa-c1b4-496e-9647-43e19a0bdaac, 104,805,106,Yossi
d734fcc2-2a75-467b-bff5-972366b801d2, 237,332,545,Yossi
f7bdbe52-413a-4685-b892-1f08a87f6030, 920,231,803,Yossi
664e4ce5-0f23-49a9-bf61-8a40384e4507, 509,567,825,Yossi
1cabc47e-247f-4058-bdf3-7aa21d6b75c4, 156,759,621,Yossi
6c88b40c-0ca7-4913-b732-38ba264e4cc2, 682,760,634,Yossi
ee229971-ec5c-4148-b514-f4a7f642e884, 830,506,286,Yossi
f22b6c85-7e23-43c6-9c0e-1b303ccce6ee, 61,686,42,Yossi
32bd632f-b772-41b3-af68-0664dd112054, 174,61,833,Yossi
a0a82c21-e151-42a9-8465-71753f562904, 14,788,937,Yossi
16bed099-a1ac-4d11-8610-e05e803d31ce, 441,372,494,Yossi
4bcc943d-a480-4983-891c-8febdffab6d1, 56,721,292,Yossi
843f72c2-e223-4725-a021-e5e4c7730fd5, 912,434,974,Yossi
65ed9500-228f-4442-9440-5f32926f6544, 642,948,384,Yossi
815b255f-10d2-46ee-9f74-64eebb348387, 217,959,104,Yossi
e3c3fa0d-99ab-4aa9-98c7-aa6d3c05d375, 931,4,894,Yossi
c86ce577-528d-46a5-b823-9bc6bac35785, 656,5,211,Yossi
f39c88ee-63e0-46e9-9ee5-4490270ac102, 146,547,474,Yossi
b7083355-d7fe-4916-8905-786ddd0c5dcc, 360,44,120,Yossi
fac78fea-aa9d-4d88-bf92-0c406c155e32, 64,63,272,Yossi
5ddaed0d-500e-4a76-b740-7faf928b9896, 710,907,441,Yossi
c22c0b9f-88dd-4ff8-a972-8f2d0cdb525c, 864,68,196,Yossi
d1053edb-680d-4a76-9c2a-43374601cd41, 331,100,39,Yossi
e9acb754-76f6-4e3b-a4bb-eb5948dd0bc6, 329,768,327,Yossi
f400fd5a-fe0e-475e-8ebd-6b94ffb7d20d, 659,188,556,Yossi
cf0c283b-62b2-43e0-a2ff-d4ec780f5daa, 901,843,726,Yossi
e72429ca-ac74-449e-80ed-3d83b74ae7ec, 937,242,57,Yossi
52eae932-b26e-4e89-9070-ee014dbdc4af, 938,356,784,Yossi
4c0bfb1f-3e47-4d0b-8cb4-7a3b2d80fb15, 726,296,823,Yossi
a5401f6c-588f-4e25-9054-e15b62faebfd, 20,694,678,Yossi
0d13dd0c-8965-44eb-861b-dda7f54c3e45, 173,848,371,Yossi
dbf7def2-93aa-41ba-a98a-dd8e0d6fe866, 702,930,42,Yossi
b305c618-3350-4036-8ffe-21a5249464b9, 941,351,891,Yossi
3ab9a053-9529-486e-9341-810d85fbf0c7, 906,600,902,Yossi
7e98a437-4b85-4ad1-a1d2-a13ebfd7954c, 856,327,235,Yossi
a8b9fdf1-5ac7-4a2f-8109-a19c81851683, 883,486,359,Yossi
3af72629-e39b-46af-8a86-2d37ac141080, 917,458,199,Yossi
c8ca1370-b393-4d97-acd2-e478f5d59fd7, 392,126,820,Yossi
2cfa893f-5fdb-44a7-9ded-db9471758f78, 215,771,551,Yossi
dc67da49-b264-4e7c-b327-ebb016d374b2, 655,139,771,Yossi
bc7f4838-2989-41ee-8b60-146c70f4438a, 371,312,405,Yossi
a8673583-f8ea-4681-8168-4b30fcda977f, 360,156,919,Yossi
4bd0a2a2-1dea-44a4-ae11-e492bc68ce23, 954,955,257,Yossi
ca38629d-998d-40df-8802-e50211d63857, 515,958,492,Yossi
f14f1d4c-c12c-4a69-8900-f74a14bf5e0f, 833,31,640,Yossi
b2fa0ea6-dbcb-4c43-ac2a-6e9113d73cc5, 153,83,29,Yossi
91db6936-4550-4457-825d-3f9f488f2dad, 550,841,808,Yossi
d6bbcb30-df98-4f2a-9814-c63d9457428a, 464,102,237,Yossi
70b4bbc2-34c2-4deb-84ca-fda4b960c0c2, 479,780,723,Yossi
f997960c-08e7-4992-baf1-17c4ae177959, 549,487,159,Yossi
853b2993-227f-4cfd-bcc6-21cdf8db7b2b, 489,287,212,Yossi
09d480db-6c52-4c0b-b149-fbbaeb326abf, 120,536,289,Yossi
9a53c1a7-5f6b-4f0e-9165-596f66815e4d, 498,497,172,Yossi
95a02cf4-dba6-4687-8fe9-e19be6b89ef6, 314,928,530,Yossi
0bb96361-90ed-48bf-86a0-0eb9eb7bb188, 103,402,499,Yossi
984794b2-66d5-427d-92e3-dd0356198d3a, 706,557,96,Yossi
5a18d190-ece5-474a-9bf2-45a8ba2bba2f, 180,63,689,Yossi
4f763cf9-bc1a-4ad4-a2f3-e72fef186c25, 522,105,297,Yossi
5c870a80-333e-4ca3-8ec1-42776c44b204, 962,906,210,Yossi
394aa02d-aa56-4042-aa34-ed1d96478e61, 168,879,375,Yossi
414a5675-c93d-4c78-9607-a0660136c40e, 197,406,468,Yossi
dcef9a59-3101-4d43-a8d7-b3228782be90, 98,27,672,Yossi
de9e372d-c014-4822-9349-e1856aae2fb7, 281,714,494,Yossi
2c38c3b5-ba26-4bb3-a468-17042f24328c, 352,654,585,Yossi
9f36932a-56fd-4027-84be-4e0aa53d59d4, 856,236,912,Yossi
d93ad1a0-b616-43fe-b9e5-984177938a53, 279,362,699,Yossi
2ba9cb9e-9409-4941-a35e-dd592864eeae, 737,772,223,Yossi
39c9b9ce-3de5-49c2-a185-2e9743fd06bd, 627,369,425,Yossi
94dd1675-743e-455d-98a8-7f67f96c63bb, 469,965,182,Yossi
23156f16-8d15-4833-8d06-10f1a97e31ff, 914,157,629,Yossi
31fede8d-f8b2-43bb-a77d-67c4bae37787, 80,330,616,Yossi
52ef62f7-f8e8-4f6e-a67a-3658d73953ff, 795,118,522,Yossi
8983f203-6f1b-45bb-8173-da969cca6d14, 62,5,376,Yossi
d7dbadd1-7000-406a-b2aa-de5adc73b5f5, 825,425,842,Yossi
07ddd214-fa63-4acb-aa29-44dcf47ca6ef, 601,827,407,Yossi
928fc015-6dac-405b-9b02-9b16dc61e2cb, 105,665,867,Yossi
92cbd524-676e-4ed9-9c2d-21c3321a6b66, 384,683,544,Yossi
3b8927c6-7ed9-498c-a587-8f472f7b512a, 509,430,107,Yossi
6bd1a218-9d94-4073-9925-836d87252189, 153,568,37,Yossi
a97c34d4-647a-43d5-956a-48449dc6dc7e, 43,628,60,Yossi
e49a739e-1daf-48ff-b8b8-bb903061b339, 490,365,558,Yossi
b62a5a72-9402-4b17-90fd-3ba0fc4722e0, 863,272,324,Yossi
caeda178-19ab-4a5e-9fb3-fe10caeb5d44, 967,62,119,Yossi
9b8c6806-c6bb-4978-b903-798fd6e55c9e, 390,217,358,Yossi
591f1687-2777-40fd-a03c-3c85dbdffeed, 323,910,347,Yossi
16e03015-5812-46db-8841-8425a23199df, 379,27,541,Yossi
4a596627-af35-43e7-b469-fbf5cb7e2117, 19,365,301,Yossi
0293a4a5-60e1-4915-bd5a-673cca02fc7f, 313,531,472,Yossi
7990a458-797e-4d82-8503-6f22f5c3a7f0, 85,569,899,Yossi
eb031f81-759c-4d93-adde-f0009572ad67, 509,642,549,Yossi
0dcb36cd-4ee0-4218-8b90-d60043f66b2d, 486,19,375,Yossi
d85637bc-2be4-4535-aa5c-737f382783d4, 316,336,61,Yossi
1012075f-5b0b-4d5d-92d2-3fa052691518, 284,736,555,Yossi
de134833-8269-4ca0-9bce-4ddd5015ff9a, 84,136,603,Yossi
77ad7109-2e78-4f18-821e-4b43112993a3, 749,992,466,Yossi
9d57b3cb-f23a-439f-9e27-9694c01cb5f6, 187,187,519,Yossi
d3d7af87-6f2f-4704-b8ce-001487815ffa, 759,772,541,Yossi
dbd3e7b8-e2a0-49a4-a407-f221b0c12662, 494,25,264,Yossi
cd1827ac-2dc0-430e-97bf-8c4b3292c3da, 758,178,833,Yossi
5a5359be-b217-403d-9962-a8010febbc3c, 86,779,702,Yossi
26b92946-265b-4aec-ba4e-a6f4340a788a, 424,458,418,Yossi
a49bc5cf-8de0-44a6-b63a-c65ce2b431c9, 568,902,198,Yossi
6e60d5b6-fc87-49a5-a8be-714d304435f4, 981,7,575,Yossi
2687c471-d728-4017-b8eb-33c77cbd3813, 287,95,290,Yossi
ef65d73e-6632-4fc2-9d88-615d062e37b9, 984,934,229,Yossi
813d52e8-233c-408a-bde8-c454db38af36, 696,563,537,Yossi
86b6715c-6cd0-41af-9ccc-5f1a2f0c3ee4, 6,896,383,Yossi
98911a61-0796-4a6f-919b-57a9e5d64a15, 381,749,869,Yossi
f4fd3373-4f60-4605-9b89-454d1e11fa7e, 9,991,993,Yossi
e8eb8662-02c7-4f34-b10f-eebdcff0b2c1, 112,557,159,Yossi
0b3b5c06-0dc4-4f67-b066-060f4d9e7db5, 226,199,955,Yossi
9a3d826e-56d5-49b1-b3d6-83a5192c6951, 852,658,677,Yossi
83b9deb1-d38e-4a75-a7a1-432e57986721, 186,181,91,Yossi
eeb57329-41cd-4f69-bc3b-35f22569e8c7, 268,205,180,Yossi
5d9ac153-c00c-42bc-ab0e-8081f761b5f6, 942,472,677,Yossi
c7bf5394-afe6-485f-9c05-f0fd7a513dff, 252,509,90,Yossi
57e5d87d-e237-4b9e-89f8-75ddc05982b7, 35,62,613,Yossi
8dbb33fb-9c0e-48b7-be9c-976ac93ca10c, 297,80,881,Yossi
c08e4536-9ca2-4677-8bba-2b9e98a2e098, 320,44,707,Yossi
df3373f9-4b3d-4f5e-b274-b8eae90878ff, 547,560,910,Yossi
d00e60df-cb14-4ef6-baff-c5ed90cb535e, 204,869,449,Yossi
4c01348a-1b09-4cdc-8d01-1193230591ad, 417,62,895,Yossi
3ac36098-7b7c-43aa-b626-0d336708e69a, 333,133,276,Yossi
f312d22b-d19e-41e2-9ad6-8cccee0f2dd9, 550,510,382,Yossi
0a3795db-b0d7-4f82-aa74-754c270ff32e, 446,737,692,Yossi
4cedeef1-9642-4343-a272-5abdff5dadb3, 204,437,277,Yossi
0c91c116-85be-43f9-8404-d9d12d9b0807, 192,756,483,Yossi
8822ea48-b52b-4e1b-b0be-9034d82075ee, 904,77,495,Yossi
5915aca3-1006-4cc0-b7bd-8c0228f12271, 544,927,119,Yossi
d96b8de7-8401-43ed-b308-ece96ae06863, 75,533,615,Yossi
7b4b4c8d-37b7-4c2b-8592-8203146bcfcd, 968,637,620,Yossi
4cbdc40d-20f0-4a5e-ac3a-70b9be82285e, 179,65,335,Yossi
026739d7-99d1-4169-8134-b0971fa5c9e5, 730,526,411,Yossi
2982f3dd-80d6-42f3-976b-adf0b036d082, 781,917,376,Yossi
fa03234a-8f0d-446b-a484-1d8bfa453907, 812,483,550,Yossi
79dac7b9-b66a-41f5-8454-0a210e10e75f, 232,849,342,Yossi
f54d214b-756d-4e29-8f6e-aeb71e751a13, 190,117,606,Yossi
fd933736-b399-471a-b242-9a422ea6ce54, 430,356,803,Yossi
0abc144d-3e90-457f-a36a-210a64473d2a, 428,299,792,Yossi
8507cdb7-29f3-4286-9814-c317c0f61f17, 952,872,133,Yossi
38726d20-6308-4b9c-912e-b7c467b44e33, 777,259,599,Yossi
dc0fb1f2-0d33-479e-96b7-32ffd3af9b69, 660,581,871,Yossi
e874d9d1-a3dd-4f7c-b193-62cc02c88e5a, 761,267,672,Yossi
65e96e02-a1a1-4494-87b5-856648f8af01, 358,472,909,Yossi
bedf505c-1322-48e0-9150-8fa5654dc5cd, 865,410,837,Yossi
b837632a-f66b-4a31-92d5-b6bb40827e22, 107,92,593,Yossi
0c6029e1-a885-4ab3-97e0-52f76a6c1f3c, 943,312,79,Yossi
ca98b430-e635-4dd0-a91f-1da526a9f8b1, 775,884,417,Yossi
54116b42-0fa0-4203-b517-27227cc65da9, 9,538,282,Yossi
6e2c10c7-1589-41c4-9256-eb3730306de9, 815,750,764,Yossi
e35e7792-6efe-4769-9806-d09c580ff84c, 541,776,653,Yossi
43afafe7-85a6-46db-9e88-f59630b8cdae, 279,4,659,Yossi
97e1483b-d935-4133-8383-e2e294a6e6f5, 776,153,901,Yossi
3aa944b3-c1c4-40c1-b51e-2e0c305bbce5, 678,470,582,Yossi
7ec88418-1b1f-4712-bf54-d4cdd323baa5, 669,830,643,Yossi
1bd6bfb1-216d-44ad-b257-e986a1ca4c04, 695,564,944,Yossi
19150a80-2512-4cb6-9745-2c7952136dbf, 965,321,208,Yossi
dc82ff54-c6d8-4f78-a84c-98e0c4d1795b, 200,9,560,Yossi
2f06415a-abfa-409e-925a-d98fe561bb95, 55,3,374,Yossi
5424f7c3-11c6-423c-bc1e-b32b128ba932, 183,651,43,Yossi
31a79acc-0e3c-471e-89e6-b10bf6c17eb7, 590,944,516,Yossi
df2dbc42-e2df-43e2-8495-677674ccaa98, 906,815,695,Yossi
bf9ccfe4-0c8e-4a75-a73e-f3cf72d157ea, 257,587,407,Yossi
1bac3b0c-ccd7-4bbd-afc1-5c9cb58245f9, 178,330,937,Yossi
b01348ea-0660-404a-b31e-eadfe0ccd56e, 690,266,841,Yossi
22fb3b7d-cdab-4e8d-b693-ebfb1077571b, 495,107,54,Yossi
4e85db2b-a428-4940-ab18-f5d3251adf1f, 772,313,972,Yossi
32aea352-baee-4514-9d5f-6152f6536453, 336,849,429,Yossi
fb10bf2b-c756-40e8-b7cc-923943948476, 557,342,768,Yossi
1186b50a-b5a2-4721-9091-534d81e32cbe, 93,225,2,Yossi
731d3b27-2717-4000-b6fe-30758359a971, 286,593,500,Yossi
e450c3cf-2f82-4a5d-b96f-ad8b6c7cd8a9, 858,88,524,Yossi
bbbfe043-033b-4a9b-b2ce-d6c289cbb57d, 67,761,15,Yossi
70f582ca-29ab-4f9e-9f27-7550f73ab6cb, 946,439,976,Yossi
22cdd9c3-7a49-42e9-9140-bb8d2202ccb7, 538,787,990,Yossi
f4af1ce5-6901-44d0-9947-343df2362666, 269,508,741,Yossi
e9e4e752-4f5e-4491-ae2b-89f19780c326, 718,558,895,Yossi
724eb0d4-883e-47dd-b275-4228eedb4489, 320,409,339,Yossi
382fce56-e57a-436c-bd8f-1a57514a97bc, 70,255,95,Yossi
f6311407-aee7-434f-bb29-b7633ae0f8e4, 87,350,474,Yossi
6450ce52-8e4f-43b6-b5a4-850332696a0f, 925,164,363,Yossi
3d53be17-f1f8-4950-b74e-f5bb152103eb, 405,891,735,Yossi
14977063-6263-4454-b52e-5d01b932cdd0, 438,831,179,Yossi
8c026aa4-b674-4e51-9c35-a87208909994, 317,429,344,Yossi
b56e1309-4b57-48a1-9131-90b11325cc9c, 39,825,873,Yossi
c6804fac-203c-4131-85c1-541b1e8ed781, 995,796,63,Yossi
e01cfd18-eb10-4519-b6ab-4dc4d077f86b, 437,289,832,Yossi
27b588ae-c299-4e27-836e-9f86e843799f, 28,374,665,Yossi
0889a485-f132-428c-b605-876258091ef9, 105,964,185,Yossi
2894ef46-285e-4414-b608-f242c8736813, 162,789,832,Yossi
251bb24a-4153-43fb-812d-a6de61fe6bf3, 429,978,411,Yossi
5aee7de2-7d75-4b05-8fe8-a24d3caeddac, 540,22,275,Yossi
028e8c8d-20c9-4269-85f1-11ace2908e5d, 614,133,894,Yossi
92dce57e-7a84-45e7-9b22-37efcdc190d0, 256,830,676,Yossi
1c629b37-b8dd-4fe1-afde-d6037da06e88, 562,401,130,Yossi
adf6a5e5-fa0e-4147-8eb3-cc26ad3c5d98, 551,282,583,Yossi
bb5d609b-b4e5-4efd-a1a5-3310a975146a, 465,73,457,Yossi
e2b61f8f-9af9-458f-b4fd-e482ee05eea4, 33,648,62,Yossi
7f43c274-9a20-44df-a4cc-5afb9d015a65, 640,898,788,Yossi
f03a42fd-a1c1-4c49-bd5f-bdb9da4d5bdd, 696,301,926,Yossi
a1bff7b9-e119-4e1e-93a6-b4f8f5da3fa5, 550,277,43,Yossi
0298bf13-6b50-42aa-9fd0-50b69c258ac7, 346,886,449,Yossi
1d22a3ce-b547-43ec-8415-600e7bdaee8a, 932,497,803,Yossi
abc8310d-8796-4320-bf79-edf78ac2d0e0, 598,381,663,Yossi
763806a1-5f77-4e42-810b-0ebef5ef066a, 167,182,458,Yossi
9fd7114c-9151-439f-8e32-2e9b677e25ee, 157,464,971,Yossi
e2378b32-8933-45e1-8199-30c00045efe8, 535,553,683,Yossi
d077cb6c-6df3-4c92-8893-2d2c02d9f4ef, 601,695,716,Yossi
e15bbdac-77b1-421b-8e5c-462b52090dd2, 375,397,330,Yossi
1d731459-f4d5-41f4-ba79-5b7514ea26b9, 350,899,123,Yossi
f4dbd6f4-8122-4869-a7dd-ca642ec2375f, 485,916,831,Yossi
2e65f8f3-f7fb-49b8-b725-e60493a107af, 967,704,553,Yossi
a883132a-c1da-4d59-b211-1eb1d5d4f106, 633,217,514,Yossi
076cd594-b562-4cf0-8d18-f451b6fb218a, 679,618,783,Yossi
7c1a08ee-1aaa-4357-8d0a-eedc3b21bcdd, 778,865,690,Yossi
7d9848f0-afe6-4781-822f-9463832cdf79, 793,864,467,Yossi
df71b8bf-d71c-4143-8611-5265804de0b6, 603,483,434,Yossi
5af95267-5a80-473e-a9eb-195222e63c2a, 815,162,746,Yossi
d77f9e6f-1b9e-4d55-91bf-39fe6c883541, 243,948,580,Yossi
1ba7a787-9807-441d-99a5-d20aab7a4dc4, 325,969,490,Yossi
f56a8fc2-1e23-457d-aba6-a14b5dcbf993, 120,582,597,Yossi
14aedd38-fb4a-43b4-9651-83fa1920685a, 681,113,464,Yossi
0435ae1b-fc4b-40cd-8128-fd8bece4901a, 830,199,476,Yossi
f62a063c-42a6-4452-8b8f-aa4f495aecf5, 903,523,247,Yossi
b498ed34-5845-47a8-9c44-80acb0232217, 458,854,934,Yossi
9352bceb-064c-4418-a25f-62f358f1f043, 899,821,828,Yossi
1d9e8683-4984-4a9d-a844-d1a8f68ee1c3, 26,581,531,Yossi
4c40e4ac-8d8b-4275-933c-53e99cec2235, 862,746,416,Yossi
84224489-75bc-43a8-a298-d9bf94fa6141, 687,668,755,Yossi
b2ce7f45-e54e-4507-ba77-1088fc1616e5, 85,724,755,Yossi
0b3526b1-dc57-4a46-b690-651941bf612c, 972,309,247,Yossi
963f4c26-1ee3-4901-9889-9389db388124, 24,560,36,Yossi
ce0be283-b1b4-42b8-8737-a33eaea42783, 186,98,753,Yossi
295e8c5f-a4cd-488a-a1f9-f34f632f3f2b, 227,961,666,Yossi
74796fd7-76fe-4569-9500-d5ceb7dca1b4, 990,698,959,Yossi
47bb47d5-0ea4-4713-8aa1-fad40432c4e8, 188,358,306,Yossi
77cb18e7-f93f-464f-91ac-219aed2d7114, 811,343,127,Yossi
59b3f98c-01ef-42f4-a5f9-4792a00e2eb1, 750,300,388,Yossi
402d2279-d519-49e6-8a15-485f0a019812, 958,256,835,Yossi
2740c8ab-b614-4571-9737-a60b2960247f, 182,993,443,Yossi
5f2d4c2b-29e9-4246-944a-0db62d476178, 707,745,473,Yossi
1d00fff0-203f-4224-aad3-38a3d0ee9977, 719,930,214,Yossi
f6393810-7440-4e5d-86b6-230c0f6ff7e8, 998,434,294,Yossi
76dc8e86-5d60-4861-9ce6-352cdbab00b9, 898,713,724,Yossi
e97782f2-d631-4262-84d1-d1cb64e1b57b, 76,797,619,Yossi
0c0fd160-1bb6-4d54-92b4-6aa0cc5b84f4, 863,871,48,Yossi
4aa97747-a6b8-4965-b7bb-4ff14ab4395e, 456,500,311,Yossi
29f5bb4e-eaff-4365-8e02-94b862fa6007, 450,273,382,Yossi
9c8c6bd7-0c99-4ff5-bb6f-e1e1c479c4b3, 628,222,10,Yossi
34a3b83d-53de-408d-9a92-403d17d8e0f5, 858,65,304,Yossi
adac8fea-67d6-4b0e-828d-f8626d2112c9, 200,4,104,Yossi
1377b7db-9f69-40ea-a863-1c151b9f59b4, 310,519,216,Yossi
c41c5b8e-e0fe-4252-9f7a-9ba54d1e4ca2, 194,271,767,Yossi
71147722-1d24-473d-9a0f-bf0b9645679f, 745,188,922,Yossi
448b495a-b48c-4fcf-a66d-c9d669a8e4b1, 12,912,628,Yossi
ff08ab17-1fad-477f-927b-0ec188d4e8fa, 402,674,501,Yossi
94a3ccc7-5028-4afc-8f4c-51d85db9aa69, 767,95,384,Yossi
db323061-d31c-4d03-b368-4e7fcbe43b09, 787,725,493,Yossi
6e41423f-c748-4515-aaf3-a43a2416b320, 133,257,473,Yossi
1a0b7b20-b4bf-48a2-a041-811274e558e4, 92,92,708,Yossi
95c42a3c-1056-4433-b021-5b680ce6b75f, 205,141,370,Yossi
d11f580d-0272-4989-a5c2-1cc603c5681f, 988,698,709,Yossi
a8b8e429-1402-4927-ace2-14113eb0f4aa, 621,765,279,Yossi
66506e19-9ab2-4980-8321-7706e656c3fc, 404,670,601,Yossi
82a1c7ca-f4d1-4b0a-83d5-73f6553d3f95, 279,709,312,Yossi
5108c5e5-17f7-496f-9093-372bd734ba70, 388,439,359,Yossi
e3ff2c3d-af35-4cb2-9eea-a2efc96b1a03, 752,227,546,Yossi
ae125996-0c0a-446f-a31a-20d7fd8107bf, 507,91,969,Yossi
d5738cc7-f32a-4e14-8252-646d6c575b05, 919,412,278,Yossi
45dbcc3f-5f91-4c39-8d7e-843c1c874952, 609,177,262,Yossi
00e01742-041e-4840-8457-27e4ed68817f, 741,103,179,Yossi
5fe29800-896e-4d02-b9b0-be1f4e383e99, 60,540,47,Yossi
7dc93ff7-3bfd-4b04-830d-b24644045d49, 553,22,214,Yossi
7823fb23-c36b-4b1b-9983-ab67055e1c38, 917,780,908,Yossi
8f345bb7-713d-491a-b8d3-6ea4aa796937, 223,364,423,Yossi
4120749a-a261-4da7-9be4-621e493ba574, 782,508,16,Yossi
aad8c92c-31ab-403c-833e-c6ef898fb90c, 181,744,817,Yossi
bc090fa3-c56e-4ee2-8e43-8e3135ea8062, 114,338,863,Yossi
aa0eae3d-e3d7-412c-b88b-e5fe868b9ef4, 163,696,50,Yossi
3198171c-84c9-41ae-839d-e9356b8269e1, 399,70,287,Yossi
5169c4f2-1414-4bec-91f7-a36eb3fbb891, 431,13,589,Yossi
bccf83b4-7662-49bd-9681-64159e90ff5a, 17,661,568,Yossi
638b0f53-fd6b-413b-8e5c-882064099b61, 422,220,170,Yossi
6612e368-71c1-424d-88c0-b937ff6e6abc, 266,834,418,Yossi
acf2c29e-9871-46c9-84ca-07e23ee9751e, 146,833,446,Yossi
4780b9af-eaa4-4fdd-9b6f-d3d4cc32d2ec, 637,285,726,Yossi
0b516245-76c9-4cfd-8964-238a112c4d77, 546,137,902,Yossi
314b65c9-30b4-4fdf-9116-87b0b334a47b, 263,428,432,Yossi
89ba1c4f-7120-44b5-874e-bb1e078234cd, 444,627,763,Yossi
2d43974c-7a53-4eae-a98a-19f79c054c04, 315,896,842,Yossi
d20bdcd4-f95b-4fbf-bf5c-0016a750ed8d, 996,154,950,Yossi
0bf89a34-a57a-4e65-84b1-00295ba12f7f, 925,486,768,Yossi
56843acc-00cb-487a-b202-718669a794b2, 320,207,701,Yossi
48fdf647-f0fd-4d9a-b687-fdc20ff6bbc5, 854,361,288,Yossi
b90f5d77-46f4-4fdc-810a-2de92a5f72c4, 845,914,909,Yossi
bd77001c-5c5e-4df8-bf53-a1d7ffbc8e7d, 400,967,503,Yossi
561974cc-12d1-437e-8167-789502d33109, 418,524,412,Yossi
fbbffd08-a8c4-4e0d-9a65-4b4768673b84, 323,852,932,Yossi
e4139aa1-e95f-4272-8ebc-c624469d524a, 383,169,583,Yossi
85dcf837-34f6-4a48-9e10-877be8ae56cd, 157,571,35,Yossi
fee2f1b5-f834-4e1b-b19c-04a052c91a33, 803,108,323,Yossi
6dd8b2af-4285-4e30-bcda-76c09287e2b1, 326,269,680,Yossi
4c9955dc-50fa-454a-b926-3eee6b3bf7be, 466,220,347,Yossi
7d5d6f79-7ae1-414e-889b-d75f1da6fcda, 676,318,79,Yossi
6761ad42-54db-4fb7-bc07-e3d3ee017e3a, 25,691,774,Yossi
bfd78766-1607-4f85-bd4c-8ee7db8925d7, 615,417,512,Yossi
e356e0a1-6573-421d-80d0-3086a2385cf9, 522,45,659,Yossi
b79cbec1-e5bf-4618-8bb4-4b69963951ba, 261,895,372,Yossi
1b0c52ab-5108-4b20-b5cf-485b3793f838, 431,673,301,Yossi
180e32bd-965e-434d-ac32-55b54fc7bfb6, 19,542,318,Yossi
a4b9e44f-6a73-4562-b262-de5753ecb10a, 185,163,634,Yossi
9800e82d-be49-4e66-aece-df3d7d07cefe, 667,51,254,Yossi
3ff2a474-1c5b-41d5-9199-661b5b3b4a56, 963,519,646,Yossi
ce2a22bf-c5c0-4423-94fc-382d5eedab9a, 229,932,748,Yossi
d4662ddb-2177-4c37-be1a-4a1f4db6f544, 156,740,207,Yossi
b2c71d51-1f4c-40cd-93b1-36062eda190b, 333,299,161,Yossi
9a86754e-17b8-46f3-a703-d088621da252, 158,767,751,Yossi
dee1046b-0b33-405c-83a4-b542577a2d66, 72,634,526,Yossi
14b4be6d-1f48-4a6b-8d14-87d114d54e11, 374,543,211,Yossi
64b7ba30-5ccb-421a-8f34-8a80aa30f6ac, 950,893,594,Yossi
aaf11dfc-530e-47ec-9908-449539ed67a0, 380,448,676,Yossi
90e4bfc3-25b2-48b7-9271-c044afb724a2, 30,492,155,Yossi
162e8d33-a066-4359-becf-4a000d84f66b, 444,356,641,Yossi
817b0975-6d65-4959-a558-7f6fceaa20cc, 521,650,896,Yossi
97416306-b2d6-4f13-a0f4-6832658cd6e2, 864,293,112,Yossi
5b431f5d-f5c6-4825-ad65-0896b3b8252c, 910,105,155,Yossi
8b5fde13-a2a7-4cd3-806f-8b5644955722, 166,98,375,Yossi
ab7f1bb5-b53f-405a-892d-4b81cf8e1a25, 140,859,773,Yossi
76ba7e08-2778-4bde-bf71-34829285a053, 566,114,528,Yossi
4995477f-af98-4df4-a4bf-44752221da52, 108,293,506,Yossi
ffaff342-0159-4b25-a3b5-82916f9b4073, 43,14,624,Yossi
d843ebf6-924e-4000-ade4-e9dce0a95ef5, 52,848,484,Yossi
40ee0a9c-cf32-4257-aab1-ce4f83f86af1, 72,127,249,Yossi
b3cbc8ab-e5c1-48dc-a311-f04d4443189f, 52,888,941,Yossi
24f8e28f-2a9c-4404-b674-3fdeac5e9929, 519,635,118,Yossi
fff2687d-2d4d-46bd-b54b-7fb0329d0e8b, 853,206,341,Yossi
6bda2f89-fe1d-4626-bd4c-2a4f2e5dd57c, 415,463,439,Yossi
7dc887ab-6213-4877-8ea6-895efc2f56be, 56,785,796,Yossi
bf9a8155-c203-4406-acea-883e91955c50, 220,240,587,Yossi
082ddd35-d13b-4336-af28-ed118ddadb91, 901,463,379,Yossi
daa4f45c-cc9c-4fb1-b26b-37efe814a01d, 626,336,64,Yossi
5db9d2a4-7839-458a-a2a9-40edb7610abc, 135,478,636,Yossi
bb2ecfa6-ffe5-4e29-bc0e-040cc80dd478, 272,812,444,Yossi
06f899b8-b270-4dac-a652-438d3cd73455, 626,838,977,Yossi
29fe1d07-677b-46ab-a481-975f73fe2325, 905,114,209,Yossi
936869a3-cff2-42e6-bd05-690b4e82a7a9, 432,620,225,Yossi
fb7b071c-a9b6-49c7-9794-2af61e97f5cb, 656,711,906,Yossi
2011c2d8-e87f-4201-9170-a471341cfc0b, 188,692,828,Yossi
0fe85adb-109d-4083-b42c-86db644c5e20, 68,985,228,Yossi
7e087e1d-bc82-425e-aee2-b9c9f51ebd24, 827,831,608,Yossi
21f8e8b3-9766-4f4f-b885-d3ffd5df686a, 896,169,662,Yossi
93014c40-1bca-4a5d-ba7a-b82293132260, 869,425,553,Yossi
450cb219-a877-47cb-8af9-0086917e9e92, 878,384,158,Yossi
6871e4b1-4238-4eae-8978-958296677c9f, 480,582,392,Yossi
d917838b-caf9-4bef-a385-30ee4791cbe9, 895,787,623,Yossi
def6540e-23ea-462e-911d-b11b67fd959e, 460,150,671,Yossi
da45b83c-8ae5-4a52-be03-079e7c3eb1b1, 587,787,619,Yossi
6dc70236-20f4-4901-a0d6-f796c4fa80bd, 363,246,750,Yossi
45a5d72e-7024-40ec-9267-18e738d2cdcc, 471,439,643,Yossi
548da640-f6bd-4f56-83e9-6418fc0192af, 234,68,491,Yossi
ebf62e20-88d9-4a01-985d-fab15284a17a, 408,443,980,Yossi
938c91c2-0f50-405a-ad2f-6b63738bd4c3, 834,729,670,Yossi
861452dc-3644-451a-9658-7bab9516d2c0, 315,37,687,Yossi
810cb3bb-9a3a-483b-b3ee-0d23d493437c, 654,553,236,Yossi
1506cc4d-ab61-4cbb-b71e-26dc1c99da0e, 67,177,130,Yossi
2dbc8c6e-3d04-4196-abb7-d48b018ddea5, 515,291,903,Yossi
44264069-cfdd-467f-8619-ded932216683, 206,606,836,Yossi
bd9baf6a-b603-4bfd-a9a0-77a89352796d, 556,240,44,Yossi
011d6741-57c9-442a-a9f7-52bf39a55128, 988,533,922,Yossi
58ede5cf-a4f7-4104-a289-efb1034833c9, 911,398,985,Yossi
49f33bd5-ce95-42f5-8564-56122a34aba1, 909,645,317,Yossi
e997caf8-8735-4002-93c6-c4c6a9ff5eef, 666,72,139,Yossi
0d61f4c6-1aab-4e65-b2bf-83daa6dc899f, 410,62,59,Yossi
48874cd0-4033-4bd6-98c5-a0e823b8b592, 952,145,114,Yossi
8fe28f46-8116-4a71-bab7-034cdb584289, 982,932,235,Yossi
78339773-321b-4f33-981c-c5cec44ac723, 383,297,69,Yossi
a5307d8a-8b22-4a5b-8b11-ceb7d98d2d3f, 620,954,148,Yossi
dcb423fe-61da-4fc7-8bcf-62ff16cba736, 738,29,460,Yossi
ad35ac2b-9930-4958-aa7e-a4d2728fa82d, 654,851,203,Yossi
a68381e7-d048-4d64-901e-6b3619bee783, 936,844,197,Yossi
2832f243-9108-48f1-8e19-f0e65bcf16bf, 747,403,637,Yossi
7322b81d-bef5-4014-b876-53aaae625490, 701,744,907,Yossi
e27d462e-9d2e-4664-8ddc-c218c04f502c, 917,400,105,Yossi
134fa5bc-c476-4b85-8a43-00e0eefdb5b2, 990,105,230,Yossi
d3175eeb-4199-463d-bdb7-537131424033, 844,252,461,Yossi
f5923179-4365-49dc-863f-d1f40a637587, 722,572,307,Yossi
63ed735f-56ce-4a85-81f5-6243be8f537c, 808,606,237,Yossi
3b51d8a5-a556-4aed-bbe9-61650fc61e65, 853,291,442,Yossi
f7e1bc67-d59f-45c9-8491-49934b9edf63, 837,171,616,Yossi
8a15d7b9-7139-495e-852f-cc81efc8522a, 855,12,219,Yossi
4673b315-a958-42f7-983d-4660ffad14a5, 934,472,216,Yossi
f2e0d5e8-264a-4ef1-afb4-730f40c9d346, 861,206,741,Yossi
b9fa5c21-4624-46a5-ad27-49c707a2fe10, 476,281,188,Yossi
b20b51a4-94a4-4b8e-b98a-63b50937ab60, 326,464,895,Yossi
b0692fa1-6d23-4930-939a-ad182c68a536, 962,629,850,Yossi
4ab4efdb-25bd-4b4f-946a-95f2157a0318, 917,892,775,Yossi
a84ca910-2b4c-4540-b855-772fcf5abcc2, 998,930,280,Yossi
f6ea58f9-4b0f-4cd9-ad4a-48895e1d885a, 894,129,239,Yossi
a0e15697-04b5-4113-ac38-5883259f4e71, 958,892,113,Yossi
d64f572a-f4f7-4606-becf-1c178c2b35ea, 195,863,573,Yossi
11050fc4-1a90-431b-991b-c7fff4b42130, 291,63,388,Yossi
fa99b26b-bb9d-4d6d-b759-30e6f4893bdb, 885,56,632,Yossi
9b5b9b19-b868-47be-9e32-c9c88e5b569a, 15,982,47,Yossi
f3642776-20b4-4f50-843f-ef55cbbabb0b, 719,247,291,Yossi
98e52386-ffbd-4657-ad4f-c69629e6366b, 120,483,142,Yossi
3756a3c8-7c3e-4daa-b5d2-8d0edfe26e26, 340,889,660,Yossi
f7b9f732-64a1-44a2-940a-1b7adb8de91c, 591,919,277,Yossi
ffba85ac-cd6a-4ac9-b9ef-9bcf00427d76, 840,856,81,Yossi
d5c54c06-a598-4c5e-bc2e-7a517fd97c98, 938,40,344,Yossi
907f57ab-2702-4b8e-872c-3fd8bcb83a13, 975,901,312,Yossi
00e45103-04ff-4451-8a22-bffcb580d880, 629,281,417,Yossi
92276401-9c6b-48ad-bb56-a299e62bd7de, 613,36,402,Yossi
ab49df44-652d-4663-9553-41134a1a6231, 507,78,574,Yossi
72c32516-4ac2-496b-99a9-db245207e958, 219,902,909,Yossi
0d6ba02d-974c-4a8d-bdeb-c119c39703f7, 728,280,683,Yossi
9dd662e1-d1e7-4721-998c-a04ba913566a, 987,775,645,Yossi
f9f2b50a-b499-4720-b6f4-536334e7794a, 98,618,4,Yossi
1f2f0d20-91f4-47ce-b3b2-6f99437d3aad, 451,602,942,Yossi
d829f0b2-5c59-48e6-9e74-8dc5149a58aa, 297,450,205,Yossi
3fcd70ab-eb0f-4e30-b8d9-ab53b57d1d22, 308,945,16,Yossi
9bd58532-1680-4c5a-b622-33ed44405d81, 288,38,82,Yossi
9702e22d-f178-46fe-b85d-86161b8014c2, 734,90,965,Yossi
8e22a2d0-8daa-4f6b-aaa5-2c34890348e1, 872,505,447,Yossi
5646401e-d178-4e5f-aadf-31e68c276d96, 738,831,811,Yossi
daeb2ba9-fbc4-42f3-a70e-22df85b1140e, 87,373,17,Yossi
a1a1dbf0-e19f-4ea6-80f0-22f8df8ddeb0, 367,112,577,Yossi
6a8aa891-b996-4cd9-a952-dc6f2bf80769, 397,949,264,Yossi
34840b40-a7a3-4287-95eb-2bfee9412390, 698,878,283,Yossi
b1698b7a-c06a-4cde-a041-c9206e12ac03, 309,178,677,Yossi
3c5ef4e2-e48a-42ab-8023-ef9c805696cd, 474,317,584,Yossi
ac11acc3-882d-4d9b-87b7-87bdcc709058, 197,200,131,Yossi
25fd198b-c845-4c6f-8f34-8552972ba075, 558,929,865,Yossi
274289e6-f29e-4439-8708-886aec9ab387, 827,993,190,Yossi
9cbc6e02-6810-4a70-8935-c17b1dd2397e, 717,115,271,Yossi
997a75e8-bfb1-4a9b-8a2a-9311c03b7deb, 198,358,786,Yossi
2ae8864a-f341-4437-8785-59bd59da67fa, 191,365,230,Yossi
c38588e9-d375-466b-bf64-d611bd34125c, 926,928,339,Yossi
2fca2933-96fe-4c77-810e-3ff200e3f346, 627,909,994,Yossi
8edaa950-0123-45d0-8cd0-afdd49f563da, 751,588,159,Yossi
71c26e20-821c-4a24-be38-420c33731f0d, 797,426,910,Yossi
6800e31b-5bd7-4381-80e4-5811ecc22e7a, 288,399,189,Yossi
ac897259-ab15-4fd5-8c00-f967ea5a4110, 861,542,632,Yossi
d8b89f25-55c2-4a84-b313-bd8d8c132035, 681,527,442,Yossi
19a5b394-1322-4001-8d89-80553fbadb3d, 151,538,117,Yossi
dc86d36d-89d8-4bdb-8b4a-6e761f1e9516, 388,679,835,Yossi
2bfce84f-dc04-4318-b5ea-1f313c4cf550, 991,501,520,Yossi
3e216dca-a9e6-480d-a91b-8d00b588a7ce, 496,119,812,Yossi
ad0d97ea-3471-4cde-a2be-0c17812c0f88, 448,546,387,Yossi
bfe4a6db-9c9d-4e43-b6e6-143b46e7d869, 246,569,289,Yossi
f2454bba-e9c2-40e5-8ddc-899e848b16de, 135,806,341,Yossi
0969a8ff-b5e8-4602-97ed-593fb28314dd, 706,31,568,Yossi
82c0592d-1100-4346-ac25-63a90785f0c5, 278,429,714,Yossi
89804625-0272-4177-b634-90875ee1d3e3, 83,335,815,Yossi
53b189cc-df33-4bda-a2dc-ed5c092745d9, 155,508,837,Yossi
3905eb50-9ed8-4d9d-92f6-4488b0942e9d, 786,775,390,Yossi
d4fc998c-203d-45a7-872a-5a84ae516224, 222,240,231,Yossi
c5145ab9-f697-403d-b5ce-29caf62670ec, 160,758,88,Yossi
ede05574-98b5-458c-89bb-6c3086b9c6ef, 638,302,308,Yossi
ac37cd8c-a111-45c1-945f-cb908ea336e6, 99,839,852,Yossi
44166089-1b33-42e0-8561-ac08605aa0ae, 800,615,971,Yossi
1575bff2-6d18-4c58-ad33-cbf9a572058f, 343,546,720,Yossi
138e7e5e-85dc-4aae-9163-61b2d51511ca, 101,444,508,Yossi
11df44b4-2258-4dac-bf94-c05314729817, 548,110,250,Yossi
b0354229-6286-4984-888f-a60b7ed2fe06, 121,909,166,Yossi
ae466249-3afc-4b3b-b837-4333941d6843, 704,342,609,Yossi
e211751d-5465-411f-95ef-f95fa269623b, 974,660,770,Yossi
28d79395-c5eb-4ecc-b9b9-8018ee6b78e3, 996,25,330,Yossi
4229db5c-86a3-4cdd-9e45-5ad1e505c6e3, 58,974,48,Yossi
96a92fb3-4aec-466d-8837-fb869a12a77d, 254,68,728,Yossi
45b12752-6979-4e84-9e51-dd6266794431, 261,180,588,Yossi
76b3a4e8-e412-472c-95cd-c141d8f4df76, 861,282,718,Yossi
0fa68ae8-2b9d-4e12-8cac-ff0c4c35d578, 842,810,961,Yossi
9b56e9dd-a9b1-4792-82cb-1c861f58f3b8, 118,685,332,Yossi
10184746-31bd-442f-8b18-3eb0a5ebae21, 881,673,130,Yossi
fa4e0927-2e14-480f-bb47-b2642257c374, 979,39,848,Yossi
0e641dba-9f04-48aa-b95f-927f1ac5f279, 920,932,958,Yossi
2b514023-b201-4117-9b7b-32f601aab9b7, 697,123,179,Yossi
867703bb-eb3a-42c0-a0e8-5fa4945235be, 83,802,591,Yossi
bdc48de9-5853-45f8-9054-709dc4c46756, 642,285,571,Yossi
b604a045-37a3-4228-beca-c1fcc510590f, 672,846,376,Yossi
78ebd44d-b836-4075-93e2-7699c14bc376, 779,287,928,Yossi
bdba147f-fd9b-41b0-9969-0936bbb1e6b4, 661,259,628,Yossi
63d848a0-5d65-4cb6-8edd-ba141e0e1973, 447,860,530,Yossi
7a93823f-1540-488b-aab1-92d0a961b881, 646,857,974,Yossi
9575f3dc-1bf3-461a-bb26-e8552bce5a31, 438,116,350,Yossi
6c36022c-21ac-40a7-9b1c-daeeec75b127, 200,77,935,Yossi
2bd3e99a-a41b-44ee-9383-1e923abea4f4, 198,332,134,Yossi
f1598353-d4e9-4b3d-9634-0cf845f3e865, 768,562,57,Yossi
2246ad9e-85fe-4d81-832f-a36c16aaa317, 410,779,478,Yossi
352cb78f-0c5c-4218-b47c-2e752ed56d61, 128,201,526,Yossi
033a5177-a470-47d6-8646-3ec4522ffff6, 391,444,838,Yossi
f99e4acb-2918-4536-90b3-af5090848336, 954,102,386,Yossi
e036450e-7eb8-4b12-9270-b8dbb1b1688c, 201,319,779,Yossi
129893bf-522d-4886-b682-e156ba53ba0b, 221,474,73,Yossi
c06710f5-4326-47ff-8901-bc8762ea8d3f, 428,52,265,Yossi
4bcfb0d9-aa5d-478e-bedb-ef6c6acb39f0, 204,643,687,Yossi
cea935e6-b600-4646-ba32-fe20358b39fa, 241,442,208,Yossi
cc07ee6c-fa0d-49b9-974d-f39cb8a3ef12, 634,474,514,Yossi
e4b9b606-deef-4972-92cf-0c24f006e18b, 242,11,724,Yossi
1f66bff0-69b2-43e8-9560-3246d8aa524b, 871,251,478,Yossi
7f5e0a62-b2b9-499a-982a-6da686cc7bd1, 150,319,660,Yossi
40ed6e98-faca-4ca9-ac95-87885115d738, 5,255,413,Yossi
b61900f9-df3a-4af7-85d8-848be7f100b1, 137,482,14,Yossi
5987722f-505f-455d-b744-4ce2e38f9ed0, 963,998,757,Yossi
2568af76-cb37-4998-8fe6-965d805319c8, 156,976,857,Yossi
0dc771cf-4095-4644-a615-a5b9d8ca6759, 62,340,511,Yossi
185ef357-f8a4-4ff0-9f1a-627739eb7053, 791,207,137,Yossi
04dcf237-7921-4109-82c8-ce05bdb05795, 789,885,758,Yossi
bb5181e6-3607-48a0-baf3-03ab0245a190, 319,755,968,Yossi
cda876f7-9935-4049-b6ff-b8e50036caa9, 324,713,91,Yossi
33b6dfc1-eef5-41f3-9e46-32d5e0df40da, 661,328,69,Yossi
d3aaa16b-04b2-4848-a0ab-144f98d4f9d6, 302,72,155,Yossi
b7800c0b-64fe-4072-8d1a-2cdad130ee79, 411,424,795,Yossi
eae1c2ff-ea28-4635-a280-c999d8fe82f8, 850,67,161,Yossi
692a67f5-4198-42d6-822f-04c4db316434, 674,277,442,Yossi
6f193c7f-553e-4be2-964a-ea32e56da261, 450,479,497,Yossi
77c48c0b-e791-4c92-87f3-cef12a47e928, 655,180,670,Yossi
1cc5704a-d032-4d14-bf65-b74da365c753, 213,81,45,Yossi
534abc8e-d38e-45f6-a74c-72fea629479b, 342,360,433,Yossi
f7839f19-d647-4fe8-82d4-f8f82228f898, 900,685,499,Yossi
5d0a6412-93df-4a77-8a02-a86fc65a0ea3, 444,811,768,Yossi
c08a192f-0368-4f61-a5f9-f74c94f26900, 921,302,671,Yossi
7c110836-91dc-4959-b76e-898ee6abb2da, 688,853,905,Yossi
c338e554-db2a-4660-8fc2-cd07b95071d3, 702,650,914,Yossi
687e7e8b-2dc1-4a83-8ac1-08ad46e72af6, 714,940,140,Yossi
be58d8a8-547b-4870-b34c-151b51bb2583, 974,115,608,Yossi
4ab44134-4d6a-4954-8b49-f620ecb60710, 316,867,277,Yossi
dcab24fa-1455-42a7-ade7-35acb052c3df, 471,667,533,Yossi
9ff6597a-e1da-4eb5-9799-c65966cdb68a, 420,448,247,Yossi
d1b0cfe9-5cce-4060-bc77-28a96f86eb0a, 24,958,710,Yossi
2b512e3d-ad45-47f9-9b5d-e93ee0862ff7, 720,509,738,Yossi
6f7513a1-bad7-4f78-b7fb-0ea90eaa2c03, 297,406,255,Yossi
902d4143-b8a8-4bd5-8781-ef18106c307a, 392,752,974,Yossi
3a330a6d-34ee-4062-8a93-01fb55e97fa5, 769,760,625,Yossi
78e95a5f-506b-49df-840c-669142542bf9, 591,952,529,Yossi
22e03b2c-3719-4495-9727-69db231d6658, 754,498,140,Yossi
541ce409-7350-4ece-be3e-ea24fb149a16, 904,367,245,Yossi
ab708745-5556-4e58-88ba-1c3433d683a7, 824,584,816,Yossi
a9aeba96-1651-4363-a943-ebcbeca3a37f, 222,972,144,Yossi
38fa39b8-7790-4b0f-9087-7700245f1a44, 235,502,852,Yossi
c30c392e-3d8b-43eb-ab2b-e5b5659a16ec, 424,665,893,Yossi
4b22d072-0da2-4283-b284-f73c89b1aca4, 195,980,141,Yossi
7dd2f2ec-5b75-41da-a39d-1c4f30ec74c6, 177,418,534,Yossi
9cdab52c-432a-485d-acbb-0476e017cfd6, 883,583,362,Yossi
1bf3323b-cf11-46d8-b9d9-ab6b801a2fbc, 633,546,108,Yossi
a331e6dd-802c-48c0-9d61-140cb1469dfc, 651,878,714,Yossi
957a7745-0bc8-46d2-98e7-a7d45e213eb4, 5,664,949,Yossi
6b85070a-a411-4c09-9559-89b6f2f0c8a5, 108,119,592,Yossi
45744864-ad72-47c4-88a9-a309922f33ba, 466,895,924,Yossi
be76c165-15ce-409a-90cb-35ec135db673, 920,75,433,Yossi
66782f0d-ec43-46e8-875c-e5f4261b4377, 112,157,250,Yossi
9c1a542a-1e30-4ce1-ae56-c0e0ab29cab9, 122,345,95,Yossi
6431dcf7-dbf4-4045-835d-6a3f17133abb, 730,397,970,Yossi
d2f96c2c-ec33-4979-946b-9dbf715ff403, 389,578,80,Yossi
436a2270-c876-4c36-820f-0e79b9aacc5b, 605,21,782,Yossi
2a25fd6a-777b-449c-ab04-bdf63729dbb2, 881,191,39,Yossi
065f2b5c-0620-4ee2-9ab8-c863e4187f8c, 709,569,94,Yossi
171f43ba-f951-4061-aace-ea4ec4019450, 428,231,836,Yossi
cefcaa80-fb32-44a8-9a1a-5d1bfd70a859, 902,317,547,Yossi
83900e0c-b35b-4afc-9620-5bfda5f63e1a, 301,727,85,Yossi
5e181a75-bd9e-4dab-b3b4-71ec8141be02, 216,255,343,Yossi
7a44a1f4-b40d-491b-89a8-f64e26a11993, 101,772,426,Yossi
25e83f57-110d-44b2-89d2-0871b7520dee, 112,512,201,Yossi
935d8469-5eb3-4547-a5a4-d406707351a8, 13,919,481,Yossi
dae4daa9-24a4-4950-9907-8178609a42b4, 742,615,87,Yossi
16d787ad-bf4c-478e-9f8a-3b29c6ccc9b8, 870,502,98,Yossi
bd786b40-019d-4cdd-97a6-43f10eb9aeb3, 809,584,705,Yossi
82f939c5-1e0a-4654-9d93-1628251316e3, 885,212,504,Yossi
d3a3a62c-4914-4961-a36b-f6da63e0c6ca, 340,682,925,Yossi
78d19089-51b1-4d15-89c5-6793e5bdcef8, 413,218,29,Yossi
c5c1520f-2f92-4d2c-a7cb-00a8095f979f, 547,430,669,Yossi
c7635c38-1661-4104-a8ab-b5face31848c, 885,173,323,Yossi
8547bfb5-2990-4645-9f30-8830503339f8, 735,504,247,Yossi
2bd31b14-802b-48c0-9ff9-c42f769836ba, 357,769,678,Yossi
a41c44c6-abda-4e0c-92c5-6f3a48d988df, 837,696,649,Yossi
acaff960-8d07-4da0-9e41-b24b2140bd3a, 611,684,615,Yossi
b0a25e94-84be-4847-b36a-eadcc2b1bec4, 750,33,814,Yossi
98d6f400-ec98-407d-8004-f6c2745591bd, 449,491,143,Yossi
6ee52f53-33d4-45d7-bcff-7966f1832814, 379,330,43,Yossi
08276f45-f4a3-48ab-ad34-f111c489ee39, 837,760,91,Yossi
d62c69cf-8544-433b-9ef0-3a126dcd04e8, 500,698,294,Yossi
4f167a8c-38ce-482f-82c4-1a3abf941645, 172,465,489,Yossi
d62aa76e-f7c7-4778-8dd3-daa51c3895bb, 811,855,442,Yossi
03cbc5c5-5ce6-4801-bda9-eb3ead8a6e30, 762,135,996,Yossi
d70b5ee2-19f2-4a6e-b10a-6065caa25453, 850,452,814,Yossi
9ca9982d-f549-4ec8-8ebb-f84c39c3e831, 28,48,514,Yossi
cceb9598-6814-4b8b-ba35-d5343c85d881, 854,727,996,Yossi
af5cd990-1c47-43c3-b8ed-b22031973bb3, 311,662,186,Yossi
d81dca14-4465-4559-af27-f1ad72cd5f07, 213,98,938,Yossi
0fa22bc4-170f-4b97-942c-ccefbc0c1d2a, 526,507,842,Yossi
8fb33eea-2923-4bec-9920-070f871cb0e2, 280,896,743,Yossi
ffdd5a8f-cb56-429c-9b13-da972fa0d8ab, 157,856,72,Yossi
bf3cdff8-23c6-4744-b45f-a61635bff46d, 384,665,232,Yossi
1b2c6202-3760-4320-bda1-758dcc3de4f2, 160,799,827,Yossi
209ab52d-59c9-4c80-9098-b66f30aa0e50, 173,986,896,Yossi
162fa7b4-885c-4f66-849b-5550d377760b, 816,598,39,Yossi
26d37721-4464-4522-a08e-0cb0f5deb723, 328,351,282,Yossi
01337ff7-8a1d-4e1e-aad5-4b9be7adf76b, 528,982,33,Yossi
f8114685-a334-4186-9eb4-7c8bc40a909f, 94,190,37,Yossi
521ae62b-9f8c-4c55-b274-0f07f3d804fd, 109,958,367,Yossi
50199eca-4d24-4e82-b2de-4b17c8482ba2, 550,285,349,Yossi
e5d305b1-85da-4e48-9fd1-7a5b53625c08, 598,482,238,Yossi
fe4d1547-7547-41eb-bf81-63de5704975d, 254,693,595,Yossi
2ebced39-7f53-41f7-92dd-4ace0e1bbcaa, 743,643,381,Yossi
5aaecbc3-1713-4c0d-b282-064e2d993686, 283,694,927,Yossi
b190a8f2-d436-4960-8957-8de539b24ea9, 169,138,674,Yossi
481066c8-cfde-4813-9085-476499507913, 289,396,499,Yossi
a0f9a506-8601-4b26-b253-1f23842bfdbb, 899,199,157,Yossi
a4d5b0f7-768b-433f-a6f1-9862acc35899, 561,751,913,Yossi
cb410a08-ee19-465f-9408-d0a8dc084898, 710,64,667,Yossi
53f47cfd-c00f-4dd0-a7a6-32421c943473, 35,276,706,Yossi
319cd14e-b03d-443f-bb8a-baabbbd76da1, 863,609,514,Yossi
da21728b-825f-4e70-a789-549858f4b82a, 479,573,505,Yossi
b4d7ed40-fbf6-409a-b627-bea2739de548, 659,563,903,Yossi
fe469e50-07d4-483d-8ec5-7321cf2c4145, 443,584,707,Yossi
94977e9c-e1b5-4f91-a6bc-fc848e65b68d, 899,245,288,Yossi
8b5a7496-a8e0-43b9-b904-9dc640b7b1c8, 104,923,52,Yossi
d188d736-cc39-4d5f-a291-9759ea0bffff, 361,819,562,Yossi
21b85fc7-7c26-473c-9ffb-b0aa8d6f1726, 867,649,86,Yossi
cdfdd499-36e9-42e5-9030-c6089cf581da, 193,38,729,Yossi
