826b36c2-4c8a-4deb-94a8-e6a5191c7d7d, 237,371,764,Moshe
ce28f4fd-35d3-4270-b7d5-20db799f0f23, 718,682,574,Moshe
048aa719-e95b-4b3a-9a2f-53247f0cda0f, 263,925,361,Moshe
54a3f538-3acc-445f-8510-cbe59cb5fafb, 900,641,821,Moshe
488d562f-2548-4cb2-ba80-10b29c09ca2e, 685,196,998,Moshe
46293e3d-bca5-4e3f-a2b8-d5d5426ee6b3, 467,861,634,Moshe
da654435-923a-4c97-ae6a-d568ce0621f6, 736,298,234,Moshe
02a73f0f-2a45-41d2-8c87-f74a881651bb, 905,831,192,Moshe
022c82c8-2929-40b6-b451-4cb561b8fb9e, 858,555,164,Moshe
e96f488b-01ce-4839-a844-71435e356ab0, 854,547,82,Moshe
6908656f-9e01-4050-9cd5-4b170d174206, 227,16,532,Moshe
ef5160db-9060-4f62-9dd7-411c571edf7a, 841,210,916,Moshe
1b87b911-e1c6-4385-83fe-e3130d51f722, 13,938,505,Moshe
97fa5279-1038-4ce4-bbb8-cb7b2e128106, 775,233,305,Moshe
67f56f49-3189-4c00-87b7-817a63691798, 773,255,850,Moshe
a6891349-0083-4720-8213-4e998696c729, 783,28,299,Moshe
482b90ef-dcc3-4cb1-af50-b012a70b9f4d, 880,179,158,Moshe
25cac76a-1980-484b-936e-21b0543cb12e, 515,12,908,Moshe
a27e4030-2dc4-42af-99ed-3ae67fc62605, 204,331,539,Moshe
04faa5b6-43af-4ca1-8831-5da662660298, 572,858,127,Moshe
0fccd207-ef44-4670-9c15-f5c1110f2e90, 411,408,378,Moshe
122dc4a7-cb6c-4de3-a605-a0a24f58251a, 279,674,625,Moshe
7772231c-bab3-40c6-9053-e5bd63d6dba7, 290,842,984,Moshe
db744b04-5a31-47de-860e-1e09f649691b, 83,454,922,Moshe
ad3b21f6-1e3c-4f6c-bc14-ade753ae5282, 130,960,66,Moshe
3b334feb-ff0e-419d-9a5c-3e26908f06f8, 927,132,577,Moshe
795dbeed-95e6-4678-98b3-255dd668a4e3, 341,75,527,Moshe
8efaad69-4959-41d5-a385-e3fc049813e3, 864,972,369,Moshe
8d99e709-5b00-4704-a6e5-ab1da3c62ef0, 923,710,4,Moshe
3d7be471-06bc-4cc5-afbe-ef492d836fd7, 622,638,877,Moshe
8e8db177-7b1a-42c3-b344-e59836342c8a, 378,440,80,Moshe
8bed851d-3553-4605-8644-e7644f4d0b2a, 378,365,823,Moshe
eb6055a6-5d02-460a-b236-bd9d8ee15d90, 926,495,580,Moshe
f03546b0-9a6c-4906-9146-51c169d0e1fd, 225,494,185,Moshe
1553df3e-f3c9-4aff-bdcc-bf54aa24603e, 313,797,723,Moshe
9909f7f0-3208-4dd2-853c-7f4170021658, 234,386,51,Moshe
e387e319-2a9c-4580-96f6-1b73bd3c3609, 843,275,200,Moshe
998e4f20-d4f7-482f-8bda-d2b30e28e25d, 961,232,784,Moshe
2b2ceff6-c63e-4f0e-b3d0-b586e6af9575, 598,546,434,Moshe
d751e5bd-11ca-4a35-9838-fe267a27c292, 9,355,962,Moshe
1a0bc835-3d54-4a4a-89b5-94aea2b098bb, 622,666,204,Moshe
9c958f4d-e92b-4296-9ec6-7158c0f6a412, 107,704,15,Moshe
30a3b9df-32dd-4dd4-bc7e-79e304d114e2, 843,750,595,Moshe
0b01f284-fa76-4a4d-81cc-d741cf0533a2, 241,2,635,Moshe
b534d8b2-b39f-41fe-9f57-9cd60b8d5bdb, 995,116,580,Moshe
5a9e77dd-3a31-4f0d-ac43-560b23e0f52e, 343,551,175,Moshe
3247246c-b312-4f25-b6cc-c753f09f82b9, 644,689,325,Moshe
5d15a6f9-09c8-4c9a-bb42-ff6fdb05854e, 952,778,363,Moshe
d316a8f1-e801-45cc-b733-6c63fe0fa057, 678,416,209,Moshe
061e357d-10a8-406a-8b3c-c12b8941cbe4, 295,779,818,Moshe
125f8330-dba9-4207-9f9f-6608d144c683, 389,918,140,Moshe
11189ca7-4127-4804-babb-76ff8627e177, 617,602,827,Moshe
45a92e1a-b309-4fcc-aa70-2404bb25085a, 979,206,94,Moshe
76ab22b6-e2c8-4b60-88c1-f4dac2fdc6b2, 709,390,635,Moshe
4ce0bd65-cf9c-4fa4-8316-51d94c200e53, 454,602,274,Moshe
d5a36971-a746-4387-a90f-a086e1847164, 563,964,117,Moshe
d2a7c73f-71e5-40a5-8b1e-f223e98c6b6c, 204,256,993,Moshe
aa01f505-dcd6-4985-a9be-9950a5db766c, 260,363,664,Moshe
cead2b51-6c10-4955-bfa5-68fd68fcc20d, 637,668,887,Moshe
844d50e7-1e30-44dd-b143-fafbfa7691ac, 840,428,289,Moshe
ae0721d4-f00c-415f-bac8-c8c3c48d744a, 805,548,970,Moshe
c756f3b6-ed74-4aab-b559-589e7c286f42, 776,850,83,Moshe
49a0ef52-e561-4a19-854b-5b85f85a9fc9, 496,379,512,Moshe
5eb2ff42-a4d8-441c-a44a-75107d392493, 752,362,345,Moshe
0d3e6944-a125-4f1b-b62e-45e7653fd066, 82,934,299,Moshe
e9096aa5-9554-44d6-9e6c-03a607d295af, 689,499,176,Moshe
dd0cc5ed-9aa9-42ae-8713-5e8a8cbf4e5b, 90,116,450,Moshe
916fc8dd-1699-481a-8251-21d39d315000, 93,91,524,Moshe
76c50c27-e53b-4003-a6fc-9ac81f744c69, 823,130,555,Moshe
d1422ce2-c51e-4087-a851-528d0ce9d0d1, 474,978,933,Moshe
9bd9f65a-0984-4740-9755-339031e432c6, 938,140,777,Moshe
c6ddaec1-76bd-473a-9472-18b75cf39577, 803,902,840,Moshe
bf1ac15a-e6f2-4a56-9338-f39e47136ba6, 663,676,750,Moshe
eb4ae8fb-a0c0-4d69-9b3d-69588d9eacaa, 192,68,586,Moshe
d72baa63-915c-4e56-9fa9-c0aff299d45c, 603,451,892,Moshe
4a8ef418-302d-4a58-a0e7-ee79c27331c4, 648,178,428,Moshe
1efc7487-f01f-4de3-aaee-a8974edc27cf, 366,947,170,Moshe
d155dcbd-568a-4ccf-a5da-027d7004b2ea, 711,750,312,Moshe
42d5108e-ba41-4474-a3ad-c35223f2f3a1, 838,713,458,Moshe
02d77d7e-b1ef-4e73-adb4-c78e23a3d0dd, 446,952,721,Moshe
888cf8da-ee27-46c7-b742-8ae866bd0290, 526,22,399,Moshe
56a56390-f6be-4ee4-8070-991207aaeee9, 577,812,223,Moshe
97b31866-6ff4-446f-b208-b06d2da4e08c, 567,278,32,Moshe
9bfa8f3e-9214-4a70-b56f-ea6693f0e04d, 457,26,821,Moshe
bd53707f-b83b-4b93-b1f8-4e6558715395, 424,896,49,Moshe
454b37b7-a9af-4869-9763-fd87f71f1580, 863,488,638,Moshe
8ea51700-d96c-4546-aee8-d3bfeaffb76f, 630,175,951,Moshe
628f16a0-7886-41f2-868c-8050a0818205, 128,109,32,Moshe
1f9fccca-d3cd-445a-ab82-7dc0d6608c49, 763,228,388,Moshe
b9c495b1-33fb-41e3-9777-16ec3633e795, 465,964,190,Moshe
c06640a5-e2b9-4e95-88c9-e332db7f2518, 383,218,723,Moshe
77fc9931-fa6e-4fe9-9aee-32c398ae9ef7, 30,664,46,Moshe
b42c5160-6a75-44e0-841d-add897eb2b53, 188,27,638,Moshe
018ca237-eed0-4906-bfbb-f1c6307eaecb, 670,82,899,Moshe
9b2964d4-be2a-400a-a157-8ed7efe40293, 396,907,921,Moshe
2085be03-f883-4081-b7f5-f4ce5e67d6f3, 348,288,852,Moshe
bdff8e19-e9c9-4731-a400-8b9553bbbbcb, 264,974,226,Moshe
8a812741-4657-44fd-bd2c-a953a2c7f6f1, 819,814,777,Moshe
8b7494c8-b4b9-452d-bce0-83b770bb61d2, 769,399,911,Moshe
adcd465b-356d-4522-a61f-48a0cb20e70c, 367,812,585,Moshe
4988bf26-9a94-4001-adc4-5320502aba2a, 833,102,313,Moshe
bee0b74f-d45e-4ec8-a896-a3c69716ea8f, 841,75,807,Moshe
cd8d458b-ed07-4c90-98c6-c3509731011c, 98,395,233,Moshe
ece2cd62-0886-4de9-afc3-3dc45828f4dd, 3,675,462,Moshe
ba56da56-0742-43ea-ba9c-59870601d601, 998,959,93,Moshe
bfb6f5da-430f-4357-b91b-268d835da2da, 53,731,200,Moshe
8ebd5afe-16f6-4e31-8a34-63efb98adbf5, 110,416,938,Moshe
1e3ca2c5-0055-415a-97d3-16c298326d7b, 534,202,989,Moshe
1a3cb862-008e-4329-aca3-4954619fa265, 963,563,402,Moshe
e836591d-e439-4086-84b8-5507ae3c36ef, 944,260,266,Moshe
cb02a358-1c98-4120-94f5-2e7a259bc0ba, 134,820,213,Moshe
0adcbbd6-3aa2-4a25-8e14-0fb8c137eef2, 54,835,978,Moshe
b9077beb-9c3b-4348-818a-87ad6d6dbaa8, 586,553,833,Moshe
670eafcd-f526-4611-96bc-7b2312b61afe, 115,250,892,Moshe
a88ad704-3fae-4acd-afe5-b1a4af8c1ed6, 620,261,299,Moshe
fddb91f1-c671-40f0-bb7f-22abb39df8f3, 763,819,854,Moshe
8a032d99-50e6-43d2-b4db-389a8c4c22f7, 684,717,667,Moshe
4724d999-1a69-4d04-88c8-024915610559, 711,258,397,Moshe
04e8c2ff-9bd7-4c67-b1ec-6e0d6251e180, 645,299,899,Moshe
efb1f252-3156-468d-9c0d-ca0282851c81, 323,877,511,Moshe
2e08f280-c9de-4ee3-8b82-d2419c37a679, 405,152,135,Moshe
a37831bd-b996-4cdc-884f-fc4c454af190, 965,868,854,Moshe
ed992353-b48b-49ad-9ac1-0c8c250c27d2, 249,945,124,Moshe
b3e4bac0-95f2-4c8d-a1ac-a69ffb241f58, 113,465,178,Moshe
54f5342f-b800-47b8-b436-7e851fe00d16, 366,993,167,Moshe
937121e0-1101-4a4f-9c55-4fd398199782, 47,912,939,Moshe
728aba04-f682-41d8-9dba-e41f318e7952, 690,201,742,Moshe
856a0cac-4724-4bfb-8fab-0be3c6617327, 546,261,541,Moshe
199a0d12-bdb5-47d7-8aea-a055ffe85818, 597,421,562,Moshe
c057dc34-3ecc-48d9-8a22-23b11839b106, 814,408,536,Moshe
3505ac1c-ba14-4566-b60b-8a6bfbae07c7, 80,264,675,Moshe
e60c759d-c1e7-4c6a-80d7-7cc4951607f2, 323,708,98,Moshe
ddf664f6-c6d4-436a-b64a-5c7aadbf654a, 757,653,392,Moshe
d7133025-afb2-4f0a-9d37-e6d32d6c1f2c, 443,514,872,Moshe
9370947a-31da-457a-9b77-0c458eedba36, 730,571,252,Moshe
7087dcce-9978-430d-88c0-cef32a79fa76, 489,346,263,Moshe
efd46720-1b16-46ad-a7ac-83eb03bfde79, 230,598,385,Moshe
4a5560a2-6123-461b-9131-4400787fed0e, 959,631,677,Moshe
20f7b291-8dc1-4d0d-8e6a-e8cc15580a3c, 767,857,890,Moshe
b66ea8bf-face-425c-ae9b-225d2407a138, 593,369,447,Moshe
e9cf8033-952e-4ac9-9e29-b03f48a50c51, 292,434,538,Moshe
dbd1e9ba-f64f-4c24-a237-b66f46cde59a, 587,34,201,Moshe
6a012610-ff1d-4267-acf8-a5684dc659c1, 502,44,286,Moshe
4b9603fd-e2cd-4775-99f5-c6fb8dc1222b, 69,289,260,Moshe
9cd90c59-89d1-46a4-a597-692c24abf256, 548,247,685,Moshe
1d324677-a818-44dc-a81b-17ffe384d7c1, 868,815,688,Moshe
fa4f8044-8e7f-493a-83f5-43a37a3c2a8a, 290,109,76,Moshe
25bc2fa1-ca63-45f3-b5dd-da60652ce501, 300,584,808,Moshe
a0fb4017-a4a6-42ad-995a-1b4de012c3e8, 151,120,631,Moshe
a026b320-c0d7-43c3-a638-b5a22c3aee00, 996,554,849,Moshe
5f2b2a7b-7b52-4144-b511-b48e306b69d2, 206,165,285,Moshe
1ae7ca0c-6e1a-4ff2-8b21-dc8068c6db10, 943,151,80,Moshe
00cc0adb-9d98-46a7-ad89-26ba9908ea02, 335,144,538,Moshe
6d09b21a-026b-481c-92b1-2bbf88ccc02d, 51,986,302,Moshe
1dadd331-120d-4a62-8244-c5ecff4dc786, 976,162,309,Moshe
a995e45c-80ac-4dd3-bbee-d370ad143178, 126,411,384,Moshe
9261a716-47eb-4dec-a5c0-432ddd59c737, 990,897,43,Moshe
3cbf8785-aae3-40da-944a-dc698d459888, 203,303,260,Moshe
efbd0e53-6d7e-4618-a4c8-bfe5631786b8, 372,991,848,Moshe
575682f9-d559-4b84-b225-6f56e61a3aef, 728,436,913,Moshe
d0400a0b-e9a9-4d8e-9de6-fc24880801e2, 569,504,489,Moshe
2aee160f-e8dd-4d59-b0a3-dc49ddd2f5c9, 435,862,125,Moshe
867d8c1c-5dd6-4658-8bd1-68ed27b3b660, 973,603,97,Moshe
3f0fc314-8b8a-433c-8770-cf1390d3cadc, 605,534,672,Moshe
55b8ac15-eeed-414f-8a23-e681d03b4482, 150,239,121,Moshe
01e5513c-8855-4d64-b211-549def48d036, 773,323,423,Moshe
b038dd82-5e41-4d42-a25e-1c5b2874255d, 500,25,707,Moshe
e82a2561-98e6-49a9-891f-4ac329ccd3a4, 248,7,655,Moshe
7e635558-eb6a-446d-87ef-a6112c221d52, 807,4,860,Moshe
6d2f6fe7-802a-428d-b543-e00d8ec4e925, 25,572,159,Moshe
044f4659-476d-4c9f-8b32-4c319e1309a3, 231,606,707,Moshe
8e82eebd-ba69-4047-a5e0-28f173eac428, 623,481,482,Moshe
e14431eb-c869-41b5-b8b3-a8d5891a96a5, 812,541,299,Moshe
e164840d-1762-4f23-9fba-117fec50d977, 185,152,807,Moshe
aafaae15-1460-490c-84c5-43a8cfb71d9f, 288,385,364,Moshe
87b28f56-ae27-4b98-bbd6-428ae1a81fcc, 370,53,65,Moshe
b76d1693-0cda-4a1c-9520-0b4aad6d26ed, 140,598,668,Moshe
1ea09476-919e-49a2-aa07-945f5e107107, 425,229,411,Moshe
3f242ded-3ef1-402f-ba3b-22b819cf46dc, 207,322,498,Moshe
4c3623f6-b886-48ee-bf55-63955998781a, 832,627,858,Moshe
19a042db-b4ba-4312-853b-9f6e42d1b395, 264,948,32,Moshe
52764e17-16a7-48c1-98fa-00fbc27ba340, 936,375,927,Moshe
546af6c1-8db6-4330-b51c-e2b639be42db, 964,526,756,Moshe
aa34d7b4-0c5b-459c-9a7e-f889551143dc, 638,959,781,Moshe
71048387-8daf-4289-949b-2bca41fd8fdd, 125,316,872,Moshe
87b3ff8a-c8e0-4c8c-9fbb-23f37f465d37, 898,958,620,Moshe
929524a6-a7c8-4e7d-9198-d6ce010a39d9, 292,437,949,Moshe
24bdca0f-56c6-4b33-ac23-016115d80e9f, 795,884,972,Moshe
6015c7e5-96e6-4db4-9e47-eedf05cabfe6, 489,805,377,Moshe
219a444d-80d3-49e5-87d8-fb9e41ebdc73, 296,417,160,Moshe
6ca4eed1-1739-47ed-a1a8-8a3314fef072, 983,978,912,Moshe
063834b0-2f72-49c5-8e85-b7e072c72b0d, 439,919,203,Moshe
0a47b4ef-cfa3-411c-89c3-91867ebbd4a5, 775,351,11,Moshe
df75fb82-d27d-4ac8-a7b7-f08f0be7dc86, 435,405,526,Moshe
088a088f-08f5-4790-83b5-817156726b03, 308,500,637,Moshe
83e4628b-c77c-41b6-ae17-8d949efbe854, 886,300,912,Moshe
e2b4bef2-2b67-4f44-8eaf-03bba1852914, 537,307,362,Moshe
92cfd56b-7230-4d80-bc67-e9a396357d4d, 876,540,191,Moshe
68268edb-cd81-49b1-b435-0878bb46ed23, 908,467,64,Moshe
bc881f49-c7b9-4fcb-9b8c-336fe6ae322d, 58,447,568,Moshe
8a0a3414-8ad1-4300-ab4c-9c814018cf5a, 550,668,109,Moshe
266b06a8-bbc7-4973-9971-3ff754d2563b, 596,654,979,Moshe
74ae1dfe-e21d-4198-90b6-5971b9c95f59, 867,685,395,Moshe
6ffa1a75-ba8c-49fa-86d6-3825fd46435e, 670,124,608,Moshe
fcbdaa35-ea4a-4ea8-bdf1-816104661371, 610,855,33,Moshe
276ba5f9-54d3-4de6-94da-0433ceab6c89, 423,488,384,Moshe
5c567175-c9b6-4629-bf4f-9fe55fa329d0, 336,602,505,Moshe
59b29ed7-be00-4c69-9d86-1c37d3b26247, 464,757,111,Moshe
7f3bb60c-19c0-488e-a42d-abed19a6c9ec, 797,107,438,Moshe
51ea2423-6ddd-46b9-a413-73de4f416f63, 722,529,453,Moshe
aad84873-8961-4201-84e5-1f0fcd4748e5, 139,718,902,Moshe
c2943546-c0f3-4cfa-bc5e-2dffea84bf0b, 441,884,735,Moshe
05bd1931-8a18-4f9c-8d86-cdb904516d27, 418,710,845,Moshe
51fc0018-abd9-4df7-bd29-b1d6aeae1054, 656,19,614,Moshe
137c6916-a3e1-4b00-b656-c3af98efca2c, 517,866,184,Moshe
50892908-4e09-4eb8-8d4f-60c11d911485, 753,266,684,Moshe
abc7c5c8-6b83-40e3-bb19-77a9fb9bb1a5, 158,485,977,Moshe
3f5bc739-6e64-43f9-b500-9fc8ba1d12bd, 678,721,844,Moshe
4d2bf942-bd80-4148-9624-a28f53c75c8b, 64,87,909,Moshe
3fd35d5f-23b8-4ed5-861d-0420a9e2e54b, 996,798,547,Moshe
66c83063-0001-40d6-bccc-a329864753b0, 541,146,156,Moshe
147d70ce-7d2c-4f81-9938-fa8bb5a45d80, 941,531,405,Moshe
2b16a5d1-6fc9-48ac-9c63-b13603ba3cde, 704,170,970,Moshe
f9d7d48b-f530-4e30-ab15-04731446c087, 296,6,777,Moshe
b888a481-d340-4640-adb8-34868e01bc32, 538,678,583,Moshe
f3f2a01c-221e-4fb8-86a2-52074a3778d9, 890,945,890,Moshe
f72df378-eaa0-4285-8c39-c02e43d56a44, 926,44,839,Moshe
bd0f3e69-f029-4647-800f-d6a4c6a23cfd, 753,564,44,Moshe
5a8e3ba3-ffbe-4dac-9183-c733c13f1741, 474,459,995,Moshe
54dc3443-5f18-4a2f-b053-2ba40db5a27a, 59,378,797,Moshe
81395e0b-a3bc-4fdd-872a-b2ce1721e62c, 825,420,910,Moshe
48c90b1f-10b2-4a27-b855-72632ecb807a, 299,116,872,Moshe
d986c0de-8aa4-46c4-aff5-fe4c81ef0efb, 458,575,335,Moshe
10e75ae2-dbc5-4457-bd62-4b19f393eb5a, 778,50,97,Moshe
5f30e641-91fe-4ac4-9039-66b07dc97b21, 713,860,480,Moshe
8df6eb92-f8ce-477c-a262-309e30c87f6c, 201,141,44,Moshe
acefb691-b8fa-4e9e-8729-bfa3570ac3b7, 261,173,140,Moshe
3b69c8f4-c150-47a2-9e74-afea76a65c7a, 20,71,755,Moshe
b8750909-4fad-4424-9936-32476a9a780e, 706,787,580,Moshe
e3c960d6-b2dd-4cd4-bf09-34cd4edf8e35, 113,467,73,Moshe
31c7bc58-363f-436d-8961-150142f6bddc, 408,645,790,Moshe
fe864b59-f406-416b-96a0-a24d0a008caf, 173,470,584,Moshe
34a502dd-6dd7-433b-8b96-bff3bfec6264, 866,239,562,Moshe
571e8cf5-419d-4c44-90b7-2d3ec33541a9, 710,432,370,Moshe
18db37e9-6794-422a-9393-09a82f7ff3f2, 555,149,993,Moshe
6bda6772-5d53-48cc-9c3c-f0af8732885e, 743,41,703,Moshe
2f59ea44-b941-4d46-8978-cbe1aa90a3e2, 563,273,319,Moshe
dc2694a3-3196-403c-9de7-645facd17937, 951,797,206,Moshe
25cdfc93-f1d4-4574-ab8e-2f70c24e9e1a, 658,806,350,Moshe
11a7a1f2-e37d-4b61-be3c-e4df52c7c840, 155,591,327,Moshe
0df84570-0e59-4b8b-b153-6f2aea3c3703, 292,346,109,Moshe
d4b2769e-6daf-4ea2-ba2f-e0c624a37387, 263,370,403,Moshe
09f3350f-50e0-4fdd-929e-c4cf5747538a, 305,540,390,Moshe
a2acddd0-8712-4142-9a60-dc2a2a534872, 894,334,900,Moshe
46512c75-8b80-4539-905b-f848bb977800, 480,549,739,Moshe
c5ff62af-3988-4dbc-a783-6e7decb9d4bd, 768,463,920,Moshe
0fff7412-392b-4375-8c37-1ceab0fdf962, 760,962,746,Moshe
f7c5abcf-7858-496a-95be-1194b52ae9bc, 875,548,194,Moshe
e40e7ac2-17dc-4259-b637-1d9a2fa0b42c, 752,455,847,Moshe
1cea43db-aa36-4749-a464-f9093065bec9, 585,514,663,Moshe
f5bddf94-edac-48ff-889c-aaede9ca6b91, 235,711,646,Moshe
5b5793ad-428b-4973-9af6-54f258b132c2, 236,418,87,Moshe
f877a5e7-4950-4c84-8edd-ab37ac01425c, 262,293,777,Moshe
84a497d1-a70f-4ab7-81dd-0fade38fbcae, 590,438,499,Moshe
3dbdb6c0-ae9a-4504-8302-00ec6dd1ceb6, 313,667,938,Moshe
e660455f-5730-412b-b009-7f848a5fdb7a, 417,472,248,Moshe
3a3c432a-7ac4-4754-9f4c-1ad0a59579f0, 465,888,343,Moshe
401d7df6-02e3-493f-af0b-7d0c13422ee1, 428,394,628,Moshe
f2d006be-3245-427d-953a-78ac11eabf37, 580,415,796,Moshe
27073df0-452a-4b99-a392-4137c786ef84, 913,509,913,Moshe
a76ffe7f-bdc8-40cb-8e0d-9c2d40cb6bcf, 555,719,27,Moshe
40de9bbc-87bd-47a2-a4f5-f14dd91d96a1, 725,660,621,Moshe
e25e5f71-76ed-4adc-ad58-cba5d2f18ccc, 255,245,131,Moshe
c3bb95a3-8c0a-4af5-8833-474dbb0290ec, 653,507,171,Moshe
bdcde3c4-5a39-4efa-a9f4-2ac4aa105a2e, 144,170,525,Moshe
320befa2-0f85-49ab-8b48-0b871892f2a8, 247,563,880,Moshe
9aae1a02-7b77-422f-baf6-b4ca4ed65fd7, 254,336,982,Moshe
506bd5ed-9358-4223-bd33-675d5f3fe789, 599,120,624,Moshe
80ad51d0-3917-44c6-8549-63ae20eeb3ca, 320,805,318,Moshe
50a8f9e8-4c2e-4719-8dc7-ca2889fab705, 19,654,4,Moshe
27252df1-6b59-4b28-96a8-adff49c4e4ad, 289,348,782,Moshe
6683458e-974e-4ebd-96ab-d2debd9419e0, 863,36,717,Moshe
275223c6-5c04-480d-945c-26903f1ceaac, 473,586,7,Moshe
0dee4375-e32f-41b3-be98-673d80683152, 317,163,227,Moshe
c781e335-cda2-443b-9934-712bd1f3fd85, 118,811,382,Moshe
b885d992-7680-4008-bae0-6b195d65425f, 173,285,224,Moshe
aa2f987b-b33b-4bdc-a740-adcd0f303225, 103,333,851,Moshe
4c3fe892-7328-4c1f-97f2-8e428cb495ac, 915,659,174,Moshe
cf528340-b941-4f6e-8502-cecb83eac27c, 929,955,599,Moshe
233e389b-960f-4bfc-a526-b01570e41683, 402,406,854,Moshe
564b1677-3f23-449c-91ac-f5f291f1f05d, 304,236,589,Moshe
555563b6-ba27-4165-a90b-4d7834b8e832, 128,364,160,Moshe
02dabc5b-0af2-4010-8d06-73440b5a7fae, 387,279,135,Moshe
f085218b-340a-4dfe-8bfa-086badb36a07, 806,773,975,Moshe
c6ebea8e-2834-44e9-9332-c8c5abbfc105, 873,935,174,Moshe
34552e33-435c-4c1a-b6a1-0a397dc4b668, 756,481,308,Moshe
b1f8d9a6-3320-4720-b477-1e8ca6e76e79, 242,148,520,Moshe
0862cafe-4e3b-4e51-8e19-86728db12549, 95,915,322,Moshe
8ec93560-455e-4aba-93fe-dd5d86bdf962, 151,373,687,Moshe
e0460ce9-07ab-4be4-88d9-ffbef9102533, 609,932,80,Moshe
871596a7-3672-4de6-b175-d2513376bdb3, 119,72,181,Moshe
c480be79-b8f5-4494-b9a7-f5e0cf24758e, 152,14,926,Moshe
d3b29869-e3c1-4b54-b949-50fd5616803d, 636,988,447,Moshe
243c4e34-cc2f-4107-b8f1-4da2c2117b9b, 223,785,6,Moshe
cf7eff12-ed1f-4071-a013-cc312537ddc2, 89,295,558,Moshe
2172b40a-aee4-4f16-9c7f-2c8ae92d03ad, 875,42,722,Moshe
584021cf-5f86-4f2a-87a1-d87085bc6f9e, 998,174,474,Moshe
22c38504-46d5-475a-ba8d-a8928c675e1a, 291,160,258,Moshe
8f4078d0-b97f-4a8e-8aac-7281d3872e33, 334,210,319,Moshe
d199aed0-a933-4d34-881b-324fe966cfbf, 267,975,990,Moshe
42a6f2c4-521b-468b-84bf-7eb190445b8d, 471,777,345,Moshe
65084784-bef6-420c-aa0c-0b3990b31ca5, 56,687,702,Moshe
0e0e1da2-21f6-4e07-a68d-1d79198a710d, 794,722,922,Moshe
8361eb8b-cf0a-44ed-b200-cbd24dee009a, 247,120,491,Moshe
bf4690de-aee7-43a3-88a0-9b8a81c8be84, 860,20,361,Moshe
d160c5ab-0798-482a-9e6a-e1dfffeac86c, 515,6,620,Moshe
2f6e091b-1b66-4afb-848e-57196f051f64, 762,275,332,Moshe
fdde006b-c7ca-412f-ad08-f50a008d38f7, 964,609,759,Moshe
7c90d6fe-50aa-4eab-9d46-1b4c5bb7ff95, 604,827,911,Moshe
5c962188-d08f-42a1-80e9-62305d9cd852, 921,817,802,Moshe
a1778565-e6b8-40d3-b5a1-5df11087b010, 607,370,14,Moshe
da7152dc-9383-43b8-9c4c-7550069822da, 456,751,9,Moshe
ef63c507-a2af-496e-8b06-e6a1bfe890c5, 659,34,606,Moshe
37d477ce-bedd-40ca-b70b-d82d86972a3b, 855,81,319,Moshe
cf0cd8b6-2766-4b70-8a60-8eed48df93bf, 798,752,54,Moshe
eb6a2645-8223-4383-ad87-990c466188d0, 981,430,140,Moshe
7d743c6b-f372-4fab-b949-17dd8209a5bc, 895,818,204,Moshe
4357c421-e3b3-4c7e-96f0-ea41deabd7b2, 698,503,701,Moshe
8df2d5d0-24d6-460d-a345-29eb8650bd28, 659,506,168,Moshe
01f14bb4-04b6-4d08-a426-e18e316d98a7, 585,450,859,Moshe
15cc501e-fc06-4769-8a18-b55c31659fae, 790,871,903,Moshe
ef247299-d6f3-4c3e-9b3c-1e907ef5d8a6, 120,638,749,Moshe
713f3aff-9bd8-451e-9097-5df3fd85670b, 478,404,268,Moshe
f0efd006-e2eb-4085-b28b-e836fc4f0b23, 353,854,971,Moshe
1eac81b4-a988-44d2-a61d-beff9556b085, 14,906,194,Moshe
921108a0-d85e-4f54-9499-ffb333674903, 13,166,856,Moshe
55a0f693-3a19-4692-b4db-62c9e3bb9274, 705,621,397,Moshe
745a3c2e-e751-47a9-b659-f43c0d96343c, 771,26,998,Moshe
b3abb17e-2f4c-4445-b926-81bd053120d9, 598,908,865,Moshe
be434896-f98d-406b-bd98-7a18800b8741, 311,795,246,Moshe
d7569212-1966-4d35-94ed-99622bf3c962, 839,75,583,Moshe
730321f5-7909-410e-b0a7-561a93c6e366, 746,66,208,Moshe
3b6d4c9f-8ea8-4cfa-a84b-a288c1a1adb0, 414,679,114,Moshe
ed914322-c93c-424d-8ba0-c4eb46a43a0b, 304,504,26,Moshe
099cc19f-d235-44e8-9c02-ecbbc293ea38, 871,542,963,Moshe
a4a2820f-e4cf-427b-bfee-a090d5e3978e, 232,684,596,Moshe
4286b547-ebee-4358-9049-5b14009f7951, 507,646,340,Moshe
065ebf5d-aecb-400c-8b1d-93a277e8d13e, 310,878,827,Moshe
1425f693-6a40-4699-bea0-f56fda5cebb2, 463,19,845,Moshe
4ddc3522-364a-46c6-92f8-9255778dce62, 904,521,729,Moshe
eab9ce92-ca9d-4c65-be50-2dec657f8ab3, 883,168,607,Moshe
29dcda61-529c-4e2b-902d-f20452b1b38e, 23,513,779,Moshe
4a89d113-febf-4c9a-9186-3e9cae0ebd03, 388,267,841,Moshe
61505d49-0866-4024-9fa8-2c57a787a908, 985,598,486,Moshe
33de0b65-8a6a-4044-ac97-0704b9c15133, 743,402,118,Moshe
2688ae5d-3414-49da-aae3-847f35e5259e, 371,899,482,Moshe
e780eebb-47f4-4979-a579-8431c55d8e2d, 36,366,224,Moshe
29874871-558f-4bbf-b938-ec598a9403e4, 269,802,150,Moshe
920866a2-2507-433d-81de-7ba14df1f8ce, 904,530,195,Moshe
e5c376b9-90fd-4fa3-92ab-688ea4f399fc, 754,284,47,Moshe
c7e60e63-942e-4898-a21a-b70509a574d5, 361,508,159,Moshe
d3dfef15-1101-4240-af73-301c04e54e36, 383,420,337,Moshe
fe22215e-9cd3-4a0b-b8bd-5d83e131b42d, 417,848,30,Moshe
d151a000-e936-40eb-94c8-6d2722ea3793, 184,842,417,Moshe
efe5b975-e0ea-4c3f-840e-b94831a3ddf9, 754,521,48,Moshe
ca18355b-0b7f-4af7-8b19-47486309110a, 853,566,477,Moshe
50719304-a6ed-4a59-bcba-3eb42842fefa, 709,92,119,Moshe
dd0bb526-852d-403b-a46e-a7847fd4f2ad, 363,869,155,Moshe
d9eb7a20-8648-4cb4-bc19-15f871a64cc6, 505,614,364,Moshe
71b45398-da18-422b-9ebb-8b86f1c13a81, 458,118,981,Moshe
cf4d5f25-214a-443a-9716-9ad1d3feb869, 585,633,982,Moshe
52ae6636-76d2-4d20-8a46-d453903b7d90, 794,624,91,Moshe
e8cde2eb-df66-41d2-ac79-c2985ea715d4, 328,360,980,Moshe
eea78b9d-0c38-4626-812a-09b02e204435, 780,953,51,Moshe
1c5fb947-ef58-42d8-b2b8-3ca371890a45, 453,850,522,Moshe
6d05956f-1c1b-48fa-a7fb-d7d1b6648db3, 805,514,282,Moshe
eb633ef4-b384-4b53-94da-485fb945489f, 102,51,962,Moshe
c99e2341-bccd-4dae-90b7-c05fed4ff27d, 716,46,192,Moshe
2763e5dd-b70d-48e6-bf40-7b20492274d3, 927,996,637,Moshe
1d4e35d2-7c76-4323-9613-0be6b7773aea, 4,877,805,Moshe
8fdef769-7930-4196-b253-699a2d699811, 971,958,731,Moshe
8b5a4520-8084-48a6-b414-35daa96e5d6e, 47,597,210,Moshe
0a7311d1-37cb-4b16-964e-9a33c0b181cc, 434,958,896,Moshe
637307d0-c582-4105-a47c-8d6c18b9d5a2, 956,526,206,Moshe
3e658304-bca9-4d5d-8412-5db7456d7d73, 496,927,138,Moshe
ceb84218-5451-4d63-a032-2c19f3a597dd, 68,909,20,Moshe
9992277b-19cb-4f34-b8ba-68a93457619c, 631,698,100,Moshe
97bff16d-6cb4-4e83-91f3-efaed33c10c7, 83,356,67,Moshe
a6060c4f-f003-4b9c-9364-ae2f621c5da6, 20,868,588,Moshe
5c62d9ff-fce9-423a-bcd7-1ed6bb13ca95, 790,866,626,Moshe
698128e4-8da9-4342-ae55-beee2fd74185, 453,324,482,Moshe
a58dd644-7bc1-4a22-bf56-2574a61b3f13, 176,808,993,Moshe
3a343bce-bb54-448c-8e8c-57a69df33646, 319,406,254,Moshe
fcb14603-04a6-4027-a53c-3fa9ab75f38b, 313,372,555,Moshe
9ab6bf0f-f2fc-4c08-ba60-11cd7a887c76, 384,145,524,Moshe
d80ec01c-ffdd-453b-8f53-49398bb96a79, 757,220,117,Moshe
b9d434a2-4f37-4cd6-8a5f-133a9cfc768a, 55,859,88,Moshe
1aad2803-1ff7-48d5-8ed4-025a30281022, 618,372,179,Moshe
7175e517-9744-4065-b913-5d2d42af945c, 706,889,602,Moshe
d6bff891-1871-43fc-9a63-a890cc92611a, 664,28,728,Moshe
1add0dd9-ecfb-4b96-8fc6-9af4562f84a2, 621,642,93,Moshe
3ae3df50-7c53-44f9-b92a-169bca361293, 271,504,202,Moshe
aa7fb094-055c-47b6-a89c-ee8a6b96d241, 723,321,120,Moshe
f1c04c48-dd97-4b1d-85a2-033e742b6c1f, 143,748,504,Moshe
aaca66ad-5571-4e84-a797-8143f3bfec1c, 765,319,327,Moshe
2f9d068b-18eb-4113-8171-b92ecb7e0a8d, 544,697,212,Moshe
6ba7a4bd-85dc-4e38-9818-2fb9044a3b9d, 541,262,648,Moshe
2d65fd5c-1bec-4c76-bef8-77071527ca0f, 471,735,8,Moshe
37b043c4-fb5d-40c7-a0a4-b20fb79a7e8f, 539,833,950,Moshe
a422a31f-1ff8-47ce-b488-982c04a67a91, 304,469,917,Moshe
375ec211-f2d3-4ea1-91b1-59a204eb0b3f, 392,653,378,Moshe
2b8b5d07-24a4-4326-bf30-ef5c67fb2142, 524,690,728,Moshe
948222dd-3be6-4b7f-ba0e-10f6eae4f718, 463,113,639,Moshe
12280daa-6bb7-400c-8b1e-d7bed40f8562, 322,35,898,Moshe
f99f2648-503b-4b12-96df-0fdeea9b8945, 995,911,111,Moshe
3a2faec8-8e66-437d-bf32-22a71b0ee5e7, 582,852,54,Moshe
617859d3-6fce-4c5b-b025-ce53c2242762, 851,162,192,Moshe
ff698157-9792-41cd-b07e-62e2c30406f6, 390,124,765,Moshe
1ec4ca2e-0015-42a7-a993-e038fff20455, 81,150,906,Moshe
702506eb-f418-465a-ade3-cd0c96078896, 86,731,669,Moshe
3222412a-cbc6-4de0-ada7-0128bd49ff0e, 251,419,851,Moshe
107b0175-52bc-479f-b566-9e7928f20f7a, 202,749,96,Moshe
4ea60589-6edd-4b0d-ba1c-7ee6a2505246, 127,241,627,Moshe
f5422948-f1b8-4d18-a81c-630c11da5aed, 597,82,584,Moshe
489984f3-371b-4213-8406-b63177d44100, 572,220,228,Moshe
7ee1efc6-ed99-4a76-8519-01d3e92f7f41, 748,475,823,Moshe
b38b897c-302d-4ffe-a51a-dc95fec783cc, 895,955,980,Moshe
fe428d33-3110-4edc-ad0a-dea0a0d2b276, 897,452,307,Moshe
12cd950c-7d4f-461d-83fb-cc6a3ff2245e, 725,2,530,Moshe
f5183d61-6849-4eb0-a0a2-4ed4c32bc900, 611,443,540,Moshe
e12147cd-d830-4b78-b9a3-279c26fb4d63, 821,377,381,Moshe
82da83fe-e74b-4460-93ea-5e35d800af46, 969,72,614,Moshe
c28f7af0-cd9c-44f5-9c46-18511e60797b, 48,794,163,Moshe
15cd145a-9cee-43b7-9cb8-a9aba0c62f41, 16,456,611,Moshe
4d5978f4-f021-474d-829e-7b915db3cba6, 426,254,81,Moshe
a7649e77-4acc-4356-8e29-beccdec1743b, 606,817,902,Moshe
38d39fbd-41e1-433b-9884-03dd29b520fa, 538,332,674,Moshe
b89b7b00-d677-4a1c-8a0e-51c5a1ba35be, 84,189,774,Moshe
984c703a-2b72-4789-b9d1-2e5a821f45ab, 688,352,966,Moshe
e8504b45-98b5-4d97-a644-6d3e767033c1, 545,475,747,Moshe
6d72060f-3a07-4590-9430-ca4fd1f7f96a, 564,514,797,Moshe
1a0e43d1-e816-42af-a9f0-e63f6b8f3d81, 87,775,703,Moshe
6117ec59-21ba-44f2-928c-981b101c5a81, 204,601,148,Moshe
14032d72-3437-40d7-832f-0948752f7eda, 612,701,679,Moshe
edaa37ce-f874-4191-a622-a5d91b62d09c, 660,879,500,Moshe
da0ac5eb-076e-4576-8659-810e1e90a563, 370,472,198,Moshe
7339346d-d002-4b9d-a4de-f5440e4226d9, 226,120,184,Moshe
ef3d58a4-3829-4f70-b19f-d57670304f57, 626,74,112,Moshe
a099a5ee-e4f7-4145-ac96-b5da1b392035, 865,738,189,Moshe
193d4172-6547-493e-ba93-a2e0e6d54871, 606,282,718,Moshe
151fabbf-869c-4aaa-82b2-48f21265329f, 646,501,320,Moshe
88001db7-8d90-442d-88b7-1956c9ecbef3, 414,451,940,Moshe
92dd80ab-2280-4844-a75a-171d1d26ed88, 813,339,478,Moshe
03aa5402-27b8-4940-b12c-8dac42ada649, 377,403,216,Moshe
714519b5-3835-48ad-a81d-931a9a4d7dc7, 755,924,629,Moshe
6366a094-f53a-4f50-89a4-388aa5f5b201, 993,422,309,Moshe
183cef1b-132d-46f5-96c1-f3af0463ee0f, 274,318,879,Moshe
8cec32e2-acf7-4869-bb67-bcb298662ae8, 768,319,355,Moshe
18a10883-d281-4fc2-ad13-6cc65b46d1de, 564,937,440,Moshe
e22a2bea-0804-4101-8450-b9ecb3f76735, 685,221,37,Moshe
68830c8b-6c26-4ea2-8419-bbf712d7b5c1, 515,596,320,Moshe
737d011d-2793-4268-938f-4a70d66170de, 428,965,200,Moshe
0366fe61-c44f-40f5-8996-c8143503f8bd, 360,247,429,Moshe
41ab5aa5-a786-4dfe-884e-0d4868edd7b9, 559,555,133,Moshe
e052daf7-3513-4b14-91d0-1119646b3d38, 719,848,715,Moshe
24ca7674-e998-4d56-8db7-8e30cf7c2f86, 966,870,148,Moshe
e1530611-9cf4-4dd6-8893-ac08f3cbea4f, 481,870,317,Moshe
196ed56a-705f-4e1d-a3c4-822755bcb378, 878,333,962,Moshe
8a7b731d-87c3-4b1d-906e-b4cd54d52152, 838,876,183,Moshe
f4f02b48-9104-42f9-ba83-c9a4f0c6b911, 963,849,512,Moshe
4712dd81-04e5-431f-938d-3375186e054b, 500,128,119,Moshe
72ebdd6f-42fb-4d3a-8341-17bbaa353e24, 441,861,806,Moshe
3cd2254b-adc8-4a31-a70f-c78a60ec3f5b, 894,327,958,Moshe
89708505-5cfd-46c1-9a88-425790ce60a5, 429,634,175,Moshe
d5616851-8569-476e-8058-80b6194c6586, 879,714,762,Moshe
c9a27b3a-2210-428b-9307-dfb32f2e036e, 746,50,470,Moshe
8ccb1e8e-c05e-4325-b433-c4425fbc23e5, 639,596,67,Moshe
289b1566-502b-463b-87f0-c6e4e1bb3b66, 293,204,349,Moshe
ff3f9233-8f78-4b7e-981a-c368f6ab994a, 719,635,264,Moshe
17011fb0-f8aa-49ae-a00a-aae98992f45f, 357,589,89,Moshe
90997990-02a4-495a-9428-e4a00b1f9915, 18,396,397,Moshe
9812e221-fc86-4312-8999-ab3c403bcc4f, 915,59,428,Moshe
c1634580-81c1-4c54-a58d-ab8738cc18cf, 15,279,986,Moshe
c383e9fe-b687-4eb4-8475-fb369bdaac50, 908,73,543,Moshe
1fa23382-ccc3-4ad3-b529-54a83d7fe7ed, 189,52,237,Moshe
6cb43aa3-49d3-4d76-a06a-4c341377d858, 142,997,617,Moshe
6157fb63-d671-43ab-a67c-25445ac8c281, 201,92,827,Moshe
a00a7ad2-8eea-4425-bd1d-dfc0b406f106, 712,325,253,Moshe
2f28bc5d-9ad8-4d3a-b285-4983c2a619e9, 446,208,922,Moshe
ee71500a-2a16-4e50-9e4d-39e745b62431, 768,720,226,Moshe
f233a3ea-cae1-426c-ac06-cb06f7937972, 542,538,737,Moshe
e7019452-87ed-4169-bc03-74f988ae0291, 869,412,238,Moshe
1dfac87b-c75d-4a32-8600-4cb320f37ed5, 777,963,656,Moshe
972df8a6-5bb1-4823-bc86-ea216bc21216, 334,732,769,Moshe
eb9cbef1-f730-414a-b995-c67ae2fce80e, 482,729,524,Moshe
8e9be985-d7ff-4c92-a013-86930d1c918b, 523,104,152,Moshe
d332d996-48b4-4421-b2d3-8fc1e9993c0e, 113,577,637,Moshe
58f8bd4e-6969-4a30-95eb-8db690d6c3f8, 645,157,497,Moshe
c5c64ebf-6da0-4131-b1ac-2c0513438448, 261,304,72,Moshe
e6013c43-3d00-40c5-b064-e6223f831a58, 144,470,849,Moshe
6443ef8d-f1bf-43a3-bf9e-071a05b22352, 504,246,557,Moshe
611e1484-b781-4958-a7c9-bdf54892231e, 761,366,533,Moshe
5cdfb1b4-c1b8-40c3-8bc2-9e3653cb778d, 804,318,639,Moshe
19c318e0-755b-4057-80fe-cbc04e3f4b0d, 997,364,35,Moshe
42748e27-ee57-48f1-8295-a479e507cfb7, 960,865,359,Moshe
3903a8f3-d22a-4614-9efb-fb1faa3af53a, 58,230,594,Moshe
997aa820-2bef-449b-8482-e9499ba824d4, 728,921,105,Moshe
aec23a65-36c8-4833-9c2a-54dcc2583894, 770,656,143,Moshe
1f4bbff9-5d37-4420-902a-d540e722d2a8, 588,896,381,Moshe
1214380c-bf96-4c9a-a8b2-82a14210f480, 240,609,108,Moshe
4795efcb-7b37-4d16-b4df-92fee219396f, 167,633,494,Moshe
36c7714e-a2c9-45a5-ad75-a51127e7b57f, 806,828,486,Moshe
8357f2fe-f985-47de-bae4-105d12245328, 212,720,364,Moshe
34277146-5bca-419e-af6e-9a7d05dc9251, 989,717,785,Moshe
5923a8b9-b2ba-49ce-9d45-5714a59c7bbe, 512,114,214,Moshe
a70598cf-1459-4d12-81d1-39230e3e1da2, 602,683,290,Moshe
28547816-e0a2-474e-98a2-764704d5f8b0, 139,203,75,Moshe
3a5ee49f-b405-48b3-acbd-84bc8f946fe5, 476,415,547,Moshe
79d32049-cde4-450e-bec1-5057b951c6d6, 745,733,588,Moshe
5f900a69-35d2-4156-b6e1-b56593026743, 415,174,469,Moshe
9386eff1-709e-44d0-930e-23b66a94c511, 153,565,707,Moshe
bd6a72dc-e70d-4816-ad41-997edb9677d3, 531,831,729,Moshe
a5f5bf6b-91a0-4ea1-b888-16767eac841a, 539,155,37,Moshe
7e7914dd-00ac-45ca-ad82-7f895a07bc4e, 871,844,509,Moshe
3a74635b-f803-4d0a-aee5-bda2cd65beab, 231,737,205,Moshe
32915afe-d766-4d39-af02-5d443957cfa5, 318,258,543,Moshe
9bdac321-6e52-440e-a3ee-0ce304cee74b, 928,984,213,Moshe
c1b2e25d-2ac9-4874-ad43-db57708f545e, 91,102,407,Moshe
18e8bb60-da02-45a1-8292-b88f0757ac8c, 34,689,219,Moshe
3dd4c5cb-3387-45a2-a8b6-5ae7696ccd89, 945,61,96,Moshe
23d5cae0-b0cd-41ee-b5c0-4840212cbc16, 897,796,547,Moshe
99cb12a1-bbe6-476d-922a-8f31f30642e3, 893,837,153,Moshe
778a1e8d-ca15-40bb-9ea3-b4e810dee159, 78,980,281,Moshe
32ad6bcd-a45b-4d3e-986b-9d5c1aa984fd, 483,63,529,Moshe
c5515c8e-e16a-44de-ba97-9e6e0f6613c7, 253,266,357,Moshe
900a3bdd-b8f2-4815-82ba-3b6b435efe1d, 565,246,676,Moshe
cd530850-2630-4f03-9677-ddce4e5e709f, 343,427,475,Moshe
8be7650b-3c8f-4abb-b5cf-34be6874485c, 46,485,188,Moshe
5712a878-a03e-4137-a3e8-44d0b042055f, 256,62,463,Moshe
f9acca5b-6e9c-427a-9d10-696e6c954424, 300,497,142,Moshe
b0763e30-c51f-44b5-a061-62c3fcb0242d, 510,592,94,Moshe
fe8cf3ff-33bc-4a67-bab1-35c41a217b3f, 940,973,49,Moshe
9881735d-1b59-4133-b2b1-d49988606982, 960,336,899,Moshe
7dbb9ebe-edd3-4b78-8c02-317134cbe173, 52,240,277,Moshe
f54cfa62-5acd-40b6-89ad-5450253588a4, 262,445,921,Moshe
e6cf2775-10ef-4331-b9ff-0cf35238b537, 683,836,835,Moshe
f82c3e2b-a106-4747-bf63-0f86fd552f96, 51,468,443,Moshe
8c90585d-f47d-4f03-b12e-660df850f281, 542,603,633,Moshe
34780191-184f-4436-ae69-51b2abdb1747, 620,851,312,Moshe
45a1041e-d044-4428-b544-cda53ac2110c, 359,638,775,Moshe
f56a8f89-5b06-463c-81c2-850154315af6, 689,776,483,Moshe
969fba71-b952-4b40-827a-d9ee83a79769, 140,971,469,Moshe
552e7cdb-57ee-4c65-aec2-b15f3cd2063a, 435,312,291,Moshe
6a7e8833-bb72-4a6c-a952-5e3aabde8d9a, 309,603,909,Moshe
f7d57e86-acbd-4626-a4f8-3cb9fb5c35a4, 775,291,187,Moshe
354232bc-718e-4493-b473-10731bc13e5a, 198,783,40,Moshe
8ee11a10-4fdb-480f-8006-98c9ccb3af48, 266,572,224,Moshe
bc478b8d-761f-49f1-bd17-5cc470bcddd6, 626,250,30,Moshe
59f9f607-a1d3-4e05-b92c-f2ce1e754938, 698,967,988,Moshe
c9f779c6-ab59-4274-8890-abbc327d09b2, 460,321,123,Moshe
2f57b631-b2af-4b11-8e41-9b90b01d5e80, 735,601,696,Moshe
e81b3ac8-9ccc-4836-b1ab-8f34e345f1b6, 124,362,462,Moshe
4359a9f1-f65a-4586-aa6e-e8ff641a5a18, 792,122,473,Moshe
33c17584-c18e-4302-8f0a-23c8fd7bace4, 452,248,525,Moshe
950178b9-961b-4d96-b377-6318bbe5fbe9, 544,740,863,Moshe
80ad16ab-6bcb-43d3-88a2-87912581fc4f, 533,765,313,Moshe
38a650a4-b9b3-45e9-b2ce-da952fc767ed, 446,422,68,Moshe
c7c55875-51bf-4387-85f1-d62745f8a36c, 272,94,67,Moshe
dc597890-3b8d-4743-9738-5477f8d65cf5, 552,63,526,Moshe
ff2360b4-ac20-4507-a8e2-6eab5a97f2d8, 453,441,5,Moshe
bcb6c806-a689-4487-a110-796ff7d6a2c9, 480,974,990,Moshe
c1e24eb5-bb0f-4c18-847d-a4a821a8c98b, 169,572,2,Moshe
1a19a2da-92dc-488a-ba28-2ac277810069, 213,652,928,Moshe
4ef97fc4-3593-4856-b526-77608b7b6e0c, 724,404,661,Moshe
49ed3921-e58f-4dc7-9d0b-46a461732a67, 566,812,324,Moshe
a3eac0f8-57fb-4200-a82c-0a9cc89bad3c, 698,82,509,Moshe
38b12b2a-0f3b-4bd5-86d5-048d6e8cb29f, 166,165,203,Moshe
95f2093f-a48c-45ee-bf60-e1b9ac4f69c7, 675,14,897,Moshe
bdc02e9c-d880-4716-9293-01e7c53b474a, 55,463,508,Moshe
8f1289e5-19da-4aab-afc4-852da3f987d9, 630,571,299,Moshe
7aaf3353-5240-41da-a1b5-311b025bda93, 934,340,680,Moshe
6382df4f-2240-4277-8d8b-4fd3c41566f8, 469,971,273,Moshe
3eb77223-3d46-4ded-bd24-8e27f8140c94, 533,375,168,Moshe
4c08695e-f601-4ef3-9d18-404a0f436095, 861,320,114,Moshe
cb193364-8d6f-4b54-baf0-a2c15e1e6ba9, 384,721,18,Moshe
fd7d2914-28ca-411c-92a1-d9afd813c17f, 406,705,281,Moshe
41ba8e03-fa6d-484e-9de3-7d00ee442d18, 741,852,979,Moshe
2ca53714-487f-40ca-8221-3057328d5285, 18,288,276,Moshe
e39fe514-707e-410e-9b02-b07b70058918, 800,803,960,Moshe
68af7ede-d342-4354-981b-c302c7ea8ee7, 93,115,110,Moshe
227bd94b-1b9d-4b57-99a1-55251f3504dc, 493,582,81,Moshe
c512e864-e204-414c-8ae1-9856f9f85652, 629,788,65,Moshe
9a546c83-4ba3-46f2-ae34-3165e69a2285, 979,97,840,Moshe
f0fc9639-ef0f-4d3c-95cc-9f4a4a0a02d2, 52,165,706,Moshe
d09a48de-1084-4b97-8d97-fc5df4e4da38, 341,303,844,Moshe
b1e7c245-9457-49c3-bf1f-707092765701, 89,292,292,Moshe
495190f3-7ead-4937-bb17-73dd9a56e311, 880,647,756,Moshe
c8a8491e-fcf2-44ba-a2ee-06c3d55095bd, 228,888,717,Moshe
36cbbb58-196a-49c9-b3da-985ac2487128, 318,917,53,Moshe
4161e3ae-3e36-4f4b-b7dd-818fc931076a, 405,667,168,Moshe
ac6ba54b-6f36-4cd8-b792-d7531ac14587, 311,440,261,Moshe
0e283936-c311-42e4-a8a0-0b89c99b0e4c, 59,369,737,Moshe
ddbfa5d3-caa8-4b96-a8d4-74848585db03, 33,753,932,Moshe
23e81839-d3f7-448b-8638-dce7b61d524b, 951,425,608,Moshe
5004ee84-5f2e-4ed1-9a5e-3e1c4f02b38a, 439,689,687,Moshe
f8fbf05a-964a-4329-b022-62621bbfbc8b, 274,675,983,Moshe
cb9be150-b518-4e4e-9c86-38cac94fdd06, 430,712,512,Moshe
0608478b-dcae-449e-a0b4-c680977e323d, 669,212,467,Moshe
3cfcfa99-31b4-4975-b640-8248e41752fe, 352,265,692,Moshe
f9300535-e24e-4c91-a8b9-5a8f5b782e48, 363,311,870,Moshe
776e78d7-18d2-4c5a-be68-5a0912258249, 13,574,429,Moshe
2735b49b-186d-4af4-ada4-4c0f6edd79b4, 673,740,724,Moshe
0c2e85ca-8f1b-4d63-85fc-84cba792077f, 446,283,933,Moshe
3c0d88c5-eef6-4bf9-a553-b7faa13776e0, 108,57,537,Moshe
65174ea6-2cfc-402f-9c5f-d00f96407e0e, 359,927,222,Moshe
c0864cd7-507f-4bcd-aed1-b7ffaf7b7a1a, 149,787,199,Moshe
74509c69-e792-45ae-9cec-6aa3932c5a3f, 30,45,242,Moshe
d2b27b36-57b9-4162-b374-cea04a5352c7, 68,973,954,Moshe
e184da45-2d73-41c4-943c-ac27a0bcb8ff, 655,640,229,Moshe
7550f093-017d-4338-9224-de0904047c73, 793,706,104,Moshe
3cb27db5-ad69-497a-9e2c-11c424662c7f, 45,669,443,Moshe
e8f714e5-02ce-4622-bcac-9786f8ef48c2, 62,938,849,Moshe
912ddd32-4938-4c71-ae1a-9ee5ca153744, 180,765,948,Moshe
e3f8f6e0-817c-4d5c-a577-dca648d74fca, 962,827,393,Moshe
474ae4de-bb53-4909-9650-412909f17cd3, 51,323,655,Moshe
2a2718ab-f73e-45d3-b42f-65a553390f88, 973,311,283,Moshe
df1cd785-191e-41b8-be32-750c157b8087, 245,204,477,Moshe
f1c762e6-b77a-4803-b901-8b52acf0e67c, 493,333,267,Moshe
40e21099-6d3c-4ae8-981b-764fcebc3c12, 628,944,599,Moshe
fab1e78f-0284-49ae-a26d-4ee0d62d1666, 474,18,100,Moshe
90a3ca12-cd74-4cb7-9978-ad6e62437a95, 496,652,576,Moshe
ab23a892-f8da-4918-b922-bf4cc845e306, 829,63,387,Moshe
97788c20-1720-4cc7-ba41-79d2b2e6e1f5, 95,297,987,Moshe
90bb2421-6cee-457f-95dd-66b1f96cd9e2, 372,967,22,Moshe
4cccc80c-458d-43cc-9c51-b4dbf2431edb, 250,67,216,Moshe
473b1ce2-d28a-4dd0-b091-f9119712b05c, 847,18,651,Moshe
45632a7e-37d6-4488-8013-4638aa4d3355, 299,681,330,Moshe
f6f9f729-30ba-4aad-a8a9-d23e7d37e51f, 944,548,502,Moshe
ac91445a-da1b-4488-aa39-94cc08ede850, 626,550,336,Moshe
b37d53ab-e8b5-4b39-b3c1-d5338ea602b7, 177,433,993,Moshe
bf20f694-bc13-4df9-976e-e916fba03403, 250,704,747,Moshe
eaeb88f5-60c8-4c47-baec-a507443c3b28, 849,467,176,Moshe
e5ff2847-75f9-4d4b-8510-0782e3b5bb3d, 816,220,260,Moshe
e8d394f3-73c5-4e83-bea8-c606d1579c1f, 269,878,14,Moshe
617266a8-d7ef-43ca-aab5-618806e1bb8e, 294,871,235,Moshe
24a45080-419e-4065-b879-2c903b07249d, 455,244,267,Moshe
8151cb83-e34e-4548-a459-d9fbb6db0d54, 51,779,926,Moshe
572e880d-1106-4931-8172-14dd7288c365, 947,176,336,Moshe
45399502-1254-44e6-96af-22725303f0b3, 768,550,104,Moshe
f64627d3-49a1-4a92-9f6d-dbf868dedc3e, 74,203,511,Moshe
893f0a6c-2e39-4751-86e5-a84671516e8e, 51,916,863,Moshe
4cd30c1c-f2ec-4d39-84c6-e88a8b442539, 993,122,264,Moshe
f20713eb-e007-4a98-9250-6ab97b6c274e, 274,400,598,Moshe
aa20a00b-47e4-4299-b421-9162a4c3750f, 41,32,796,Moshe
fa66e74f-e5d1-49bc-b121-6a76a85c5e8a, 391,30,801,Moshe
b2ee8067-482b-46a3-b2eb-59034afcd1f5, 317,651,676,Moshe
c2025c75-7f7f-410c-bdc0-f4d01905de9f, 268,172,307,Moshe
64e9dc7a-395c-43cd-bdf6-bb15ed331ea0, 69,127,652,Moshe
48985052-55a1-458b-a89d-8b03295c3698, 68,302,529,Moshe
ed3a0352-6f31-44b8-8e39-4c67401b0f21, 412,81,916,Moshe
62fa3d54-2db5-41c7-aa55-596d0badb616, 73,742,17,Moshe
f124f426-74a2-41d8-be1a-398f2181fc82, 748,218,961,Moshe
e1b58812-f818-4261-848a-38c56911eb8f, 150,300,750,Moshe
f9618a69-6ae1-414c-a0e2-bad364b8c9d1, 969,182,842,Moshe
dcb71548-66d4-4072-9461-b40aa950c8b8, 668,10,748,Moshe
d9cf92be-7d9b-48e3-9036-118508ff1b0d, 131,556,146,Moshe
7199d49d-088c-42af-943f-a544a94c8006, 534,452,897,Moshe
ada7c814-cd46-4ccf-98a5-64fa16e73de8, 427,805,32,Moshe
17c0e082-3334-4e44-8a6c-b17fd7193839, 204,981,790,Moshe
8f7bab88-c439-4e69-ad7f-a0ab7a4bc482, 211,926,818,Moshe
42c121f0-025b-457c-bed0-f2f5ad8a61a5, 734,860,319,Moshe
1de57f7d-b1f3-413c-b609-5c756896c576, 681,967,288,Moshe
78b02c10-045a-4e55-bb33-953ad051e67f, 779,642,810,Moshe
6702fe61-b3fc-460f-8aa9-e44c332b1553, 838,167,351,Moshe
51038b9e-f4f5-4f18-aeb9-82b2598f75f4, 924,297,989,Moshe
761ddc94-532d-4b95-818d-d23137872268, 463,400,117,Moshe
6c946aaa-4dc3-44b9-861f-59121073d479, 903,935,744,Moshe
f7ab0b04-0525-4290-bcad-1a526b1d8d22, 383,876,628,Moshe
3b643d1b-9ce9-4a9e-9874-2970b868ba0c, 19,644,936,Moshe
2f4df7fc-216d-461d-9688-1631c23cf837, 984,544,236,Moshe
16f47753-71f9-472e-bfc4-344344a532a7, 171,937,373,Moshe
1e5c5ab0-67b2-4369-bd45-c57d98002201, 930,236,320,Moshe
a030f14a-4ea0-49a6-805e-5ee3b1e8bcb9, 523,986,41,Moshe
4ff26955-2898-4467-a2d9-b536aced8930, 460,350,913,Moshe
3b6266ee-83eb-42b4-8024-3e6e1c45a967, 335,694,285,Moshe
0917a2ff-3372-4dfa-bb27-6325667748eb, 546,501,509,Moshe
11dea75a-c287-4ddd-a3bf-e7ab98dee523, 42,740,581,Moshe
09224caf-fce5-419c-9361-3a4701a3180a, 674,307,989,Moshe
aeeaa7a9-9512-4ad2-8407-51580062eed4, 75,352,983,Moshe
3eb22177-9806-4c76-81c5-50d56e4e250a, 690,662,323,Moshe
390294dd-1e4b-4c0d-8c75-d68f7b10c4bf, 351,794,98,Moshe
a1b7b20a-263e-462b-9c2e-b2eb6ae8a527, 574,668,228,Moshe
cc84c74e-bfb8-46f6-a809-8b07b36c90c7, 977,992,61,Moshe
a26144ed-e160-4c76-8d11-c5f9e0dabd7f, 670,938,413,Moshe
27b292df-776d-4de4-b54d-369ad62852bd, 76,444,586,Moshe
6cfaeb2a-7b7a-4b0e-8254-eebf7dac4d1d, 829,49,182,Moshe
e82d201d-2c84-4a84-a0ab-960dbaac0e51, 343,471,144,Moshe
e7d1d1ce-caf9-4d07-97df-1f7ae69611b1, 428,943,803,Moshe
b9423eaa-c85e-4cc1-b443-de6c3277590c, 654,496,631,Moshe
7e08ff71-c135-4ec0-ab12-01a0b91c8594, 383,856,883,Moshe
3991caf0-ec25-4182-9abc-a47a9bd809c9, 336,832,324,Moshe
4f970dc5-9c69-4236-9332-b209a25e38b2, 717,109,555,Moshe
f4dc0a01-e4f7-468c-8d65-eb901b19b493, 815,759,27,Moshe
26594c79-f4b6-45d1-8526-38a494afa746, 58,568,508,Moshe
5dd98525-5053-4cb2-b2e1-7a94d8b44d61, 448,371,800,Moshe
9b97d1be-7eb9-4ac2-b8e0-e27beaa83b46, 168,598,862,Moshe
d56458b7-8f8e-4b76-9695-8e4568f17bc5, 404,244,303,Moshe
c2b04ab2-944b-4414-a07f-2bd603a663c7, 801,348,191,Moshe
a3b07428-2634-4677-9f23-86a134b95b2e, 180,922,849,Moshe
e5684462-0168-4867-b087-ef97a2024bf8, 294,919,173,Moshe
6461f0aa-1a54-4284-ba2e-bc968a5f6ea9, 596,595,137,Moshe
2c4dd173-d57e-49dc-ade6-c2cd57aa49d6, 177,334,107,Moshe
a65c868b-a48e-40d1-8fea-a6327a19a043, 90,358,335,Moshe
04f94af4-1f0e-4651-8b60-56aec8700634, 31,14,288,Moshe
38498446-e3b3-415c-aed9-1b1abc7f3b85, 156,286,902,Moshe
6dbe93a9-2ba0-41ec-b102-edfe1e405147, 635,979,573,Moshe
ebb78611-4c14-4e4f-9e5e-265f06370293, 3,486,897,Moshe
fbb88583-7a34-45da-ad61-d6c8ff60d45c, 767,977,612,Moshe
4ef86efc-043a-496a-b283-0f31b02de827, 580,533,484,Moshe
44ba4ffb-b7e1-4d67-b72f-dd2a946290e4, 133,537,186,Moshe
857b57dc-4fea-4929-8d44-2f6993a6d17c, 704,522,838,Moshe
b800a065-ccfa-41d8-8681-1b718031ac82, 853,460,971,Moshe
6e2887ee-6fea-4074-9918-f73cde9cf921, 371,272,37,Moshe
62dcaf9e-c319-48e5-9412-0793ed93bbc0, 693,79,240,Moshe
00cdf92e-4d8d-44b8-b746-8f47cc07e596, 527,373,230,Moshe
2714beb2-7d0c-4a7c-9087-4dc98abc01fc, 16,646,63,Moshe
db84a760-aff0-40f4-b5b3-8218ecc81f1f, 288,544,942,Moshe
4b4f0028-9ea6-4e9a-bc1c-3c5af1777dd3, 277,291,433,Moshe
4983a937-741f-44cc-b58f-0943e0c68794, 275,827,616,Moshe
0c1f10d2-11a3-4717-aa56-c2924a0b384c, 523,595,800,Moshe
e132beaf-8fe6-4bf3-8e86-00b0f5f5c36e, 622,955,819,Moshe
e8f89c82-fb59-4ad3-99f6-6b1806b495c7, 150,326,491,Moshe
ab2e3257-a228-4107-b762-dba2dee21691, 449,302,824,Moshe
964dcd2b-1008-4b2c-842a-1d185e1efa9c, 929,264,707,Moshe
6c7a9262-8264-4757-b00b-e368ef8b0242, 537,309,407,Moshe
a06eeee3-8106-4a83-b5f5-20a3015bee77, 657,241,605,Moshe
90040e4d-dd48-45c0-8480-e5019ec6f3fd, 382,565,886,Moshe
4c0f1d11-9ed2-429a-ae50-3ad111e8358c, 421,844,991,Moshe
1dc45052-9384-4fd0-8e87-ec6b745c077a, 243,428,231,Moshe
f60896a9-1c73-4992-b13c-3b3d88e1f41a, 405,579,631,Moshe
eb29e9ee-013e-48e5-ad84-b86945df3ca4, 356,846,675,Moshe
ef7e3972-b3a4-45d8-9963-9135cf948d8b, 235,72,123,Moshe
aafc2ac8-f987-4a9f-9a66-c3f362849bdc, 419,378,48,Moshe
c7b96e87-164b-4f28-a18d-ec74fcc50afa, 738,565,345,Moshe
04bf569a-26b3-49ed-a508-e5d2a7d8eb8c, 238,357,281,Moshe
1e85c958-fee7-4f46-a5d0-0efb601d1717, 235,739,981,Moshe
f4c1c47b-f0ec-4757-bd40-866c5dfb186b, 27,616,587,Moshe
f9f3e1e2-9572-4b33-bb17-7b9174f3f41b, 12,142,31,Moshe
9f247e46-1583-4f67-bc50-151ffd23771b, 913,201,111,Moshe
b7182cca-71cb-4fe6-b422-748583a66e90, 826,905,896,Moshe
92486233-bbbd-4fe2-bb44-5be67bc6b1bc, 260,44,721,Moshe
f8b3f4e6-ebca-44f0-b6e6-1d483c8e320f, 193,574,416,Moshe
ebf6fb60-10c9-4e87-afe9-c62903e7a7ad, 33,302,238,Moshe
0c203c4c-efe3-43a0-932a-6142aff64c36, 285,238,861,Moshe
8f532d11-00bf-4870-829b-da73008ba769, 558,642,998,Moshe
849eb00d-1132-430f-a5e0-6d3f752bb0a1, 541,184,488,Moshe
2988758a-99d3-4492-9494-fd8adfa63bd8, 711,9,688,Moshe
f9488c4c-b463-4261-9b05-d765efd2e3b8, 248,379,961,Moshe
68682616-6b6a-421e-b65d-442ad6401f12, 45,344,705,Moshe
f5e13688-5f65-4685-93b9-d7399ae7fdec, 645,321,869,Moshe
2994c267-7747-4860-9469-f6fcb7a41956, 12,592,471,Moshe
21198eea-d56b-4a21-b68b-a5498622d981, 150,478,522,Moshe
d99a459b-d426-406a-8e23-18c6a8dd1a50, 622,45,781,Moshe
344e1445-4fac-4dbe-95e4-ec98aaaf2f7e, 863,202,437,Moshe
88ccb007-0a86-4abf-a06b-9adaeeb5a453, 744,740,379,Moshe
4bfb8501-9e3f-458e-aa92-4ed801beb88f, 724,452,498,Moshe
dcc3a9f1-9d98-4054-946d-24a51bdbb071, 31,372,18,Moshe
7b5559da-4239-4bea-ab40-cfaaf4ef1c75, 622,116,897,Moshe
0431dfa6-ce5a-45bc-a890-ef1bbb5e28c0, 209,13,663,Moshe
c7a86e28-c808-4622-a55c-14522cef7042, 759,148,230,Moshe
b1577cc8-32e8-490a-89c2-0e76371c22ff, 710,387,980,Moshe
8ceaa9e0-21dd-4f4a-83a9-9db0208a4e14, 367,273,645,Moshe
89c5a24f-6812-491c-a6f2-afbcb5f3baa7, 390,408,165,Moshe
885681d5-d503-46e9-8494-ffbb08c3f16b, 476,918,140,Moshe
511a2880-35f1-427c-8daa-03272246e70e, 705,847,805,Moshe
da69eff0-fc8a-4234-a710-08fa83e5d70d, 251,502,638,Moshe
cd9f8898-5f07-4eda-8c59-3200253bc2f5, 582,319,891,Moshe
4fde957c-bb87-4bad-a9e5-e09a6dd295ea, 207,614,947,Moshe
5cff4ede-4b9e-45dd-a0dd-d32010a67256, 851,389,476,Moshe
6386be97-90d8-46b5-9e6e-0b8ae312cd9c, 573,939,466,Moshe
a493352f-08e2-4595-aa48-8e09812f91fb, 858,862,895,Moshe
13db858b-5eea-4637-8616-674902fd985e, 551,154,814,Moshe
2a2c9afa-61f7-40d1-ac8e-1bc04abab0d5, 455,377,468,Moshe
aff3da81-2f3b-452f-a9bf-f01893109b49, 733,334,45,Moshe
72bdd882-148b-4e61-9bb5-261d3c2da7ae, 334,554,453,Moshe
e15aa498-869c-49a9-9672-f28ba96ce9d4, 877,915,267,Moshe
5ad19615-988e-45cd-83fb-9ab8b49fd079, 93,957,509,Moshe
48b583d8-53a4-4cbd-a78c-18e55493676b, 25,177,828,Moshe
526685ce-ef47-4335-aae4-ea523178586d, 338,503,772,Moshe
48e845e9-87d4-4986-84ee-9afed0b2521b, 33,514,883,Moshe
8ff7b493-54ac-45fa-95f7-f4baa2c5bd1c, 169,816,468,Moshe
1d153eba-d2fa-4885-b1db-61b44ff20f44, 698,616,57,Moshe
a1cd130d-7d9e-4463-8cb9-bf9e5e742819, 243,155,694,Moshe
13575cf6-2fbd-4a24-9fb0-eaf6c7dd045e, 989,794,125,Moshe
4b5761f6-1be6-42cc-a185-478d24624811, 171,848,984,Moshe
584026e0-1658-4775-ad89-90343a97b437, 847,872,60,Moshe
51e6cd8d-223e-4694-b695-3c45c128778c, 495,973,472,Moshe
3ca371ad-9816-411a-a39e-0c4b746a2cf1, 210,480,981,Moshe
a58e3d44-464d-4494-a78e-30fa733c38d7, 955,833,685,Moshe
585146d1-5efb-4bb2-b229-b7691256e00f, 68,213,649,Moshe
2b07e0c1-cfd3-4a38-9ffe-b1c987ac1aaa, 43,422,862,Moshe
58e6c54c-50a4-4874-bc2a-63bbbc013860, 583,565,517,Moshe
5e4f4e91-0fc6-48fe-a97d-fc4366f49cfd, 575,635,936,Moshe
83b84173-aae2-43f4-8e4f-4bcf097ba51a, 396,634,761,Moshe
6150eaca-ed4f-45db-9785-062564fb6889, 572,102,163,Moshe
91fdeb96-c874-4964-9198-a56f1f1f080a, 384,853,327,Moshe
92238549-b65e-40ca-948b-bb936fb1e27b, 842,490,630,Moshe
fe3f1da5-1f39-466a-aff5-ac9605a9ce40, 712,537,539,Moshe
1f4c851c-1200-4b75-90a4-14c86eb33de9, 412,958,336,Moshe
cb11dacd-0940-4eab-9e13-f4aa52810378, 485,741,781,Moshe
1feefdc6-3937-40fb-8813-fe0625711f3a, 370,176,940,Moshe
18451b8c-3337-46b6-b5c9-95b5b3d2f78b, 45,946,373,Moshe
5e2868f8-7233-4862-93bc-2ec3db2c6d7c, 262,586,284,Moshe
6355b0b4-f865-4dd8-9bf6-6bbf620d1683, 468,272,238,Moshe
fed64374-7c1b-4d88-8956-6086214305d4, 123,99,340,Moshe
af7e7342-9b6b-431d-85aa-8bb7055060ea, 709,636,378,Moshe
aa06765d-b719-4f31-9108-32f2629d9db3, 819,572,979,Moshe
96b3c4f0-0174-4717-8c95-61a9a4d3e6e1, 359,224,722,Moshe
5f573ca4-d19a-4032-b789-42bc57a31c69, 20,330,884,Moshe
b3b22dd6-25aa-43cd-acb9-8c722c2b75c6, 323,172,606,Moshe
b92adfb3-299b-4421-982c-e4002c52fcfc, 181,91,892,Moshe
48c0bf62-d5c0-4b73-9787-35db1dfb087b, 155,27,459,Moshe
e2756503-7dfd-4e7b-af6c-c9b7ed01ddd9, 819,527,154,Moshe
655f3908-6aa7-413f-aa84-4b0557ea72fe, 789,122,268,Moshe
529a21ed-68b5-459c-bd73-2712e822395b, 44,375,219,Moshe
20a16fce-a9c8-4d3e-9eb0-d2d6f938e151, 392,589,438,Moshe
887a046c-5135-4f4c-8734-500975eb680e, 200,701,322,Moshe
c940cbd7-70c9-4b1a-b503-3fb71a59b030, 956,665,170,Moshe
fb85d695-cab1-4f0e-b336-ae30c78339a8, 801,12,950,Moshe
59fa40ac-78f0-4820-8c1b-d7a9f9c58049, 219,26,617,Moshe
4619f3f3-cbfd-49c6-89d5-232b9708fce1, 487,938,414,Moshe
9577ca7c-a1b1-4ac8-9abf-98f4c14e5270, 677,287,182,Moshe
bd46bf5b-0fef-4bc9-a9ee-c63185ab8af6, 344,966,73,Moshe
9e4fda10-b6fc-44c6-ac03-57d5fd0a4ed6, 880,889,109,Moshe
422cf083-1a40-4952-bdd3-1d0ddad5f9d8, 225,31,450,Moshe
ca429eb2-0e85-4b89-87e7-0aac014b810c, 711,315,847,Moshe
6a775d77-1f78-4145-91fb-dae961988d89, 503,626,739,Moshe
df28b064-02db-417c-805c-83d6f3cee6ce, 446,123,470,Moshe
132782cf-4776-41d3-a8df-77ede00f8a05, 284,223,424,Moshe
e7399da9-00d7-40f0-8f07-3c709c8f355d, 723,352,16,Moshe
137012d5-a00f-4ef9-a01f-d09449d79305, 507,601,502,Moshe
54b8500d-770e-43a5-8165-207643531991, 536,302,182,Moshe
805c1821-aa4b-47f4-b76c-b599901338f6, 852,366,89,Moshe
ae174e95-29f2-4caa-96de-07c09f0318be, 38,49,622,Moshe
d0973b48-e0b5-4f92-9bb4-ea7d3e315f5c, 366,319,810,Moshe
4cb414fd-2333-4843-a8af-08af3b91f8ee, 213,732,635,Moshe
e123fe06-2c10-466f-af9c-8c968b937485, 718,91,695,Moshe
42f8384d-16e8-4ff2-8230-1b3da3e624a6, 103,715,399,Moshe
51e7dd33-80a7-4d87-a8d4-a90655063e14, 876,42,816,Moshe
9f1338ae-7dc1-415d-a684-011d5fcf4818, 943,393,65,Moshe
42dd7e2f-c5f9-49ec-a48c-14835b9257ac, 756,619,614,Moshe
9e10f116-775f-4267-8a7e-f31db8de1f53, 58,373,289,Moshe
2f45f222-797e-4781-a75f-754a542139a7, 606,687,727,Moshe
c9fd6d83-cad8-42c6-b626-0dd1db382f6b, 268,858,948,Moshe
fbba57b8-530f-4991-af85-0e6006fb4cd1, 759,466,578,Moshe
3e39ea20-14a1-4593-ba90-2506f2f8d9a8, 118,81,803,Moshe
3603b4c0-9789-4de8-b55b-e58533324646, 658,71,489,Moshe
656fee15-5ca0-4a2a-88e6-b650e28cb965, 788,6,262,Moshe
227812a1-978f-43d8-9d20-228e20833307, 319,404,885,Moshe
