4eb0ec45-440f-412a-ba48-797e80bbd2ae, 411,676,274,Avi
7cd2cef5-9664-4ce7-ae5f-34021b00271a, 809,384,636,Avi
6532580d-7db3-4374-a3c7-4dc412e9dca6, 268,741,727,Avi
49b66334-991c-4e73-850e-069a4ec03aa4, 415,836,432,Avi
380be34c-1c26-43bc-b37e-5db4a263b880, 757,31,569,Avi
6289b4d0-1853-4b49-bd3a-94e3c20e9bc9, 700,10,993,Avi
b4a6a530-04df-43f2-ac7f-a9277e1a3308, 918,704,468,Avi
7f38779c-9e78-4dc1-bb28-ee8535fc9395, 379,20,786,Avi
523f224b-bd3e-4f97-ab85-ce14f0dc0177, 509,906,989,Avi
9e172714-6b0d-4da1-95c1-e3e4143d3688, 791,306,259,Avi
85d4bb49-de4f-4111-a079-d251b2dc5006, 201,966,23,Avi
567ad5cb-5525-4516-90cb-88e2af61d537, 867,623,635,Avi
1a4e772c-475d-4b59-8a3c-586422ba3e6c, 972,594,115,Avi
4d3d01bf-1037-4705-a086-a2cf316de123, 867,808,798,Avi
c07c35ec-5b9b-4481-8820-fbaff582f83f, 548,246,212,Avi
55ef4500-1417-47c1-bf8c-251cb72bb259, 114,786,187,Avi
2621ec0b-2409-4b2e-a6a3-1b8e9e48fadd, 195,657,399,Avi
7533c0bf-3ec3-4c1e-9830-be2910c1964e, 371,456,527,Avi
c0a64185-4349-440e-a8ff-bc28c6b1c3e3, 52,33,656,Avi
3ebde109-e8e7-400e-b535-c90d7169c319, 486,301,476,Avi
a1987f49-d469-4f45-b266-f07d8f9e87fa, 646,476,436,Avi
e5acab7f-6a98-4b25-8199-324850b0ad5a, 468,215,868,Avi
ff0281f5-c102-497d-8389-369a20c6e747, 410,888,406,Avi
a6df528a-abaa-42d0-bbda-6696eb1d4779, 933,727,414,Avi
c6459298-fcfd-47d5-8f5e-6ff6f1ed9726, 878,52,895,Avi
06631b54-1aa8-4180-9ce7-68a416c25abe, 668,829,773,Avi
29bb0844-cd66-422e-aaa9-9e3f1a559603, 575,395,121,Avi
a4ee142d-b612-4f54-a6a4-85b058f1a761, 803,596,647,Avi
2f4068d5-2210-405c-8263-4ce2d9b10e2d, 859,829,511,Avi
7123ae48-6933-46ff-bde7-ffd1168e8773, 495,816,591,Avi
17604ba2-f2a0-48fa-b473-fefbd6416cfa, 977,486,294,Avi
784e3964-f23e-4012-8b58-10d6d7d91bf6, 637,222,333,Avi
15fc42e1-f73f-4e4f-a44a-b867bad287eb, 363,81,32,Avi
99949712-b69d-433d-ae0b-adf5a28d1de9, 343,703,896,Avi
509c6e5f-e912-43df-a475-381aaab154a0, 779,261,928,Avi
3d85109b-0b69-4170-9170-4ec5652a28a0, 983,491,405,Avi
d447cef8-9895-4ac7-9332-6fe4c65d173d, 630,382,202,Avi
fd9f3702-35ea-4ddf-aa6a-4c3a423a4470, 882,910,904,Avi
4d3341f3-2c4c-4b7c-b5b8-a37b44e67048, 356,842,878,Avi
1622262f-92a2-426e-abd8-801375398fec, 787,607,384,Avi
f642d8e9-ac33-468f-b683-dba9d7caa6ef, 357,914,72,Avi
82429781-e6bb-42f5-be67-b8e9e99b2907, 814,954,241,Avi
9541020c-c3ee-47f0-b256-94dc34e56a5e, 121,242,829,Avi
2916b915-537d-4bc4-951c-1026d1c7a063, 563,305,749,Avi
c1b810f3-5056-445b-9682-127adda7d69e, 741,232,691,Avi
aea45a44-730d-4a74-b49a-c20640723a87, 223,24,336,Avi
c427cbd6-695c-49d2-890e-47c1ccbd0ccc, 718,875,338,Avi
7c3719d6-ab2c-4ee4-88a0-21a61506746b, 107,863,434,Avi
536ca598-42f9-4949-8fe5-6cc149d9b536, 389,95,574,Avi
5438fd9e-a375-4de0-a557-fee3755c85ad, 388,282,379,Avi
7ece3e5d-437a-4bc2-b8a7-5a64f9fe1c2c, 453,575,472,Avi
e463d8fb-c0a9-43e6-be29-16610b7e5535, 646,984,787,Avi
4a7976ae-949a-4db2-af30-05003238dad9, 824,964,305,Avi
973f02db-f7d8-4c57-95f6-b34f2d193dba, 688,863,250,Avi
7eb2383b-2b62-4b1f-9834-60ff828ad61f, 574,68,77,Avi
d6e705e0-2125-485d-babc-80abce59f525, 452,141,678,Avi
b504a229-4e0b-4aa1-a16d-7a685b53c071, 214,133,818,Avi
0080f043-fa81-421e-b610-fd64b0697275, 542,70,731,Avi
fde4b74d-b728-4a3e-88db-c2e67c8ec8e1, 47,250,52,Avi
e6bd8bdd-5192-412e-a175-c5712d878dd3, 636,425,860,Avi
3bf2672f-4826-46d1-850c-42ba1eb283d1, 665,732,959,Avi
da1d1d14-4694-475e-8dd9-d97598555ae0, 450,110,729,Avi
49749494-6df3-41c2-962c-c618f38ab20a, 277,96,247,Avi
61670e82-d695-4580-bfdb-add181278f79, 902,397,58,Avi
0f5ed4e6-db64-4946-ad6b-edb57ee78e43, 32,30,13,Avi
54d4266c-50bd-4713-95b8-c2b2d17d61b1, 88,531,795,Avi
9f1c11b3-ded6-4657-8381-36a16bbbd342, 358,936,953,Avi
4d9fdd30-833d-4e22-8cd4-c20c653eae7a, 895,174,149,Avi
66789b23-9433-4404-9e1f-61872791e1eb, 559,910,506,Avi
d0de648b-fc57-461c-9fe2-15e579625f05, 740,600,734,Avi
41f1ccc7-e0a2-49bc-9444-e84fd37d3841, 736,189,540,Avi
72961c3a-f784-4cd0-860d-03f17edfebf0, 444,23,131,Avi
a5384069-2cf3-4485-b05b-6278ff9e801a, 290,125,957,Avi
79d610a4-25d4-480e-9491-fd677f5ce3ff, 347,175,46,Avi
ce49991c-e4f1-4a55-bd7c-a57ff884f927, 432,311,734,Avi
9df87fd1-6822-424d-a78c-fcda7f994324, 761,511,40,Avi
308af10c-fd9b-4004-87ad-3a5dd7214ac9, 718,957,718,Avi
f45d118a-d72f-48a1-8035-16bff7d19d61, 255,279,488,Avi
b0fb6ef9-2d81-40ca-b454-5730ff1e111f, 905,769,558,Avi
eb60d7aa-6002-4288-913f-46cf49d3f50d, 810,890,199,Avi
63e10729-f275-4096-8b73-cbf82c966e1a, 223,536,494,Avi
6d2e4d7c-dda2-4ffe-9004-24ec87b2111d, 511,166,209,Avi
53a88680-745b-451d-96ff-b1cf7aec521d, 517,586,8,Avi
6fbd9776-3357-4ac2-a100-d182a91de8b3, 880,797,407,Avi
510bd46e-7844-4c75-93a2-883e55ad6abe, 836,12,761,Avi
818b6687-96bd-4bf7-b089-ca7a066354e0, 908,464,861,Avi
af011e05-3e1a-482d-b688-bf3c454853cb, 413,796,399,Avi
253adcc6-e8bb-4a20-82b4-f2a8eced7e64, 467,22,642,Avi
6151c4f5-9e9e-4d95-93b6-980e847894a3, 17,481,908,Avi
7ad1d43e-52af-49c3-8cf0-b839646e0c55, 52,537,253,Avi
4d3d31ea-b6ab-4aae-a07b-662193491ebb, 572,478,233,Avi
a578a73f-cd30-4028-91e0-2eb4eb113586, 759,124,638,Avi
8d0f4e36-18ee-40d4-82f3-ac319e8ad369, 550,919,146,Avi
499b4f85-2605-477e-94f9-a5bd9d7bf6fa, 526,245,923,Avi
9b7065f2-d008-48ef-8165-8dca51cab51c, 32,837,160,Avi
1319e060-8ba1-4657-af0a-fa2ce4875ba8, 311,417,268,Avi
31d45527-f32f-4e2a-b399-aad44db7e8d9, 726,996,306,Avi
ebe82653-938e-4a6e-9a9d-ff3c0b02ce1d, 696,398,94,Avi
31a27e26-309e-4ec3-b2b0-9a499b7b284f, 798,755,514,Avi
0d55324b-5793-4cd0-813a-6a3540896d03, 851,495,683,Avi
2cca896a-3607-4200-9960-38ed4396b311, 300,465,50,Avi
5b2b08df-7b56-49b8-a651-d0795551fbea, 754,309,319,Avi
4fe9bac6-44fa-48b0-88b8-8d2b1123dd08, 174,78,886,Avi
8613a927-9368-47bf-a102-92b5b9250851, 123,359,543,Avi
3cc8d1de-ce39-48e6-b119-157333d63208, 716,885,552,Avi
611aa47b-f72f-4cb3-ab0c-f80231d61504, 474,435,184,Avi
e480fdb2-8d2d-4614-a231-d4bb16d195a9, 482,704,64,Avi
f53ab847-96e8-4d50-b90c-9d0534d77617, 641,325,540,Avi
56874dfe-0ced-4f6c-9b9a-5647e6f08ea8, 946,875,81,Avi
c4629dce-b072-49c5-9639-f9145775bfe7, 139,959,367,Avi
41bf480a-b71a-4369-96f7-c9deef387251, 124,697,425,Avi
f8ad04de-df04-469b-8c89-bc2e25dd1614, 461,226,779,Avi
b0e3ded0-ea90-4afc-ba29-16cfcef68731, 874,277,529,Avi
8c95958b-faa1-40f8-9af8-037d8541355e, 840,137,340,Avi
4c973ee2-d860-464d-bfc3-f46a097e112d, 380,603,638,Avi
3930980b-726c-4364-bd85-5b6a801d0d58, 761,979,511,Avi
0eed8fd8-f134-4b59-99e5-961a2d4f3cca, 541,324,321,Avi
35ae135b-bb99-4666-b752-0cc47b8b55de, 331,370,789,Avi
3e3ac713-f04f-425f-a652-f1dfd31ebc3a, 619,658,140,Avi
d0cb26de-63c9-47e1-876e-31fc9e6098eb, 509,807,433,Avi
10ddf561-4342-4447-bd2d-0687b901956c, 239,36,117,Avi
2014abf9-4280-4f3e-8995-e4c341e6bda2, 519,997,660,Avi
c10ebdf9-4e2e-4a5d-8b99-7a8d6fda8109, 119,255,660,Avi
e18604a4-ab31-4cae-94d0-b4fe0fee642b, 771,599,159,Avi
ad6c2eed-7861-49d5-aabe-841886a9314e, 654,640,567,Avi
34800668-8dac-4df5-a001-bd0224b0d6e8, 723,261,721,Avi
29ee7683-d973-4446-87e8-06ea6c6daaf6, 900,185,895,Avi
4b8f6772-8fbc-4162-b7e6-bf79a4f5e2d0, 568,596,635,Avi
575e787a-6e4d-4ff1-ba60-adffe816dc0f, 47,792,327,Avi
2d8107c5-1e3b-40b7-8496-57727203a827, 634,840,567,Avi
becc49fc-fa9e-4184-8f0a-89e8010f1f28, 639,366,469,Avi
266009a9-688b-4c93-8e70-c8ed02e57f30, 96,602,102,Avi
8f96d554-9813-4068-ade4-53b3bf8f1de8, 223,859,604,Avi
8c01b2eb-afe6-4b64-9d54-04c957db3363, 976,643,724,Avi
20d5d388-9de7-4c78-8f6b-369d718b589e, 850,768,724,Avi
e820c116-848d-4fc4-bd2d-73fcbb5e1d11, 163,675,728,Avi
87af44e7-2459-4b80-b245-d1b34d18cdc5, 222,895,397,Avi
f710d9d4-a1be-4bc6-b3bc-8aa0f18acd50, 418,607,622,Avi
1a801149-3749-46d5-885e-6e2557baa8b7, 537,669,438,Avi
5d3550c3-c1a8-45b3-be0f-e9c37ea2eb4c, 481,473,206,Avi
b05d9ece-a14c-4e33-a3c8-8c1f3c179334, 333,483,413,Avi
28b28831-fa5b-4106-b149-6a24ea86fd97, 93,133,233,Avi
10499fc9-3ced-45e1-919b-017b6069be32, 688,558,39,Avi
7e38aa2a-e058-4a08-a038-1ff176c3f5aa, 466,500,400,Avi
7379b1fb-1f62-4e6c-941a-4c3555046865, 117,922,541,Avi
4266b029-2fab-4b96-817f-4b263041bdae, 171,716,827,Avi
a625d4ff-d78b-43ce-849c-ff8ff72e6963, 910,883,117,Avi
ceade9d6-5476-4856-8d66-6d55e3c16ad4, 598,412,944,Avi
9d8529d7-1d93-4fa1-969c-923d5ddc3db4, 170,221,757,Avi
f32fac22-fcd9-4c0a-b413-23151f0b56b2, 845,558,931,Avi
60de5f17-840b-45b5-8eff-04f9b5236e64, 663,741,387,Avi
a8cd1c67-7308-4ba1-9ca9-4387e5450c4e, 399,644,160,Avi
c123c7cc-4a2f-43b5-a6c2-fa1208a0ca0e, 312,758,636,Avi
71056aea-f36d-4507-a60f-139e44941ed1, 491,473,118,Avi
30a5bb50-79aa-4e29-9575-1c88706c81b6, 690,755,395,Avi
02b08a05-f5e4-4539-9c5c-ac7dab238a68, 996,301,683,Avi
955e10fe-82fd-4d21-bc51-c9f1398a3dd4, 82,366,952,Avi
2c61cfc4-3cf5-49c5-8394-ad63ebcf2095, 610,569,588,Avi
d0844cc1-1d2d-4f38-9b78-195e2704c8ed, 89,734,71,Avi
244c6c66-3b67-45bc-bf78-cc844d3e9e3e, 468,921,910,Avi
7422fd46-f689-477e-a844-8412e609026f, 474,841,998,Avi
f3b5d7d4-e072-4b63-a283-b1f9a383fea6, 107,802,758,Avi
cb2a6423-4d84-4649-a2df-08f68b069267, 13,717,279,Avi
1d0596ad-d7b2-490a-871b-82cfe9c54e1c, 381,857,957,Avi
374ac89e-6990-4e26-9bb6-45a2e659fc1e, 192,419,411,Avi
4fc15e8c-a3d8-42c0-9b35-c9fcd8aea8cd, 998,906,656,Avi
d0d7af30-f109-4a93-8fcf-1a08a132e993, 549,173,919,Avi
cd753c2b-ee7e-4f71-b85b-b8e0a7dbb430, 75,764,192,Avi
cac1a583-db9e-43d7-89d3-f391270a6c51, 978,54,172,Avi
627cde50-3cc2-47e9-9767-4cec917009f2, 798,310,908,Avi
dd51c93f-45db-4c24-9097-b4b6be5ff62d, 89,843,836,Avi
ce5fe410-817f-42f2-bca4-4623a4f64389, 724,17,630,Avi
39cc13a9-b06f-4839-828e-bab470726e68, 118,583,952,Avi
f5fc6520-c09c-4bda-b9c6-594824b14998, 636,983,582,Avi
cc4ed67a-ed88-4a7d-a2a2-b1eb2a856f28, 405,699,508,Avi
bfe8d7ea-fdbc-47f4-9e7f-4dbcc3f2001e, 993,418,151,Avi
cefbf410-383a-436f-ab37-982e2479f238, 178,89,826,Avi
4d741c77-5ee1-4f88-b0a4-a3a59510e836, 414,917,748,Avi
56e97a9a-e4e8-4fa7-b79b-16217d9b15d9, 990,400,78,Avi
019d2b1a-641d-4d08-afe7-3cc301304df9, 806,128,749,Avi
1a8631e3-df0f-477a-b97c-c719821a2f3f, 586,214,407,Avi
a708290f-1ed5-4dd7-8797-f76cd718fa6c, 369,293,15,Avi
6b861e85-69b9-421e-a9cc-fc44caba6f2c, 122,466,402,Avi
e10cc208-4ad8-4649-8314-09cd42d44d4d, 779,880,323,Avi
ca04157e-940c-4ac9-bdee-6bc88785f824, 703,912,188,Avi
8fd94335-56eb-48c3-a9f7-6a5862eab591, 337,668,65,Avi
d4a56b02-37d7-418e-8645-bf52782e23c9, 683,983,634,Avi
3607d67f-8ed1-4579-b510-7cee05381223, 22,620,222,Avi
75ed5693-63c5-4465-a75d-e2417bcdf352, 83,673,924,Avi
f1aec185-829c-4e0e-83d7-9a3ce32ef01f, 88,732,615,Avi
2d737127-1fa5-48ce-926a-58560fad296f, 552,310,456,Avi
7dd47212-f474-488a-87aa-bccec2ec1f1f, 203,50,769,Avi
604e323c-14cc-42f4-93ff-29b9bffdb478, 176,36,407,Avi
823a5ec6-58ab-4e5c-8530-400b262a3179, 493,872,951,Avi
2376bd28-9abd-4e8d-a8a5-df4dc87085a5, 747,397,207,Avi
c70a5c8c-ba20-445e-8dde-0a7551a702f4, 503,710,6,Avi
7048cc32-f9bf-4877-be18-3a094e50d62b, 560,654,730,Avi
ad920367-ae90-4f05-b09d-999f66be7aa4, 14,124,144,Avi
bafd9bef-a965-4cb5-bc78-eb5b0eff5f40, 116,565,592,Avi
552bc8fe-9940-4001-94ab-4afd7c1548f6, 186,287,618,Avi
aa43717b-9b57-477e-a85f-772ae43d11ef, 89,34,732,Avi
8eba4ddd-458d-44c9-892d-f8b18adb28c1, 785,228,571,Avi
0a52dc09-7ac7-4ffc-9903-1d335b98efce, 866,500,862,Avi
8a0dfb52-0a3f-48ea-b684-b4bcd0479e74, 418,161,633,Avi
2c0ba9a9-1857-4e66-8676-4d559f877742, 657,190,111,Avi
49a226a8-e6d2-43d6-8d11-dbba17ad6b72, 681,273,224,Avi
e367d574-5614-4da4-a7eb-d830d843ddf1, 15,578,962,Avi
4eeaa4d0-67e3-4d16-b003-e755f1c77347, 919,526,79,Avi
6ff5f7e8-2625-49b5-8523-a0c5b41e0abc, 884,539,187,Avi
0430c833-69f4-42f0-ba78-d8df525deb8a, 313,88,484,Avi
f5c5ce14-4408-40f9-847f-2985b47abb14, 177,988,748,Avi
91b07128-9931-44c3-870c-defea0775bb6, 787,405,839,Avi
4b614b84-6ec2-48f1-9260-2b977aa6cb5f, 219,960,169,Avi
d8e1f9fb-57f1-4042-9f39-55ca9f330b62, 635,636,210,Avi
cbcb0bf6-fa7d-412a-95ad-ac70757d8e5b, 142,143,493,Avi
8f23548d-cb1a-4a0f-b74d-fabf2bca2785, 98,355,932,Avi
6627b7ef-aa23-4e0a-b695-9df8b15aeaa3, 33,433,292,Avi
6c735c61-5d6a-4e6c-9bec-d5b84d734fac, 369,171,708,Avi
e8dc87bc-61cb-48ac-8de7-dec394fe0c0a, 654,168,506,Avi
372dca97-9eec-4b61-9df1-e0a4595cd794, 654,900,687,Avi
8e2d49e7-8715-49bc-8b60-9c57f08c68b7, 384,553,412,Avi
d9ca416f-2e7d-4927-82a7-dc8cdf6392b0, 379,241,172,Avi
ae7b3a7e-ed35-4ef9-bf11-c45797662cdb, 884,868,784,Avi
8797c0d5-9686-4aff-90f7-28c3f4262ddd, 271,463,312,Avi
954ac83a-8d6c-469b-82b7-20f3f199104e, 55,379,940,Avi
aebdf650-ae52-449b-a0ca-2390f3c0163e, 752,778,384,Avi
b49b3300-c043-4540-aa0d-a8e0c43dbd93, 585,786,184,Avi
29d59675-7802-4c95-9194-244871dc1511, 253,280,654,Avi
2b5e87a2-34ea-42a3-878f-5f83b2c121ae, 192,807,818,Avi
d0334830-a76c-4861-a924-daa2e6327bf8, 41,134,237,Avi
c4b4314c-ea64-478e-a628-51cc1e9e0295, 333,564,61,Avi
5e11d0ff-547e-4ca3-ae72-d124e5de4430, 481,251,84,Avi
0aab5ccd-f3a6-40e1-9a29-a9f5f2d1d6b0, 797,761,901,Avi
46734401-18f8-4833-8ddc-2a93a372aa76, 322,213,486,Avi
2a1f3c1f-dc4d-4a13-bcd5-96714e28409f, 148,761,968,Avi
c8bf0191-2b70-4754-a600-90df1dc72ecd, 979,314,791,Avi
cbe29975-5dba-4ed8-ad72-c8c4d5ca7c67, 766,900,389,Avi
f1e2b48b-c42b-49dd-b462-f1cc614d5e25, 123,69,114,Avi
6a914569-d624-4db7-9054-b8ce4e45544f, 503,131,273,Avi
dcf1afa8-7443-44a9-9df5-ed7459000376, 756,188,432,Avi
6c98b90a-99a7-47e7-9aeb-90b9e2463d02, 352,844,735,Avi
46a0a948-fe4c-4fb8-9265-11e631972c09, 548,937,898,Avi
94932434-5df7-403d-9bb2-89a83350a4dd, 252,573,128,Avi
b6ecb145-c400-42ea-9da5-5cec05a5a150, 857,954,18,Avi
f61322f6-8c09-42bb-ae12-3adf81179ee9, 481,264,574,Avi
c3a53cb3-b1b4-4b5c-a203-7015061e38b2, 697,105,518,Avi
e647418b-5cc2-47c3-af26-b77f0a034c63, 684,212,494,Avi
96d6bd68-02c2-4616-b1a1-662112e47614, 27,273,232,Avi
ecc9ee77-ba0e-4846-b657-47dc775e1d34, 846,210,495,Avi
73aff352-8895-456f-a615-094887f122f8, 945,976,120,Avi
5b7041fd-1b6d-46a3-8683-f6463545283c, 809,41,574,Avi
4cbf1d4e-f63b-4e5d-b218-101b4755b071, 470,968,368,Avi
72ab9458-112d-4f57-80fe-42b3c5df4deb, 749,599,822,Avi
5372c37b-fc7c-4eb9-ac97-419b11dbda52, 71,727,739,Avi
f69b7b85-4081-4124-b180-c87cab3f0501, 664,908,945,Avi
82a6ba4c-2cf0-4ef0-871d-878438721cc4, 372,641,804,Avi
88fa63e5-0e22-482c-a339-ebe7d381e4c7, 539,805,26,Avi
e83c0e2b-fdd2-4315-ad29-f9826aea9f86, 753,72,974,Avi
70429949-74e3-4ad3-aca8-467e9c90a2a8, 937,326,571,Avi
f51d7558-0475-4430-89ea-6588fab6d110, 504,700,727,Avi
ec2845a0-f0a6-4223-9a04-2a2daba63a01, 403,306,596,Avi
d35a2cae-fce0-47ef-b21b-18c51c896943, 8,49,913,Avi
8ee63cc2-0747-40b0-b41d-eec9e289a9a7, 442,12,294,Avi
7000f112-a66d-441c-8fe7-2a1a08ddf3ba, 206,946,505,Avi
d9e698b8-3cb0-4421-a710-0763c92a0c88, 695,614,483,Avi
70646ae3-622d-45fa-b001-97a4d65786f4, 753,362,364,Avi
1768e49f-7c7e-4a3d-92d9-77c86ab2326e, 285,475,568,Avi
d47508ba-1fe4-4fe0-a927-cd194dd6b41e, 689,406,172,Avi
0ce292cd-c6d7-44fe-be0c-aabc4f628198, 95,56,967,Avi
5b72a9fe-c58a-4fcb-b261-566c39ac5e01, 599,531,643,Avi
909ea64c-7bed-4219-9c8f-5357d4326383, 795,246,897,Avi
a0c50f77-f7f9-4790-8ad5-bc56a7bbc051, 95,667,422,Avi
93a4bf90-2e29-4b72-9305-b2ddabe8c817, 144,657,860,Avi
7effd0db-ec26-4eb3-bd57-8b298f8ace03, 32,928,629,Avi
7f84a827-ab7a-466f-a370-40940674487d, 511,334,857,Avi
b3ef180c-cc40-4318-b658-07a8da9f667a, 520,59,457,Avi
c524f078-0754-46a2-bc8c-25edd721cdb8, 491,184,963,Avi
f7a363a6-3ae1-4378-bf04-119dc505fb18, 208,219,226,Avi
f61894ae-dcb4-4a8c-ac9f-7bbdd73f0313, 160,712,898,Avi
f02b3435-4e8a-4055-bfb2-94d9aea83776, 424,912,991,Avi
101932d2-b363-4687-ab35-9001acfb18af, 945,842,479,Avi
3be3512a-5054-4ae5-9d50-0642ca7f8488, 650,410,701,Avi
dc9a8c5a-a3c9-44fb-b352-0963bbb280a6, 606,600,946,Avi
c5c0a107-8e6e-4c0f-9bad-b8e1649aefa5, 62,609,704,Avi
d4ec42e7-dde6-4b45-933b-702bb0c08c47, 503,254,545,Avi
1191bb36-5fa7-406c-a021-56966221accb, 937,179,73,Avi
2a8d997f-f816-477c-afbb-8494303aa49e, 313,573,995,Avi
64c635c0-0935-4dd9-b97f-73da0d6588b0, 510,108,348,Avi
931276a8-a8ee-463f-afbe-add2f883bcd9, 678,588,27,Avi
dd55ea6f-451e-4164-b43f-04836228fc5e, 672,934,953,Avi
cb2b781a-4301-4a9a-8085-f0e3fbe38d05, 523,718,743,Avi
0d54fd18-788a-43c2-8400-59fcf06a4600, 867,86,86,Avi
b15c4f57-4e42-4ded-800f-4061eccd7a61, 150,859,923,Avi
deb9c174-b056-49fb-ac64-f2970064f027, 156,912,458,Avi
90d569d0-8aec-4a3a-b7de-b5a5c17b47ed, 510,430,574,Avi
b25a79bb-be90-45d8-86b3-6d4ff4375d20, 259,703,964,Avi
4daf5b04-29a2-4f27-b318-49a96dbee38b, 679,222,534,Avi
a972f711-2ee4-41e3-bedb-a192768876e1, 826,112,339,Avi
b41a6fff-123f-4000-a67d-435fff418d7e, 994,435,735,Avi
cd14b2ef-1e2d-4ed6-8f73-a598852396d6, 132,970,820,Avi
20ec37ab-68e4-4bdf-ab99-6d370a8a6ec9, 675,932,665,Avi
71b2a913-046c-40e4-9ae0-b3c3c9958f09, 991,537,889,Avi
ed795428-0f1c-4704-bb47-d563b0c9415c, 959,634,168,Avi
b36df981-13a1-412f-88e3-6fb8c9d9041d, 459,787,319,Avi
b7703127-ad85-4ceb-aba6-48e3ebff693c, 149,158,659,Avi
a872e308-f768-4b66-af0a-d06827fb4b1a, 538,1,677,Avi
5dd0b73e-3d84-4fe8-93cb-00b3c25caad9, 772,420,883,Avi
8f064301-5a6d-4295-b52c-c1099643b657, 61,992,712,Avi
8224be5b-51f8-43f8-8ead-8962a46752c9, 419,695,607,Avi
f0f2e7ef-cb91-4ec0-86bd-b2ccb53a581e, 404,872,649,Avi
4022da22-130a-47cc-91a5-df1ed4de23c9, 350,19,887,Avi
c0b36786-0e06-4bc4-aea4-4087498ff288, 103,480,979,Avi
8386d744-b2ee-4adf-a709-979071483af9, 792,517,891,Avi
bc6d109e-d286-4b60-8d3d-5bf747812e2c, 683,299,70,Avi
c55c8142-d09c-4874-839c-9d6603d2d157, 796,220,433,Avi
318b2714-2062-4ec2-8d2e-0eac8f14c43d, 216,678,952,Avi
860985e9-bb40-4185-b623-25bb23e53957, 679,457,434,Avi
8ff02b1d-8802-4e0b-bc31-ea2dc1c99713, 59,358,551,Avi
b3b3636b-24e9-474a-bc51-8ee07e2cda7b, 935,614,939,Avi
eaca6a3c-3d6d-4166-8f52-f6679ad92fc3, 951,572,841,Avi
004b3d43-3677-45cd-b8c0-e27e776fb7de, 282,555,761,Avi
79c5c663-c27c-4108-820b-d204a471af8d, 518,109,769,Avi
2a431ae4-c918-4b82-a3d5-aa6e361dc8a3, 430,46,677,Avi
a8476481-74d3-49e8-ae74-5f8e3b559bd4, 679,744,482,Avi
b7b59dc7-bc55-4b80-9365-d0325a307b87, 784,89,121,Avi
87b1262e-0879-4906-b098-0301632ae4ef, 814,263,772,Avi
e68ad54e-3fce-47a6-a09b-f4543eca2f2d, 280,204,18,Avi
0d1cdbc1-de75-4e69-9665-52b3bcfb2e10, 653,724,415,Avi
e78b487e-2756-48ca-9355-f91c729cc9e2, 215,292,659,Avi
0037f7ed-8f25-46ae-b351-9f5dcc259907, 337,166,864,Avi
b5746f53-2817-4e44-8d04-45ec2b4ed6b2, 40,840,943,Avi
96a8cc45-4e91-4480-a683-0a75307bbc9c, 51,402,742,Avi
c18c49a5-f6e8-4c9a-99f9-dedf0dd5b71c, 307,279,111,Avi
fddb7e40-0b6e-4ea6-8e65-f59f4e5d8fab, 663,784,632,Avi
c1482a23-7178-4d39-801b-eb934dabbc3b, 276,998,711,Avi
94dc408d-54be-4f09-8f4f-dc12b0d849ff, 951,273,270,Avi
eb1c768c-5a83-4a32-926a-4f445e205412, 430,122,352,Avi
da732bee-07ca-408c-8259-eebac64d3f01, 168,671,369,Avi
60e341e0-a920-4f0d-91ae-e6c46cf4a8f1, 823,627,829,Avi
a68a520a-bde7-4a52-b146-bfcc44682781, 346,303,816,Avi
f7319088-3748-47cc-aa11-122145a8c256, 110,94,878,Avi
491315cf-7966-4004-97dc-c9bf020994d2, 811,639,903,Avi
c1e28faf-3f6c-4cef-b12c-b7ea3dfbbbf0, 537,734,686,Avi
33c3ce41-4d44-4386-bfb2-adfa3fe457e4, 377,508,982,Avi
24630cb7-0371-4640-98c7-a24ede7a752b, 661,616,418,Avi
2ff3c6c4-cfa7-40e7-9ea9-f5a5dfedd118, 385,378,724,Avi
1a31bce1-4dfb-4e9d-bce0-2f18f03b3d89, 703,263,20,Avi
2259f7b2-d6ea-4ef8-8749-f0daf040aea7, 390,905,45,Avi
8e96738e-27b8-4547-967c-327a50c21ab1, 513,871,169,Avi
bfe01b90-c344-4687-880b-c19b2b983071, 575,226,773,Avi
6d331792-c0e3-4eef-8645-529b73262f49, 911,959,975,Avi
bf2f37b3-750d-43c7-9d3c-42466eb6db13, 294,553,691,Avi
47dd7694-c03d-4c8a-9711-0427965d488f, 752,464,360,Avi
6b4407e2-02c6-4ffb-8401-27cc385616a5, 807,414,538,Avi
9283f888-2a06-440b-b1a4-3f6fbda11eda, 583,53,612,Avi
82d573b2-afb3-44ae-b813-2406aa9bd110, 368,505,55,Avi
fc6db315-f5f9-4455-8250-ccc3c6db4d38, 949,439,250,Avi
b3ab8776-fb1e-4054-9559-96cd0563ea06, 105,642,40,Avi
70817a27-df38-4ec0-83ab-59e291d6474a, 796,719,188,Avi
70e9ae55-6d79-4e69-ae1d-84890df13869, 834,299,767,Avi
f9c2bc62-c0ad-4b5d-8325-7087120bd111, 734,961,508,Avi
f3b3bbcb-1520-4bb1-a766-d20124a836b7, 912,465,547,Avi
65fe4dcb-6ab6-4b1e-b6d0-a9046e4b994f, 7,367,64,Avi
56641fc8-c1ef-40aa-a256-296c719857ee, 726,631,912,Avi
b9cee07f-adc9-42d1-8d27-68353c5e3497, 365,895,847,Avi
f3eb768a-67e2-4e6a-a02d-0aba8352e9c7, 481,805,852,Avi
8f86e9fe-c958-45ed-bfed-edea5c5a572a, 432,145,366,Avi
ec460611-ab74-42ab-9f47-c7ccaa6fd505, 114,625,786,Avi
56cd9657-5727-49d5-91c9-ec31e7e3d8bc, 523,806,317,Avi
37c32af0-9694-43bd-a851-b7844f36a745, 935,496,832,Avi
01d7ed2a-b4f6-42c2-b88f-265d6389a6ff, 504,917,166,Avi
70406a39-d3f6-4bf4-aca4-2b051401e8a0, 591,73,452,Avi
d45a13f3-f4fc-4403-9008-1fd815b4c25a, 30,670,587,Avi
166f994e-8696-4722-9296-b87a0c03b981, 65,361,138,Avi
2d343d71-2cb6-4e6d-be3c-dadce7eb345a, 990,223,806,Avi
a4606e25-a277-42ff-a81a-f42af85d35c4, 336,739,746,Avi
fbce6b8b-729d-4bf3-ab0c-f94e8227a377, 192,316,912,Avi
a8853967-ac70-4ace-afdf-c84e0922e2db, 334,402,154,Avi
8eeb1e9b-a392-4895-b011-aa2d634d5926, 401,620,337,Avi
a307cff1-4c11-4d23-8fbb-90d4a898d8f2, 721,389,657,Avi
46ee830a-860d-47c9-a8b3-2d56e715f3b4, 231,71,869,Avi
496dc947-d323-42d9-b8dd-43dd28ee24e9, 230,223,713,Avi
828a0034-d536-4c04-8a6a-078a314f8d52, 747,773,822,Avi
0abc07d9-1561-4262-9516-34e1082a3acd, 396,451,136,Avi
8e72acd7-d4b7-4a04-8c06-2e0243bc2759, 265,367,782,Avi
ddb82eec-c48b-4b36-b9ab-4958d60a176a, 229,123,402,Avi
804167a8-5f42-4480-8843-7e4e2b2986f6, 978,188,68,Avi
025ed536-dbb4-4ab3-8bc6-7537450eec5e, 570,744,181,Avi
de8a45a7-2384-4bb2-a7b2-67906505b1d5, 918,170,515,Avi
d59c91e3-c0f8-4068-8bd6-aa696d25dead, 12,191,451,Avi
85b8b47c-c533-43d3-ae4c-19ed8360e6fa, 116,307,281,Avi
67362830-768c-4b97-835f-f00e7140ce25, 929,833,291,Avi
0d6b58bc-ab2f-4d1f-8c13-7ab63312b842, 267,760,1,Avi
551cb563-35a8-47bc-b70f-5f33fdb67e76, 94,587,965,Avi
ac0b0535-07ef-48aa-b57e-4fdfd95c3876, 922,795,863,Avi
78617c7e-4815-4288-9f2b-9ea8f310fbfe, 776,69,36,Avi
a666368b-3164-4656-8fc8-601883ffb818, 370,173,498,Avi
3a86422b-2c82-4283-95a7-7539381c872d, 933,742,201,Avi
234db5f1-28e6-4300-aca7-981ba1748d12, 589,660,325,Avi
3ba6725f-c757-433e-b028-1bea61e1e149, 689,311,53,Avi
eb5d598e-1540-47f6-8594-c9a397e93127, 198,736,582,Avi
fec67f0f-6a03-4fed-aced-8927a8aa0bd7, 372,280,145,Avi
4c4e618a-8eaa-4ccf-89fd-a8df901c3a6e, 854,334,533,Avi
1cf391df-1014-436f-b929-485dd86fc8d5, 492,960,361,Avi
f45d717d-3c7c-4f52-b64a-630163f76e54, 401,885,599,Avi
f62f628e-f446-45c2-b473-e89c881872fd, 102,646,948,Avi
b5457419-58f6-471e-9dd2-7e0a422ed5bc, 316,142,101,Avi
40b81513-f500-44df-b40d-c63df9f23aa7, 480,640,18,Avi
990020e0-a0c8-4d7f-9119-99ae57cf3fc7, 951,181,564,Avi
685a1204-13c2-4dc6-9f8f-c6122e470cc3, 80,341,174,Avi
39d9f1c7-0a6b-4b0b-b216-14a7c57470ee, 965,576,450,Avi
a19b3e92-048e-439c-8139-c9043f9f5a0d, 946,894,849,Avi
b52db68e-0100-4248-b344-fd5a9dd16ecb, 383,551,515,Avi
4461f819-47f2-4e4a-84ed-673c07c7b2eb, 719,921,733,Avi
b3b349fa-04ce-47cb-9699-b2b7f630cf3a, 502,877,211,Avi
38121846-a3c3-45c0-af81-99a1650ba4d9, 138,533,856,Avi
ea602201-2d74-4e61-bd05-a9049a89a360, 601,487,14,Avi
db84aa63-c88b-4928-b6bc-03fc17426cdb, 375,374,169,Avi
0f2fbddb-2aa9-4cd2-8760-a388176dd4e6, 951,717,97,Avi
6a8085e0-e656-46a1-b8a6-d87be3610a54, 565,419,100,Avi
29741c29-9eca-4cdb-b450-b3c181ec9a73, 579,774,992,Avi
7c6931fc-f6ee-49c7-8891-2e53890b1076, 359,525,384,Avi
66088903-8f6e-45fe-ab70-54c259152612, 909,454,989,Avi
4a7f5352-5855-484f-8b65-c66cd5a9bbb3, 748,718,96,Avi
23682df6-0c47-4bd1-8ff6-53433f919fed, 434,595,220,Avi
1ad5f080-c409-40dd-b308-a48ba6f544f5, 366,977,761,Avi
7d0b87a2-c975-4731-af50-e52bc1174af0, 806,814,647,Avi
44462b4d-5f29-4816-976e-e4ac7bade345, 707,478,852,Avi
d0a91180-d4b9-4ced-879f-809646fa9dd0, 160,590,203,Avi
5e25dd82-9c03-4bd1-8cbc-19da501ab489, 282,994,178,Avi
81adbf04-c665-4cd0-8423-920ea6547164, 753,817,132,Avi
fcc52efb-ffa3-439e-bccf-72c2281a592a, 416,141,148,Avi
9d72c721-7f90-4da5-870e-d1214668fe7e, 740,143,352,Avi
f1ac0856-d38d-4498-a335-2c4425a82139, 825,227,80,Avi
aeefae98-67be-4430-81f4-9051f3f09655, 865,851,768,Avi
44a3eaca-8bff-4a9b-b376-a977de5809bf, 917,940,778,Avi
ad9a32c9-a3d2-4a45-9bcd-4be4ae71dba5, 947,585,739,Avi
a84746b3-231c-4e04-9206-faf351c28a88, 334,757,604,Avi
323aa3a8-19d7-4e52-be3b-727d798d9a46, 451,871,296,Avi
379ea8a7-b52c-41e1-b6fd-8122a9f33c17, 140,200,934,Avi
431c0072-fb36-4377-b195-b414e2822911, 182,627,458,Avi
e0a3f4a1-cc0a-4d4f-86ad-ebf4f74ab6ac, 812,994,899,Avi
17c2101a-3cf4-4f5e-a050-07c8cb1a61ba, 962,19,455,Avi
f5159849-9963-4f31-abf3-1da6d5a434bf, 73,625,834,Avi
c6693802-35ce-45b4-81cd-cdca0b12d2c3, 409,979,587,Avi
23c76370-3371-422e-a6c4-8c517ccbc4af, 568,840,625,Avi
da5f0c84-a27e-4af3-8eb1-c77d56515ca8, 85,241,648,Avi
ae9c1228-db08-4059-aa7c-c31c34cb392f, 424,333,410,Avi
17c8f762-6166-457c-9d07-434c66cd4dd1, 437,420,60,Avi
4660154b-f66c-47d2-97f6-a19bed796652, 526,963,268,Avi
d9bb3b02-6018-4ec0-838a-2bb9a1fce2ca, 850,600,941,Avi
6c8699f3-3b45-4ae5-9198-f6962428469c, 417,644,599,Avi
1dd04312-0d9b-487b-ab88-8992b7c0761c, 620,54,856,Avi
94e73fd9-93cf-478a-b7c0-ccb63a997a4d, 867,953,922,Avi
f3aad012-0693-4532-9a8b-5441a2e52f8f, 323,875,958,Avi
db64cf64-007d-419d-824e-bbad04479f9a, 903,923,777,Avi
6bdf6b31-c361-4840-aa92-9fdf6b692f76, 18,882,31,Avi
46024419-1a96-452e-8fe7-34c9bc75b331, 669,56,958,Avi
c41ef7e9-1e3d-46bb-86da-c3c8dbbdf7c6, 287,757,295,Avi
8498c848-672c-4182-96bf-6dc313684660, 49,375,575,Avi
614d6ef8-927f-4fac-b76f-6a90c708c554, 840,436,54,Avi
d7038527-c3ee-4e41-b10f-be8a2398dc7a, 187,221,26,Avi
80cde1d7-2f29-49ba-af6b-d28215ad7019, 892,991,335,Avi
c4ae1266-ef12-4bb4-a4b8-c9c875c3ac6c, 987,946,787,Avi
66f3b14a-1073-4882-a381-7c3e8e2fcd20, 768,216,286,Avi
c77d4212-ac9b-46b0-b664-e33e5cb0a4f1, 724,101,457,Avi
2096623f-54bc-4125-9a64-06507454be78, 450,533,495,Avi
6d2fc926-0206-47ab-81f3-b1b4efcd4e1e, 282,509,81,Avi
df49857d-8566-404b-beed-f491ecc06299, 237,181,544,Avi
7b926e16-596c-4b32-81f7-408602af3cf7, 982,131,886,Avi
2bb4fb53-cbbd-431e-a0bf-0611d0659eb1, 304,572,677,Avi
520e779f-90d3-44e8-aa83-1cc774030754, 282,28,518,Avi
5a53185f-cbfa-4de6-8dd6-3167fcd8e1a4, 868,137,655,Avi
8ddcee77-267d-4872-bed3-5252ce45bf96, 933,12,931,Avi
70bf95f4-2f21-46df-be1e-1c3fc87a925e, 442,30,934,Avi
926923af-f824-4781-af6c-5da7c787cf26, 243,900,839,Avi
1bbcd1ae-160a-4a9b-aa81-1b7f1c88d12f, 672,561,656,Avi
8117818d-1269-4279-abf8-9696429028aa, 837,597,841,Avi
5d8ea906-2e26-46e3-82ef-ad4f2eb0b4af, 80,559,926,Avi
e1506057-a82f-44b4-a360-826a23ec6ce1, 972,948,41,Avi
189d641b-a2e1-4f20-b889-656749ed6209, 480,908,861,Avi
73d1ea75-c8a9-493e-8152-fb35ee477b86, 448,683,375,Avi
e1717aca-168e-409f-817c-05485a256ed1, 110,487,189,Avi
08505fa1-1307-4bda-838a-1d46e2248e98, 767,855,962,Avi
2f8e16f9-bead-4c60-8c9d-739d3f21f4a5, 801,516,521,Avi
22db0197-6acd-4cf8-8831-ce2ba401ab97, 563,838,480,Avi
8362a2de-9c4f-42d3-9661-c0b1d8949ccd, 145,992,280,Avi
c2e176d7-6f31-406d-81c1-4a84cd7acdf9, 703,310,568,Avi
d945c694-7855-4f24-b96f-d98e2631e39f, 230,466,974,Avi
bf94924e-9fba-4e48-a9be-3b3b58500abd, 835,202,467,Avi
ddb68e43-7571-4bef-aebd-04b09598e1a9, 590,895,187,Avi
f60154c4-c970-4490-92db-aa9e897fc06f, 614,454,102,Avi
51175246-db89-4970-b464-434bb386aec5, 70,993,345,Avi
e0719574-58f3-4d40-b403-2e69f955c54f, 560,134,414,Avi
c1a187dd-bf88-4d2a-a2d9-ec6963b0e30e, 651,904,705,Avi
90793a63-cecf-4342-9f2a-2335792addd5, 693,37,82,Avi
2c08247f-c9ba-427a-ae0c-21a5df21620c, 320,516,720,Avi
765e31d3-faef-479a-8d85-9db3db059e1d, 446,828,954,Avi
cb44a48b-8bf1-4b29-9886-343c8736315b, 760,775,599,Avi
801129fb-2950-4d8e-bd03-143b9dc5f228, 293,218,217,Avi
a000fac4-834d-48bb-987c-d695e3832941, 400,273,285,Avi
03527b86-4042-4d97-9e0b-41cf87d655df, 720,177,958,Avi
52e43eee-951f-4cb9-a6c5-bb091031a49a, 775,187,62,Avi
00284230-d33f-4042-8f9e-ee83f7a7a533, 420,493,843,Avi
170f77e8-3edd-4974-9912-bab4d1efbb2e, 135,583,859,Avi
334bb546-4800-4590-aaa4-a107ce80eb2a, 864,53,405,Avi
6f97389e-ace8-4913-b451-f6afae41f483, 862,536,430,Avi
5f688279-9e18-4678-aaaa-051893a09553, 892,516,684,Avi
b4676705-86b9-4cc7-987c-371166e3c8e2, 746,144,68,Avi
ef1324fe-72fa-4a3f-a057-366829161c23, 231,853,677,Avi
d4740fb3-d474-4262-b97c-43e3f847d3d2, 502,775,775,Avi
8579a675-84f3-453b-afbf-2ce2cd20b473, 129,161,860,Avi
ceb887ad-2d36-4918-89f4-cd607748bcf9, 129,930,727,Avi
2b5ec15d-01c4-468e-860d-4ee35dc5190d, 745,916,848,Avi
ab3d0356-1992-4c04-98ae-063e2926ab40, 20,899,23,Avi
c342b24f-554a-4922-afec-b91180d1f288, 875,312,245,Avi
014f7a1e-9429-4b7d-b978-278042be736d, 96,894,723,Avi
248a679a-2475-450f-8c33-eaea8ee7747c, 194,429,681,Avi
7a7b0309-b646-439b-bfe4-8256aaf3522a, 785,506,756,Avi
c654349c-bd16-4587-86ae-0bf71938f0eb, 599,972,33,Avi
c4034a33-804f-4e8c-92e4-685802629f4e, 891,544,332,Avi
d6e5aaec-a518-4b4f-87e1-ff5fb7bba3a1, 384,916,716,Avi
5be5ead9-39d5-40f3-9e51-c3618b0c513c, 69,7,423,Avi
e6fd357f-9f44-4361-8b5b-b37e52092d57, 998,735,122,Avi
8386a81a-914c-4670-ba53-cc9d583b91f2, 677,118,619,Avi
b7a3d949-a82a-4873-9bd5-49fcc87d7fbe, 580,873,615,Avi
efe87549-dfec-4575-b93a-3268e466bd0d, 662,870,831,Avi
6df484e6-5f93-44f6-abd7-e509a3c91a2e, 821,136,958,Avi
264f4d35-bff2-485a-85d6-d80087096a1f, 953,309,347,Avi
d79e21e7-83a0-4b34-b103-0d4fe7d13b97, 95,342,654,Avi
58f0365c-e2d2-4cb8-a4f7-dcce806c8627, 104,529,956,Avi
058b3f18-1ad0-4219-97fd-ccbcc0aaeb12, 694,852,372,Avi
7d4e4db6-0c09-4788-bce1-081576ed5982, 517,635,981,Avi
11dc7281-43bb-4b4c-b70e-d961277e46a5, 305,807,305,Avi
42b8a97c-ded6-4506-b9b0-a6d33dafde97, 821,97,159,Avi
af3110e6-97c1-4670-b87a-9107600b8661, 601,516,312,Avi
9b89aebd-b468-4e92-9abe-183a65f2d30e, 63,206,632,Avi
ae8d687d-78c2-4825-ba8c-6e5945b22c88, 141,936,103,Avi
786e2bc8-0b88-4d79-8d3f-ff55a9f93d84, 200,70,409,Avi
5826b13b-d6e6-4284-bcac-5d22bdda609c, 373,429,608,Avi
10db73b8-b100-47dd-bf81-1b0dcf3da460, 370,973,664,Avi
01657b07-d69a-4f93-a22a-30bb52052900, 767,894,207,Avi
12279367-b2d3-47dc-a887-0745ef8f4887, 164,981,265,Avi
2d1984e8-fa02-485d-8294-31d560da2391, 247,64,239,Avi
e8ee7bea-eb29-4cbd-8e67-1168e1159985, 632,357,64,Avi
ea0407c8-27b8-41a0-82f0-af24b000805d, 527,1,39,Avi
62dc17fe-c8f0-4735-a60f-91983a76c504, 799,352,791,Avi
0507cdbe-cf94-4bbc-b0cf-ee69b2b5c7b4, 35,32,137,Avi
365e7430-2cb9-468e-9430-f5dfb85da08e, 23,962,591,Avi
d8a6cddc-25ec-4bde-acfa-f898a5ca2662, 854,494,782,Avi
1281a57b-d430-4188-818e-47ee73a6a693, 961,144,206,Avi
6aeaacb7-3ef9-4c46-b6cb-c95fa5497ea3, 374,934,833,Avi
f12f68af-3137-4f20-bbd5-8aefb596fbe0, 640,54,202,Avi
2861e11a-379a-4331-98b6-6b7593aefc3d, 950,438,534,Avi
d18d9bd3-f8a4-4069-b225-1a1840172def, 47,814,142,Avi
afea142c-b1b3-4da9-aa9f-bb4c5b11d30e, 393,507,580,Avi
a5840a23-6454-4809-85bc-7c233916b7b9, 40,672,70,Avi
0fdf3f79-4fe0-4ca4-9a47-a0afb8238b67, 370,573,77,Avi
c59b2732-0579-4578-b480-f0865830b9fd, 815,336,941,Avi
1d7f31fd-8f57-49bf-9690-2902ceece802, 528,745,931,Avi
97e175ff-a76f-4280-af12-4f0f7dfba9ff, 615,308,487,Avi
532b588d-33b7-4081-b18b-f325fab8b59d, 481,285,918,Avi
38ec69e2-47fd-4d0e-a1ad-f8d02c7f302b, 33,259,421,Avi
8478b40f-a8d7-45a8-b94d-6fcbb4175f74, 230,886,945,Avi
21770de0-6d67-409f-a03b-f9cd93b957da, 836,847,913,Avi
584bcf42-0b1f-4204-8ebc-f0a27cffe953, 258,986,216,Avi
2b1bba60-8bb6-4c93-9b63-a9daf6ea5ab4, 993,628,455,Avi
8c8390a7-0334-4e73-b606-423b6306893f, 12,815,821,Avi
f15015c1-1157-47a9-a47f-3b0696d5b605, 713,591,570,Avi
a1c97b1a-a6f7-4768-b109-af3dc8b24ac6, 130,557,599,Avi
27d9b8af-98c0-4cb2-a184-ab86bf33131b, 890,112,308,Avi
c4018d20-e196-4176-b09b-a24729291d27, 269,336,130,Avi
23ad46e1-fca6-46fc-9e48-b19d9dcf206b, 47,565,530,Avi
109d66ae-c5ac-42d9-820f-6b033f467eb3, 222,361,248,Avi
35169e60-5297-42e5-bb2f-07667458c0f7, 159,808,785,Avi
ea04c143-03f2-4236-8ec9-5fe5cc912d6a, 123,533,724,Avi
26f0281b-3699-439c-ade3-98f54bf9051a, 163,558,348,Avi
0c2c4b1e-7e5e-454e-9d25-1159ce21722e, 725,533,118,Avi
e1ddd065-dbf7-4ba0-b8bb-fcb1e0a4ab45, 476,603,492,Avi
4d1f4905-3d0f-487b-8734-7133e3d3d17b, 665,767,692,Avi
fec39a9f-47c6-43af-8fa7-0820975d397d, 349,902,701,Avi
cd8efb69-3a3e-4df2-ae83-f2736c474035, 821,338,774,Avi
cd8c1513-39d0-431d-a5a5-1d710afb7014, 638,567,511,Avi
39b06753-a26f-4166-81fd-f0feb318b337, 784,212,422,Avi
078791c2-fb88-4e69-b6f2-d87e28bd6820, 685,771,267,Avi
2142ec16-347d-4bd0-8261-8f0ac269c45b, 207,851,7,Avi
60a56110-6a27-4b3a-9eff-fb368b7b45f6, 36,590,59,Avi
5eb4ee1d-e64c-4de3-8de0-1fb68e22b354, 845,966,998,Avi
c66ccfc3-29fc-478f-8213-0372bd35bd11, 252,165,578,Avi
822ddb89-c0b7-4530-af07-c6e446d442c5, 190,791,731,Avi
00be5640-d636-4fb2-83dc-215240dc3bf8, 637,381,796,Avi
c4cc9628-c766-4266-b13c-f72d3c28994e, 837,872,458,Avi
1df53e9d-e2f5-4314-891d-7c5be2d7af51, 546,336,471,Avi
1be2005a-1f36-44b8-8be2-f13b28d42c74, 12,483,964,Avi
ccbf5d35-80ee-4fef-9064-33fcaf9a15bb, 213,377,347,Avi
e76a7c1d-34b3-43e5-912d-60d3e2400056, 924,41,760,Avi
948d9a45-9fd9-47f9-a2dd-8576261c0f62, 849,270,751,Avi
997a31fd-8a24-4edc-a544-5e84320c01ce, 485,629,178,Avi
c4238cb6-7c1b-4279-95b1-3f87c9d01e6d, 633,503,935,Avi
1d8591ab-6790-46ed-9990-ba5392ade68e, 702,570,173,Avi
b7b912ea-9a01-4bee-a8b5-3d75d3b45c3b, 197,449,774,Avi
c5575b2a-f7d7-46cd-86de-5299594108e4, 778,147,830,Avi
084ae2ee-ae3f-4629-87e8-9a349fba953b, 624,846,898,Avi
a4273f43-5592-4375-8163-d9b9fb1863c3, 807,659,515,Avi
d44c0b05-166d-45f6-9f01-22cb21f8a2ac, 535,25,107,Avi
15cec733-82da-4eb9-ba07-ee4318fcea20, 94,632,589,Avi
90c57cbf-5615-4ec7-820b-d6877aae0592, 651,326,124,Avi
a66b8578-2fb5-4933-8a39-dd644384a1bd, 816,340,522,Avi
29cdb76d-10ff-4afd-87f1-2928f70ec5dd, 979,152,750,Avi
86976b4e-f0be-49bc-9c90-453cc918b852, 619,205,369,Avi
7a58b776-5664-420c-8491-b852bbf3ed9d, 522,843,764,Avi
9f97709f-4686-42a0-b396-ff08ed93ad76, 298,814,35,Avi
24557d00-ec70-4073-a0da-028d895c70c0, 190,433,231,Avi
b493d6bf-75a4-46c1-b1e7-df904eaa8399, 516,300,194,Avi
f68c660e-41ea-45df-83cc-2065ddbe188e, 861,42,609,Avi
5fb8736f-f468-4371-af33-80a31a6eb0fa, 236,949,605,Avi
dfcace52-3140-42d0-bf45-8f5d15878bce, 72,540,869,Avi
cca5e55a-0d8d-4101-a151-754198c4bf80, 347,51,245,Avi
77b7e331-239d-48db-8614-6af87b9636fa, 50,379,109,Avi
537eb323-465a-4b3d-9882-6e30312f6f7b, 253,798,994,Avi
aaeee10d-f130-4df1-8cfe-906c868c078c, 80,6,642,Avi
05fb340f-3f53-457f-ac47-199539a106dd, 529,286,815,Avi
9b565c2c-ddcb-4673-bc87-009d7fd2d7b7, 750,237,210,Avi
f3f39c9e-cb90-4a22-ab16-15edaf75f52b, 72,902,200,Avi
2868a087-9798-428b-9057-9844aff50ef7, 358,136,26,Avi
b289813e-1761-4d60-8973-32394ea8a8a0, 929,953,298,Avi
ceff67c7-c8b0-4f28-993d-21729f8e9568, 912,744,202,Avi
f0cc3899-ab71-4822-9a5f-5872b0cc8d5f, 145,548,663,Avi
9400add4-3b37-49c3-b532-9394e4c14166, 499,176,792,Avi
1e4284d4-cab3-4fbb-b857-b9993d141594, 520,249,435,Avi
1432e2f5-eb32-4b92-a78c-ad375a691e3e, 924,936,634,Avi
46239598-0803-4466-958d-f1491295257b, 235,436,295,Avi
9d2a65ab-38f4-4b28-8b65-e07ba25ca91b, 550,332,755,Avi
f4e8f2c6-3852-4c31-86a0-e05bf928ca1d, 792,485,712,Avi
2ad97ab0-f7c8-49e2-bb91-a70506325424, 396,998,636,Avi
7f1973d3-5066-4c9e-b882-3498eae00844, 670,987,914,Avi
fa409725-b6e6-481e-817a-a0cc42ba4713, 219,119,424,Avi
b24c95e0-21f5-4e93-a93f-f1f8d90073b9, 810,340,55,Avi
7dc2f6fa-10c0-42e7-b6f7-752e9405f98a, 793,934,456,Avi
da67a479-a287-4203-9343-d3f5c476fa0c, 977,31,110,Avi
3a780502-58db-4386-8e7e-00d2b33d3181, 24,230,986,Avi
c181d1c8-f007-4626-9ac8-3ca43787d69c, 774,146,965,Avi
2ca40954-41a1-4d36-b3fc-50bf61a4ed56, 564,123,698,Avi
929f6e30-cfd5-490c-9c02-c6716715da3c, 729,379,622,Avi
7636d657-48b7-493d-b783-281767f1d476, 541,120,259,Avi
363b816d-8095-4e6f-ba2d-031ccb8b556a, 488,748,548,Avi
edec9ce6-6ef3-4ee7-8d71-a32254525d5c, 28,827,188,Avi
3424769b-be0b-4b44-af60-828ffa24ad8c, 877,301,131,Avi
2254c47e-f6c4-4bbd-bed9-63da2cd9f745, 11,115,596,Avi
b301d4da-791d-485f-adcd-e1d471f0af23, 580,441,501,Avi
9f289549-622f-4a57-b873-ecb5594364b8, 837,572,302,Avi
e5924ee9-8d89-4647-95a6-9450f1e65604, 645,769,255,Avi
714cf27f-0005-4006-8d70-02b007b96f0e, 725,621,853,Avi
35e3b6c4-eeaa-4392-a29d-86d8a118fea5, 669,106,864,Avi
4976476a-f941-486a-9596-c9e891785e42, 216,488,738,Avi
0dd5a065-989c-4879-8198-11c6943238f0, 801,270,221,Avi
d9113eb9-177f-4d66-aa10-36b85d3593d9, 794,305,186,Avi
eafaa29b-e747-42b1-9c94-4b572c6a0730, 906,949,202,Avi
673ff431-57f2-4a4c-96c9-fb1244e1a315, 921,145,928,Avi
027379ce-0476-4013-9591-233d8582c649, 856,763,32,Avi
3a0da9ff-de60-4ef1-9311-ea971ad20e49, 369,983,681,Avi
e9781664-9d59-487b-8c73-5c2169127459, 198,891,806,Avi
e56da360-2eee-4e5b-9f9a-f7f13efbc6e0, 321,895,349,Avi
41478d80-e349-4a8b-bd07-556748392550, 5,762,128,Avi
df2068e4-4a3d-4667-9681-bc9e9ea339a8, 694,358,721,Avi
8cd4f5f8-b482-4b53-882f-0bd8828c874c, 323,661,811,Avi
26ebbb02-0b43-4aff-8ddc-019c24de4ec0, 391,208,844,Avi
149a9376-49c6-4000-b613-eca92e2181b7, 376,785,136,Avi
6b16c689-934b-451d-a556-6b98b226a154, 315,929,621,Avi
63e3e9c8-5196-4837-8f7a-87ba929d94fa, 100,723,625,Avi
38acae0b-7de3-40c9-8eb2-3b754223a6cd, 326,867,856,Avi
aff25ad1-32c3-43b5-aaac-29110a503e60, 822,300,122,Avi
d8fd5ef7-ab75-4dbf-ba8b-41da8f4909e3, 184,19,596,Avi
b050d5e4-4c64-4ed4-8da0-ba555015015c, 930,481,373,Avi
36efe02f-7d04-4011-b659-da50c617c722, 870,790,542,Avi
ec1fd692-8c65-428b-9f5a-7c359f088179, 59,213,592,Avi
f3356c1f-4a00-4449-bb08-83c2fde12f0f, 479,599,483,Avi
42c12b7c-f16c-4fd4-9ef2-6f99e4b08848, 117,466,556,Avi
1a548cd4-3af5-4438-b4c9-40c5deb3717b, 187,992,199,Avi
9313a681-aaa9-44a7-bf77-7749454cf952, 545,882,960,Avi
8d82436c-8495-4d8e-86b6-08c7f4c74f7c, 186,221,173,Avi
82efd3ac-79a6-4974-9903-0eba1f83a4f4, 723,677,893,Avi
f9bb8de8-7304-41d3-afb2-e69a91064c02, 270,871,59,Avi
d7190530-4781-4aef-b747-10cd7d1caa81, 600,139,643,Avi
896e25bb-d686-4bf2-b3ae-94ab0531500f, 215,459,726,Avi
d4f0a040-62cf-4ed5-8abf-590ce26d5c0e, 471,504,994,Avi
f83e7337-e4b2-4ddd-8ea8-1e8fd976f49e, 593,256,717,Avi
3c648f11-d975-4bde-b171-917d4df63380, 30,619,124,Avi
b195da42-0b72-471a-afe2-1d5e114fb0ba, 142,210,402,Avi
32decccd-8997-4154-8b42-be2a72a9f888, 300,636,307,Avi
7dfd93af-8a47-4dad-b978-878f6ed6f7e9, 922,638,135,Avi
3c0d9dd6-17bc-4adb-8822-0fd3449172b6, 635,745,260,Avi
6d27b53c-39b1-45fa-9292-082d3f4d0b0f, 201,148,113,Avi
149b6390-a8a7-460d-bd7e-ab76c2492704, 648,787,340,Avi
3ebb53b4-2b64-4c04-936f-38e21db1074b, 533,878,460,Avi
c3ef7fb7-94f5-4503-a644-6f0a9f600cfb, 838,900,7,Avi
12ffcfff-b9d7-4116-be0d-5098430d608e, 829,714,488,Avi
f10ca783-b1af-4b84-87b2-9ab44b827232, 204,950,626,Avi
2bcdca53-8ce6-4cd7-aa75-1c1fb27cc951, 243,156,600,Avi
afc699d9-e809-469a-80a5-f25e2fd62ced, 49,581,468,Avi
86b0a3cb-f7c8-4d0a-844b-8e9413cdedb5, 492,968,236,Avi
001bcaa3-1242-4518-a1f0-4a75e9b7874b, 751,677,500,Avi
236615af-7870-488a-814e-9cf9766e5de5, 508,578,713,Avi
3d06b5e6-6e79-4fbc-866a-a82b3697632e, 466,270,357,Avi
08ab071c-0cab-4d5a-abcb-d1992d9b2dea, 881,944,468,Avi
ff1d7057-1a80-4930-bc83-6efc3ef2d65d, 377,495,739,Avi
0301e595-8f51-4480-ab8d-f3292d0ba7dd, 663,303,308,Avi
ca53409b-f2aa-4c56-afd3-e7ecca1df5bd, 396,470,920,Avi
853e6f4f-7793-4c0f-9aaa-e73e49b0beca, 817,718,686,Avi
96c9351f-3d54-41f7-8622-a97abe3c816b, 508,393,589,Avi
936b0e81-6660-497a-ac0a-99657d09f3b3, 659,153,566,Avi
60a572f8-c8c7-46b2-a3dc-41b09d2cf088, 643,156,817,Avi
2d24a7bf-363e-4694-b747-8855e0b012c7, 105,781,202,Avi
77caf332-f449-4324-8bf7-40221ea3d39d, 958,330,323,Avi
7e947dae-87f4-4e0b-8b1b-19e5d6fc1f8d, 292,364,445,Avi
2a974ee5-83b4-4615-aedb-4c7e2623273b, 132,321,7,Avi
bcd77dca-313f-4ddc-9741-fc535853857c, 159,864,660,Avi
ab29b7ad-f4eb-4118-a644-ebf04452e084, 860,385,278,Avi
abe35147-6592-4cfd-8a3f-39f01566bd0f, 161,96,499,Avi
afabc921-e7d4-416b-8f46-1d28de25158e, 315,932,957,Avi
45d67251-8996-45dd-86d7-183782eeafe2, 813,1,186,Avi
3d24f29c-6b8f-472c-a37d-edc00c6b1bf4, 125,806,118,Avi
d773b370-9683-4ab2-8f46-a36c28d3cc71, 789,238,788,Avi
331258d2-759a-4f67-9595-2513d2d94116, 649,273,713,Avi
4b402100-5faa-4c11-a388-6ee7818650e4, 538,703,971,Avi
dc216f5d-9a53-435c-9457-891dc4c40e3b, 984,104,107,Avi
9048ee53-ade2-4e0d-9782-6de907999475, 475,686,398,Avi
6b557453-c42e-460b-b17d-5df11615f2aa, 679,349,527,Avi
ce8cb6a0-16f6-48a1-9ed8-e4fa4460a143, 928,798,767,Avi
273c0b1c-ec2f-416f-8b11-88906d1b0365, 288,483,60,Avi
c47abb14-adff-4fc2-b45b-47fceceac4d2, 319,789,847,Avi
eda45d79-3897-4b87-86ec-6ca9946f9435, 244,146,330,Avi
8688a71f-31a5-4579-bfe0-55b0cd60596d, 137,168,557,Avi
dc4311f8-2a8e-4cf6-9741-a64f10c8b15a, 328,341,83,Avi
bd3316fa-079e-4c44-b83c-f036e166ef91, 218,509,592,Avi
befeccdd-c17f-40d6-9bac-777517806f77, 945,322,680,Avi
6ce792c1-f3c1-487c-b80a-b8a726a9d8a4, 306,176,991,Avi
abce191b-5582-422a-ba31-7b19e8755b81, 392,838,246,Avi
e5c048a9-1bd6-4747-9474-a5ab1bc0fce0, 560,135,650,Avi
821305e0-a6d1-4c2a-a021-79bda8aab186, 657,195,9,Avi
467094e9-c40b-4ffe-9775-f6a35a8a4ae2, 350,502,754,Avi
13abb423-a1d6-4bf7-b41d-d126f9237156, 728,330,483,Avi
850b5016-cbb8-4fed-a790-53f5d4d02e8e, 864,294,558,Avi
5c9e8a0f-6755-420d-9155-25a8a0d3f357, 642,847,935,Avi
11c454da-4687-4869-b6cd-aa4827f4f817, 549,148,346,Avi
f9b1e080-018c-4ccf-a7e9-f46c9c6e456b, 315,461,839,Avi
