10965c92-6374-4b6e-9f76-73fc020501b9, 467,693,84,Avi
fd37b105-fb52-4311-880b-7ffbb3f3baf0, 544,172,382,Avi
9be5d2b6-fffa-4687-ad2c-d001fe8f8e67, 430,58,243,Avi
c3247119-5bd9-48d2-896d-599fbd8aaf9b, 222,533,335,Avi
501af694-19f8-4640-88c4-5762b4c01d3c, 825,323,273,Avi
5c9f1f8b-a3df-418e-9ce1-f7144a6cacf4, 627,190,414,Avi
2b7bd21c-49ad-48e0-b6c7-00d8b80badb5, 967,499,984,Avi
475d9d54-3278-4835-8d46-fecbfd97eab9, 636,597,708,Avi
bc249e09-ed24-41c4-8c99-13e37184d875, 826,799,276,Avi
3060b2f8-a168-42b1-a05b-bcb3833a18e6, 255,199,475,Avi
c4571d0e-fbec-410c-a35a-1cc2af435fb3, 959,256,191,Avi
0d54ac33-e5e5-4279-a88b-02840fb7757a, 136,563,910,Avi
947591c6-1280-44e5-b125-9902b7a73d64, 682,311,448,Avi
b36e8336-41cc-40d8-8cf6-7f8141839f7f, 976,130,516,Avi
a83d82a1-d458-47cc-add2-0b3bef614a7c, 185,910,742,Avi
84e5d0a1-0848-400e-83df-a9c6d15e01f3, 125,702,479,Avi
9b469af4-ee5d-422c-b417-3de245301486, 546,251,734,Avi
65dcebd1-b98a-41a6-9d2d-e8b573d43878, 245,240,321,Avi
a021b481-518c-479f-82b7-c9a03ce434fc, 226,829,96,Avi
d80b0d7b-fc39-47b7-84c3-0d4f4d898e77, 375,717,372,Avi
16b97c74-4884-462b-88b7-01213459ee44, 106,175,858,Avi
db687aa5-55e6-4352-8b9d-74a56f28d91a, 766,261,277,Avi
a9bf8b1d-f336-4bf6-91c9-56b00cca84fd, 144,689,758,Avi
6d696bfa-6e7f-4b84-a109-014a6b5f77f9, 361,944,877,Avi
2c5c0a09-3c64-4a85-81a0-3fe241f20c06, 965,990,370,Avi
72620768-9752-4f66-9077-be92a83b5d91, 469,452,686,Avi
08532d8f-7257-4fc3-b8ec-915ef5dae4ca, 964,701,98,Avi
229db826-2f95-43ec-a92c-2f4df51b7d83, 796,707,946,Avi
02e8f4ec-85c2-4aad-9313-4ae50fc38f4f, 739,715,17,Avi
a3e7e9c5-a229-4770-a5ce-9818acb93e15, 869,908,733,Avi
c3606d81-8d1d-4f0f-9fac-242ef0812598, 814,307,592,Avi
20ecfc55-d88e-4aa7-b87c-d98d01ddcc57, 77,870,954,Avi
f90c8b2f-ab52-4f3e-9339-c4612a276b2b, 656,417,649,Avi
77f79ada-3e14-4e70-b848-71da681a426b, 466,979,13,Avi
35839fc7-9bf4-4983-b87b-2ed1f54f8153, 719,185,306,Avi
965ad26b-fc33-4fbc-ab9f-ff1deec8e6b7, 855,279,248,Avi
1d742dcf-8dd0-4a18-ac39-aed2cbd6b1a8, 950,756,377,Avi
1eb43fcd-fe0f-42aa-9ead-a8cb33065b82, 409,410,16,Avi
1f559860-99ef-4030-8072-17b0a8c844e7, 274,309,466,Avi
6c673c49-0925-4469-ac7e-b1af5a335671, 911,28,544,Avi
70f2c92a-6f7c-4451-a439-cc13009d2335, 260,274,779,Avi
02d7f8ee-1116-4b0b-a6e4-19b8676bea55, 26,545,637,Avi
efd88b8b-4cf0-4f9e-9862-13485cc51e29, 286,888,120,Avi
b75384c0-d617-4009-a652-16fbb853e84f, 414,811,36,Avi
f777d349-45da-472c-a3da-4bfca98a54cd, 38,498,721,Avi
087e3ac5-e023-43cf-af84-2883fb17f14d, 85,77,523,Avi
098e1bbe-cad1-482b-980e-efc05a5819ce, 641,882,437,Avi
078aa1cd-716b-4968-b616-b5793d2cd146, 767,917,152,Avi
4bc9da2d-44f0-403e-81d6-581f9ac58d71, 356,406,896,Avi
e011d122-70c4-4a95-8388-1a945387411b, 577,801,562,Avi
c8a2100f-cba2-43b5-bac8-58d3a5e73b08, 488,744,390,Avi
67fa1f77-7586-4b38-82bd-fe178ccbffff, 105,207,705,Avi
e423ae78-16e1-4a1d-be50-0f8a9b1c0467, 233,694,639,Avi
2ea7f5e2-de9a-4efe-b421-e315797df2fb, 668,570,389,Avi
565a5026-9ddb-4bd1-a626-76d3b13152d1, 129,536,944,Avi
8d57acf3-4278-4fce-9274-133c948392ef, 342,371,910,Avi
896f9d9e-c907-4877-a70a-b855de3807c8, 294,189,232,Avi
b217cf68-6ea4-44ef-8ad5-af897671f5d7, 942,271,144,Avi
3415ca2e-4e97-454f-9a00-6c3b93080293, 108,491,356,Avi
157a2609-b564-4b02-8e27-c441e9ebe6ad, 627,668,139,Avi
3df44279-e827-4195-a92d-2373feab5fca, 739,708,88,Avi
32b2db44-d7ff-49a0-81c2-fa8ced89e1a1, 556,925,67,Avi
ddae6b9c-d62c-47e0-b412-5ac985c72075, 645,931,292,Avi
ec5a3c4c-c0f8-4563-be79-cb48f10bb47a, 16,851,381,Avi
1047ffd6-e267-47aa-b9e0-58223912c539, 882,972,312,Avi
b352361b-7df4-40ca-bf4d-758ef2e43ead, 48,639,381,Avi
180e0ee0-ac0a-495a-a0f4-b1967f0ed7e4, 207,15,36,Avi
36af4a33-4d17-4e05-a17c-930f31654383, 984,283,612,Avi
1f488f3f-1367-46f0-8752-3abf0a6b5271, 330,544,474,Avi
4a9a46cd-bc6f-463b-bb67-41d8e027c4ee, 246,996,714,Avi
4516ea0c-f9c2-4587-ae81-81c6df343642, 350,604,27,Avi
64053fc1-e4fd-4d7b-a30b-165aacb11176, 500,927,861,Avi
fa096ada-b3c7-4e56-addb-d99be8799e6a, 302,571,609,Avi
015417f5-eb64-4a8c-a290-6994f3f86aca, 877,696,439,Avi
8369615f-2ff6-4707-82c8-63a324fceba3, 619,278,337,Avi
aee26ae3-810e-4bcf-9302-fa7b1290f852, 850,61,297,Avi
ed13256e-e227-4654-ae76-eec204a4b33d, 831,60,850,Avi
499f88e7-3846-41a4-bb5b-6df9cf210326, 973,421,654,Avi
61a524c3-c05e-42f7-96e5-4cb86a277e89, 104,754,425,Avi
ea320046-7e80-450a-8a7c-dfb068d61322, 474,227,382,Avi
9f57d86d-e22e-46fd-8219-21cf4b8e2b43, 592,400,934,Avi
f23efc17-6854-4d5a-ab45-0b7fa0c94ab2, 576,664,248,Avi
600e1637-ec99-4999-9a1b-3ba6ab333670, 355,382,46,Avi
3f7acf8b-db50-4764-8b2f-849c028e8779, 449,745,68,Avi
a99d8fc6-1053-4e13-9a72-ee53d7fc1825, 771,328,318,Avi
a869db35-1da4-487c-b271-84f72ddc30df, 595,366,5,Avi
f758c2f6-e2b2-4b5f-8cc8-412ed2354795, 276,479,483,Avi
34b03e84-1b6d-4bc4-b5b4-a6bfac3a1c4c, 177,413,936,Avi
9b7f8c2a-aff7-4d63-adfe-4c013ec4cba2, 863,376,183,Avi
f5a09934-df6b-4cec-92d1-0635fedd8996, 372,397,173,Avi
873d1d8a-cc75-4427-bb22-bb8ae18148f2, 437,827,345,Avi
54511d9a-d4de-43d3-b55a-6e0e13d52093, 228,286,297,Avi
9b43aa9b-f5d0-47d4-ab71-5212a23e066c, 504,43,612,Avi
aefab7ea-df2f-4aa4-9184-d2487a8a101a, 89,495,677,Avi
246d4083-33ff-4b30-bd66-3fbe0aca4dbc, 252,382,314,Avi
8a21b19b-5ffe-48cc-8775-a46a3320076d, 782,203,94,Avi
b8317598-d79a-4150-a339-5afcfef1ba85, 336,508,388,Avi
29415db1-de9e-41a0-8593-b935239ab871, 420,198,747,Avi
9111431a-d6ba-4541-98a0-02e89894eb80, 897,415,985,Avi
2b1b0ac8-8fff-4952-a625-bb874370f20d, 997,712,289,Avi
e53722b2-7db8-45df-b002-9b9a6512bd8d, 65,982,984,Avi
9391f8f1-c51e-46e2-94bf-9840eb1b659b, 871,13,916,Avi
98ea09bb-2afb-481b-a2ec-61a40103ac44, 722,543,42,Avi
e12f8e32-2c90-4f37-b88c-3192c55c282f, 21,92,324,Avi
0462ba07-220c-4af0-b2fb-87cd3c41f3fa, 391,187,982,Avi
3818d1ef-606c-40c8-b3fd-2cbf6c5de487, 805,923,32,Avi
e3aa969e-f077-40c3-b29c-28f09d07ca56, 622,81,174,Avi
e77a0f59-67ab-482e-a9f9-8d2828743356, 90,36,888,Avi
a7999628-ce27-486b-bb67-49a91d90dd36, 783,17,630,Avi
2d2a36b3-4527-4497-8796-6eceb4ef2cc3, 596,329,869,Avi
c171d64f-734c-4e1a-9eca-2f42df73a87a, 311,506,329,Avi
a64b217e-7429-43c3-87f9-c311eaf794ff, 324,25,512,Avi
4f51b3b6-5af2-4411-b602-77c858ed443f, 692,380,370,Avi
02e177e6-1c5f-4fd9-9839-0bb7253ac5aa, 396,61,658,Avi
a336356d-b93a-4e2f-b6d4-b804575f2709, 52,316,417,Avi
8e88cd22-52e3-4b46-a2ef-14b92fcf6836, 65,29,11,Avi
43d4a651-b6a0-4361-926b-f351362d296b, 763,93,491,Avi
db860cdc-ed25-4d55-9622-a4c46d566bb5, 953,375,632,Avi
6d3e94ad-ae13-4af8-9bec-07355e9164f7, 116,973,947,Avi
08756f7a-a3ff-4ef7-9c52-9ac218575a76, 96,88,994,Avi
cbfb40b9-223d-44d1-9608-aa410cda2289, 287,126,215,Avi
7e0872ce-a3c4-4dfc-bfab-3093a3e3f626, 172,709,584,Avi
b71cb019-2a55-4a31-9fd5-5cd8e2fb73a3, 993,68,163,Avi
df598968-3164-4fd4-acb8-98d580dbd474, 471,113,544,Avi
27e58359-b110-4d7c-945e-67bc1617c6c5, 661,226,20,Avi
7b297bcd-293c-424d-a6e9-19cf217917b8, 515,39,719,Avi
716e59bb-85e1-42dc-924c-ba2bb53b06ad, 472,719,986,Avi
7fc91795-4002-46d5-86b7-598c2715a729, 619,832,237,Avi
690057f1-146b-41f8-aaee-2529eee13bd8, 379,356,131,Avi
5e7b859b-0eb2-4f52-a82c-05161a8d4537, 696,209,50,Avi
aafaf1f8-9ead-454c-a018-b1908bb77ae9, 564,596,292,Avi
ca942efa-452a-476d-9f84-fb78a269b455, 374,110,933,Avi
dbf8ca68-a4e8-4b55-be2e-df58978eb896, 444,878,605,Avi
71ce6492-b75c-44cd-996b-8bcfbd24b022, 831,70,960,Avi
7d2bcbb2-2297-4d84-9674-e1419e1df62e, 846,293,978,Avi
6eb9bdd9-86c8-412d-af38-300c61e8b666, 945,293,150,Avi
b23dcff9-ac55-4d60-84e1-e9c84646ea98, 612,599,935,Avi
f2289cf9-6af6-4771-a0d1-c58c5921a6a4, 228,623,368,Avi
5ff3ede7-50bf-4223-a420-dd2d7f9ba74d, 8,666,293,Avi
fd2fbb02-3865-46df-a601-3266ad515c2b, 976,792,354,Avi
d7715e33-83d4-47cd-9bf6-21dacd5a6078, 454,298,858,Avi
1cab32e8-24dd-4f27-9abc-feaf67bbe4ef, 113,905,515,Avi
714007ba-fab6-4d40-a2e8-862f9883a717, 252,287,117,Avi
f6922e7a-65d9-41f6-8ea3-f3b8383d1dc5, 86,72,159,Avi
4c8ba181-64ee-4d86-9099-cfa81a09d815, 115,639,649,Avi
7e8dec86-d275-4020-85b4-3d1ad43722fa, 27,772,540,Avi
34f4cbf3-9c3b-436c-8639-13d12227ca51, 257,432,63,Avi
43cda0c2-ed97-4402-bd25-fc78977fb718, 979,84,608,Avi
c243e4db-2587-4702-996d-110d6a605610, 114,336,971,Avi
9b1e5095-a246-4ef5-aaac-25212ce329da, 923,366,442,Avi
6f63ca65-f480-439d-8ea8-e5681d86b6e4, 641,466,87,Avi
63352e2b-0ae2-43ca-8336-4075a422039f, 251,377,771,Avi
8852eb55-b4ba-4e08-9ddd-93fa280b0da0, 102,734,386,Avi
f52e582a-376c-4e56-8b09-8e8a89ec6785, 463,694,6,Avi
ff4763dd-58a9-438e-93d7-ed849c0b1ba4, 34,526,528,Avi
537ab560-6c37-4255-a292-6d983c113961, 777,114,983,Avi
2592152a-1ccf-4a01-ac6d-ff07712a040a, 717,979,893,Avi
bb61b6a9-c4c8-4ca9-8f6a-b3eb7507c777, 752,719,361,Avi
5052db6c-01d6-4d64-a8a2-24b0656dd63e, 291,473,214,Avi
73a38e78-434b-4867-882d-bff7d4a72449, 250,998,570,Avi
e48b30c1-7666-441c-aff0-1f824478919c, 542,327,920,Avi
46b5df94-fc70-4849-a630-e73bf1b9fe72, 673,444,604,Avi
2e612964-a4cb-4aec-8bb2-c528d0b99973, 72,862,262,Avi
bec41485-dbac-4a3e-a692-62c908350367, 876,924,38,Avi
37eb4563-df18-4d66-8c49-ecdeae25dcf2, 154,792,736,Avi
a51a1f7c-2d8b-4d62-9c0e-61fcb47f120c, 58,946,556,Avi
3ee3d404-d249-4e27-b19b-6e064ad1b45b, 80,336,222,Avi
4ade8747-bc52-4cd1-8227-30e5322140f6, 987,207,385,Avi
0a83004e-8c43-416e-97fb-171ba5bad740, 547,887,745,Avi
cf702a8f-b82d-4097-9645-fd24e93435b8, 725,958,903,Avi
bfbc5a84-623a-4280-937a-91f9fc6f3e67, 558,850,735,Avi
50db9541-5a88-4f31-9c64-114ca576300d, 815,920,368,Avi
838e209b-e7f5-46e1-a8e5-a5084c6d6013, 85,359,83,Avi
67920599-80ed-4dcd-b027-47e981dcada8, 922,705,251,Avi
3a2e4e54-c45b-4f08-af41-7ee26cd7f968, 721,840,56,Avi
97f04263-a50a-44b4-965d-4f0526b33ea5, 855,598,925,Avi
20671c13-b294-4cc4-acd7-df2ce417ebe1, 623,234,525,Avi
4cf6cda3-1761-46be-9346-3d501a0140b2, 656,171,662,Avi
f8564e7b-f4d2-4744-abbe-9ef60d223f85, 348,553,121,Avi
a4720f67-fbe0-4fd4-b3c5-6703f4815d80, 535,126,555,Avi
a14e9c9b-65ff-4008-a0e6-8102a20ed63d, 857,346,903,Avi
43bf3bb2-3779-4181-830b-493ffa6a41d2, 358,319,74,Avi
2fc8516a-3d89-4318-af85-5c498da0a05b, 302,338,871,Avi
8f572591-d1cb-4cd9-b043-28dd979fba90, 369,972,588,Avi
f44e009a-18ee-4662-b744-e422c86c8dc6, 474,156,630,Avi
adb03b94-5df2-4e67-818c-bf33bae049d6, 970,267,366,Avi
37d27212-cef5-4d8d-88be-bc012144e104, 330,691,290,Avi
9c520b62-0c47-4170-8bc3-98f16197ef7e, 819,103,725,Avi
e2e2c3ee-9c3f-4b5e-a2ec-015d7c8d18cf, 378,901,680,Avi
81e6d22f-b10f-48de-8b18-74d2c07cc5cd, 73,467,367,Avi
3eb58876-0e17-45a2-b3b3-395469fd6e95, 248,548,233,Avi
d2e36de0-e1cf-425d-8e90-a655284b14a4, 526,66,359,Avi
02d459bb-008f-4b74-b2d8-2a97eae8cbf4, 347,363,521,Avi
da808459-3ea6-4bff-976e-98c6490c9391, 981,554,261,Avi
9182f460-17b6-463a-a9cf-ca65c5533a47, 54,254,261,Avi
5f66d60f-ea55-4059-b56d-8b18d7c18d6f, 935,182,15,Avi
0cc31898-785b-4a05-9cbb-c998ee6278ca, 33,376,287,Avi
d01c0c36-d643-4e94-b5b1-e3448cd517b8, 753,206,434,Avi
03dfa009-5c6c-4eff-8344-1e2d0a701097, 266,39,244,Avi
f07164ca-2e6e-484a-9bb8-1a7a14e69f24, 179,978,417,Avi
7ef47776-b1c7-48df-9f86-53429bf7ab08, 392,230,869,Avi
59c34fcc-3434-485c-9fb7-e1759fa2d9df, 505,122,424,Avi
63800556-731b-4b5a-a76c-05e3d30fe1b2, 356,946,91,Avi
b0c8680d-f2e1-4982-9f75-52ff1758d62a, 271,624,902,Avi
35ef4a1b-cb67-4bd0-a0ca-0053f2b9d422, 843,347,137,Avi
9601737b-53eb-43c8-842f-6567c665af0e, 29,765,847,Avi
d49a0611-cef1-47c2-bf09-7fe6b4bd3d10, 464,441,719,Avi
43eebf6c-ce92-4747-8802-2f75b341e72f, 666,40,92,Avi
28b09459-38d6-410b-a098-a4f8cd37c397, 81,493,343,Avi
ce961731-eeea-4f0d-87aa-1551dab01e71, 797,261,27,Avi
f8305fea-e44c-40da-bf96-f23dee85a64e, 116,169,384,Avi
24b6192f-86c3-44f6-ab82-6efce337b769, 105,589,324,Avi
2934d90c-d641-40bf-bfe4-4a4d8d1a7aee, 390,548,133,Avi
745d526a-e486-487a-ac8c-fadb8de4d27c, 835,580,234,Avi
6da75b72-e160-434a-ba51-b3b957a4172d, 922,761,750,Avi
5ef7d0a8-b0f8-49f4-b5e0-8d27b5b0dfa8, 383,909,857,Avi
32cdb436-a79b-4591-87cd-9ac388a37be9, 298,237,273,Avi
4f25dbea-ea2c-4629-8a3d-ad94c1f7d2b3, 395,713,537,Avi
6ad51b00-7140-4785-a093-1d31b806284f, 696,725,190,Avi
710e6db7-16be-4c97-8f7c-dde22a88068f, 778,425,628,Avi
b6c10911-4e2d-424c-a040-8d91f4a47308, 82,557,686,Avi
7eeb7580-2353-497b-ae61-eabb8c657272, 65,155,456,Avi
ab0a4c2c-9eb4-43bb-b49f-30672ff27272, 519,738,757,Avi
3e2448fc-d746-42af-a8dd-bd7587f4943e, 811,638,217,Avi
c5212311-2cb7-49fc-9cbb-80c84379a577, 714,627,860,Avi
3ec92bd8-34ef-484d-8cfd-c0c68e2f27e0, 485,742,278,Avi
a303ea5e-a8d0-4762-8717-47f933d1778e, 340,696,582,Avi
84e32016-a1f6-4ace-82cb-95769015e1d1, 484,500,24,Avi
234ddd79-6cba-4be0-9b9e-f320006c2267, 752,719,454,Avi
e4d672a6-5401-4cf9-9fcc-ed79dfbce6f4, 845,407,863,Avi
1fa4dc1f-029e-4004-8006-a1a8c0f373b5, 135,610,123,Avi
5e91a3da-1433-4410-9d84-9cfdbfc38f8d, 504,754,23,Avi
55dae82e-e612-46bf-a6a8-864a714e4937, 547,858,606,Avi
eb72ea46-5d68-4796-bf4d-e81c18adacf6, 295,862,172,Avi
156ff1d7-7b1d-4c92-b421-0ec52635c629, 101,485,598,Avi
c7748e5b-8dfb-48af-b58b-142ff1582abc, 57,680,86,Avi
b27e0b89-cad9-470a-a9a1-e8015d8566bd, 676,212,981,Avi
627acdf1-305f-4386-8452-646844238530, 910,439,727,Avi
b7eed823-8e90-4407-a36d-bcfdc92bd8c6, 46,596,58,Avi
efd417c4-9ecc-44af-a1f4-05da1386aaa8, 663,311,434,Avi
48a5a94c-00bc-4c0d-8fa1-26a228e8eb54, 3,673,331,Avi
a0d8b289-c20b-42dc-a049-ff00fd198e55, 892,677,28,Avi
5ebf5b65-4053-426e-b4ee-93f40796b827, 94,211,872,Avi
b59bfb6c-adb1-477a-a853-1e4aa66340bd, 837,937,883,Avi
e5177f48-3b2c-442d-a85a-664671d494a4, 671,46,833,Avi
8f9cc0af-6552-4b31-95ac-fab9646849a4, 411,384,16,Avi
bd1b85bc-11b6-4905-b347-020047f682d6, 425,696,40,Avi
dc22ac2c-5735-4184-9a49-ea089c891d6a, 369,170,196,Avi
d5c0be58-61d4-416a-b2bf-5c3d22b37c11, 880,224,172,Avi
3613f5d5-a5e0-48f5-a410-66b6b74762e4, 395,458,159,Avi
5ba26fed-4740-4f4d-9176-93c4a1ce04e1, 964,883,547,Avi
89c6a9ed-e630-41cd-b23d-0f6db818187c, 172,293,190,Avi
5dd7418c-d49f-4b6e-b363-7b693c63dce4, 839,207,806,Avi
abf8a2a2-4407-49fb-a434-55abd3d88942, 570,961,470,Avi
8bf95dc3-a762-49b7-9817-26e91bc5a797, 213,838,274,Avi
2b4a9128-54c3-4cf3-8a5a-1dd429453aeb, 99,239,394,Avi
d7518bcf-2628-45df-bce2-4003a5782b10, 893,634,212,Avi
ead1baf6-2677-401b-a8d8-1329262e3404, 43,238,613,Avi
ad83800a-4cc4-4215-8b1c-467d57e41ca1, 395,632,504,Avi
93b72176-c832-4fe7-80ad-3089613d9d6e, 136,13,453,Avi
7d383427-20f7-49a1-91e0-87cb3064b9a7, 854,698,751,Avi
73c9ae13-ac83-4c5f-a174-309217b9d8fb, 713,871,54,Avi
9194bbd4-df21-4b88-a342-8352a6bbabd5, 336,500,751,Avi
b18dd777-afaf-4972-bd94-b29d268ba126, 643,571,178,Avi
1f82b967-9937-4c11-ab39-a99a68f1d79c, 208,853,734,Avi
2730e333-770e-4d90-8840-32c34eca3e67, 569,156,330,Avi
485f0efa-9073-4bd4-97f7-9b6d4ebd8f50, 920,781,983,Avi
1197519b-17b9-46ee-854b-0102b7bf53b7, 777,500,823,Avi
6dd40679-0d4c-457a-845b-1879a3eba44d, 945,922,645,Avi
6acc90bd-b9d4-4c14-b1a1-c2ca2e3887a4, 932,776,659,Avi
3f246577-b070-4d22-a0cf-993b5f3beed3, 685,703,194,Avi
e767944f-42a5-430d-aea6-907685adbfda, 353,714,263,Avi
33a60ce6-6f75-407c-8935-dca274f56682, 717,498,965,Avi
2d9c7ab7-358d-4ac0-8eba-195284a5537b, 220,762,738,Avi
9868ec3e-2325-4ab5-a86d-3ecf807176de, 641,250,63,Avi
050555e6-427b-4d67-8f8d-a5cd2bf1dd59, 35,833,384,Avi
955d7234-e1fe-4c77-931f-960e1fabe6e4, 878,824,477,Avi
59105807-51fc-47c9-b6a7-0be1cc280450, 174,215,230,Avi
3af86d92-c468-4548-a8ad-0e1ad407815a, 469,78,199,Avi
2e1de844-f193-4bc5-9832-e703099a0189, 926,766,948,Avi
b6c1eae7-4cd5-4753-9cd0-4608ed491426, 408,402,722,Avi
76fff867-838c-4b2b-a412-620bae5f7125, 93,957,866,Avi
4afa932f-adc0-460d-93a6-d80bff6f5904, 982,853,139,Avi
edab44d7-0cb5-406e-815f-fc1a1148d681, 472,850,656,Avi
e5617662-bce3-4ff3-88d4-1d9021bc8f33, 363,700,20,Avi
d95f5c90-6ae2-4f40-ac7b-a46f2546ea04, 245,136,250,Avi
7d53d5da-725d-4a8d-8186-04d422f56bf7, 760,911,89,Avi
a9ee32cc-8e37-41cf-aa65-7f9bfa9e0362, 262,55,950,Avi
f25a9f7a-f0f3-4356-bee4-582c295e2383, 182,511,489,Avi
686abc57-927c-483e-b79c-a199eccbfdfa, 962,883,637,Avi
08823e52-36a0-4b02-9c91-168e061448f9, 64,789,731,Avi
38c57e76-f2c2-4d15-99d1-dac4dd9587ba, 18,811,360,Avi
5a41bc72-e8cf-41a1-bd48-be13f31f71ef, 16,548,292,Avi
d832b524-32c0-4daf-87cc-49bbdeb90cd5, 196,51,979,Avi
4ce31354-69da-45e2-afd7-6c16c09f2a7c, 245,407,973,Avi
0faadc56-9970-417f-ad4a-ad2f1fe34345, 819,809,513,Avi
55301285-262c-4373-a0ef-d52d6eca0de3, 211,224,940,Avi
b38a9d0b-01ff-492e-bf1d-ca17a60fff14, 947,167,853,Avi
163a0983-aa6f-4fb4-83e4-a041d1e8568f, 859,147,348,Avi
2d104dde-0850-4949-bc90-3b29d589b5b4, 771,910,446,Avi
87b6756c-0404-4591-bd65-eb9fc30bdec8, 378,20,968,Avi
066f2986-b3b6-418e-aac2-9fc269b8394b, 501,408,62,Avi
159f74bf-de21-47e3-bf21-f1d40e0375a1, 924,345,888,Avi
f442fb4c-2e66-4ac3-8ed2-ecc2ef144323, 658,229,587,Avi
d1aa98a3-9ece-455b-81dd-994b14eee001, 956,565,860,Avi
ab03d809-5b12-4f87-b51e-21d82522940c, 109,17,647,Avi
6da29e1e-5095-46e6-989d-b5b31d38cbac, 976,361,700,Avi
feae2c4a-08e1-4bf6-9ca7-6d5da88ac8d9, 974,752,659,Avi
0a92683b-d523-4420-b44c-288c51436e23, 695,115,623,Avi
26b72e6e-0466-4ea4-9ba2-afc4cd383829, 876,158,665,Avi
17f03540-1808-4fdd-a2b8-b3c1c76d947a, 13,244,637,Avi
6ac1b2bd-1f37-4d10-9b72-e51d21fd00f6, 845,816,32,Avi
e1d19be2-04ab-4961-95af-bbd4878892a8, 11,743,997,Avi
cc5d0b14-e197-4e81-a32a-1242f99fe6e6, 911,894,465,Avi
4a28abf9-15a6-41bb-bd4d-6f9811eb42e2, 623,552,994,Avi
d9a798ff-ecb3-4595-a3fa-0061c6e3a21e, 354,990,600,Avi
341a8526-41bd-4900-8ece-47292938d9bf, 992,751,130,Avi
5a4f5c02-8df2-4f4b-a138-4f5e41c41b81, 700,794,549,Avi
54d3a826-5411-48e8-be1e-742dabaf33d1, 744,402,267,Avi
86f65142-064a-447b-a51c-25c09246f934, 310,804,293,Avi
fe8a3026-18ea-4d9a-b501-c797aa4313eb, 437,48,188,Avi
330856d4-d106-4dd3-bcc1-0baa34709a85, 224,645,984,Avi
3c345123-0c3e-4fe7-b7fa-eec873a7ce66, 948,112,747,Avi
4d376aed-b6e5-48a8-a699-0ef4e5e6bff3, 829,98,273,Avi
706a4f45-c0b3-4b8c-83ef-c6e2a92f65e9, 648,65,466,Avi
60ec7ae3-ec34-4df1-97ac-783c30c958d5, 236,351,201,Avi
047b415b-4455-435c-9339-40ea5e960c16, 664,341,124,Avi
94bbc0ad-ab6e-434c-8011-b5c1a8e45990, 23,883,406,Avi
45fe6411-e0f3-4b24-89c0-16f2122e8966, 535,312,448,Avi
0282e17c-52e0-4e96-a068-6b78c1842023, 89,101,414,Avi
f54c3e4f-b090-4719-b358-16007d92e792, 764,699,937,Avi
e599a6a2-c286-438a-acd4-45f5f6ddbb03, 705,474,846,Avi
768fadab-f42a-4e79-bae3-102d9a691d44, 277,400,905,Avi
3b4b4d5b-20b5-4361-89f1-30bc4ecf5368, 10,404,878,Avi
437df879-e6e7-4b60-99c5-a71c2a9a1a3f, 851,164,653,Avi
9423f349-e319-49ee-941d-55ce77c605e9, 856,52,730,Avi
78d07720-6746-4150-8bf8-f40be7bfa1a4, 84,508,51,Avi
71dd0861-758f-418d-a93b-dd68fc5a0842, 67,645,464,Avi
4f30c63c-2fff-4705-b3da-3bacbfef4a9b, 169,415,164,Avi
0fd3606e-7fa8-4322-a8e1-36710788e2b7, 781,687,334,Avi
97ba7be3-2bbf-4b39-8cea-5e8ac9f4d5a9, 536,860,11,Avi
b302ba54-1678-4895-b0b9-15e75730834f, 333,65,397,Avi
e032a8c2-1c82-4f03-bc5c-96857829ab6e, 335,942,589,Avi
51b17c59-c9e8-499e-ba9e-16ec703e8d3e, 618,958,950,Avi
44c6019d-0c73-4c34-9c50-948662ffa063, 294,654,936,Avi
349b8619-2aea-45e8-9a26-fd57162f4c60, 244,170,720,Avi
a67d020a-6a65-49f7-abce-c91ecba286c2, 751,678,260,Avi
39dae477-fece-4534-a32a-18661330b064, 717,5,592,Avi
f13fd209-6630-4344-89be-ee1dd625fbdb, 364,698,55,Avi
47b357c2-8db4-4da2-9d79-3277541fb6af, 474,536,60,Avi
fadced10-9695-4b73-85a5-ef9003cc3026, 683,495,711,Avi
039ae9d8-688a-4539-bce6-f7031e35969d, 572,472,542,Avi
3742f839-1305-485e-8887-be48b13bb703, 868,518,99,Avi
8f2e57ab-7ad7-4c74-af1b-24f8215f4ec4, 256,521,109,Avi
ca17a494-bfba-4385-a458-a59803499063, 141,464,549,Avi
c63c9878-3b04-4333-99f4-b11c91cf7c3b, 100,771,989,Avi
5fb6b440-0a48-4782-96d8-260e52a40a4f, 526,924,246,Avi
bdef4c84-a83e-4922-8b96-e342642f8219, 443,30,10,Avi
ba2f08a1-1163-48ca-a8dd-e554983b38c3, 74,818,856,Avi
b42d5847-5c41-4756-b1e6-f22d3dccddd5, 418,968,366,Avi
acb07d17-3c02-4422-b767-200e8f9bc9c4, 343,860,406,Avi
1a78d528-33a3-4c30-a2cf-9cecac9bbbe2, 530,934,463,Avi
16f23c74-6433-402b-8963-8ab0ed12e4eb, 239,721,183,Avi
5545acae-db8a-478a-b031-49a3a4014e49, 395,375,650,Avi
21110619-f657-4483-9eca-e8d0b9a3f49d, 621,496,157,Avi
caeb4067-20b2-42f7-9684-b3335e521d1d, 152,577,540,Avi
ad03ef97-5332-41e5-8408-0e0eecef51f1, 43,265,925,Avi
4ce68c1d-e8d2-4263-96ce-19d9bce9b997, 65,946,611,Avi
5ae3ff6a-4b2e-472c-bd81-0516e21ba4eb, 812,240,466,Avi
b51ed1da-7755-49ef-bae7-703b3485761f, 701,498,653,Avi
b4872a8e-4390-4f98-a2c6-f53920c5c378, 685,450,549,Avi
7265ff01-6bc8-441c-8b02-2bbd6a231ef1, 731,912,660,Avi
59a4c5ae-2ae1-4bce-a663-2ba2817d4ab5, 701,609,529,Avi
9606604e-7836-442d-a8e0-18455079efcd, 86,859,51,Avi
2c576701-1885-4d2e-b1aa-5d53c9da4e4a, 806,132,549,Avi
d21bff65-c761-415d-aff2-b62800462f77, 594,820,532,Avi
696b494d-d704-4d0d-abd2-eefefbcef6cf, 852,921,241,Avi
74db333f-be0c-4eba-8360-29af2be87150, 316,375,704,Avi
84574cc1-3187-4107-8c4a-bab940c0b338, 439,278,912,Avi
4220c350-f924-4e34-b47a-eb373f3a9c34, 794,716,695,Avi
ac707d16-2b9d-4f94-b4fb-d3c5d1fbfa9d, 996,536,223,Avi
ab441224-e596-44dd-82e4-145a4aa7bb3a, 528,708,924,Avi
b2e1f32d-df74-4ec7-9ded-2d5a3e173915, 102,888,583,Avi
4cd21076-b537-4017-b2b1-32785a1ba3bd, 495,449,966,Avi
1acaf1dd-03bd-45e2-a964-fbce54fcb251, 12,955,404,Avi
45c4bcad-00bd-4082-bfd4-2a9157340e66, 875,257,815,Avi
b0612ec5-4836-46fb-923d-b52ccd221d5e, 63,219,418,Avi
25e89348-79d7-4f88-859a-001c99181457, 932,848,576,Avi
d414b5b1-974e-4e49-bc0e-bf207dee8cb4, 412,369,75,Avi
79c12a46-204d-424f-8c39-160066251ccc, 843,293,635,Avi
cc7473f3-964d-48b8-96c5-840bed77c801, 747,906,892,Avi
ec54d973-9f09-464e-89fc-9b5f0997dd40, 833,89,323,Avi
f6624282-79eb-486d-bdc9-87351c4adcdb, 826,279,422,Avi
667f0cb6-f57f-4d5a-b57f-b181d39bb101, 623,493,930,Avi
ad8feb2c-e391-43fc-8203-565a93046319, 948,358,473,Avi
b800649d-7704-43a1-b667-7c3374efcec1, 274,305,419,Avi
b2e7a97e-e643-468b-bdc7-e953dac7d345, 301,563,21,Avi
95f8d929-d2d3-41cf-9191-6e660588c017, 98,732,498,Avi
22c9168b-61a0-4f9c-a427-324e2db642ee, 277,65,687,Avi
c05c418f-c8d3-48ad-bac9-abd362fc36a2, 645,117,340,Avi
b7a87997-284f-4c67-a777-61c481466980, 849,257,596,Avi
01052b92-0d0e-424e-b42c-c786c57edc51, 947,746,541,Avi
730c4876-3922-4868-aa46-279264e7f8bf, 75,177,867,Avi
c9f985c8-b7fa-44d0-9bd4-a942de809a76, 81,49,977,Avi
926a1285-5a16-4dc8-9fec-f6c74fdc97ec, 393,438,724,Avi
55a128a0-7ef1-4601-98f5-95fa81996ccd, 486,982,491,Avi
857e20cd-3923-457e-87db-81e3db7d76e9, 104,139,64,Avi
37eadab3-6f06-42d9-bbce-bc9f8765fe9d, 655,543,728,Avi
01312ef4-ae39-44d8-b8c8-1fcd94a54652, 614,650,174,Avi
05631920-38fc-4c15-b20b-8d42b9e1cc36, 394,556,25,Avi
a0de51a8-d736-4fbe-8582-55edc8df0ff4, 635,182,163,Avi
2b1f3be7-a4d9-473a-a26b-c290654a28c9, 83,773,237,Avi
5dc6ada6-76e8-40f4-bf87-2a9651d6a94f, 334,2,610,Avi
435a39ba-f39e-4476-ae1f-deb2c5867712, 930,200,128,Avi
c68ca968-dd6c-4a61-b505-68eb3da6ff46, 550,220,514,Avi
06147c90-155c-494b-b179-95dbfc972677, 42,703,295,Avi
4e830600-a0bf-4d5c-be70-7191ef72ca1e, 772,790,81,Avi
413936f7-bcca-4e9c-974e-04eede675ae7, 197,542,976,Avi
58ffdae8-7ade-4455-96b0-1ce2aaf35bf4, 276,195,712,Avi
420b712e-7902-48fe-b043-dcbe9dd7022f, 867,333,97,Avi
b0b73fd3-38dc-465b-9c96-448d86fd0b80, 368,679,620,Avi
730b07fe-68c5-4cc0-a916-68373d55f695, 843,444,866,Avi
7350812e-a710-4f60-91bc-d187dd019e15, 815,310,664,Avi
100d002f-4a2c-4125-8994-d6a1ea5925dd, 488,152,980,Avi
dd91c3a7-787d-411a-b5da-f3863898ba26, 879,172,938,Avi
5a238c0b-739a-4991-b6b3-b68d17e0cc24, 934,105,324,Avi
a634f4af-6406-4fbb-b443-be773da5c0f1, 215,572,945,Avi
ec3f201d-b5ee-4e18-a1b2-c428632735dd, 878,620,765,Avi
15fb3502-dc6e-4ae8-a751-5c8f9e003b5e, 942,439,638,Avi
a4b7dc25-f928-45c8-9464-951f12bff216, 185,806,578,Avi
261adb45-e5e9-4c6e-9979-5638ba4f995e, 523,466,668,Avi
1f5212b4-c3dd-4a49-b659-4f4261b7b0c3, 513,563,519,Avi
87533417-2e7b-48dd-b1c5-51e4a0164f51, 507,706,774,Avi
ba6071a8-9efe-42d6-9a80-06b7b3485ffa, 647,226,394,Avi
7fd0fffc-d9d0-492f-b9ca-da4c2dfdf4dc, 630,285,638,Avi
187bb806-0212-4f48-b931-c8606951f669, 100,316,370,Avi
9da4297b-e276-45ff-95d2-a5461c2b8f5c, 39,340,90,Avi
d7dc600b-f1be-47ec-9bd5-12a392400799, 389,652,759,Avi
56a75197-2714-4e3c-b010-3eb29545416c, 151,488,59,Avi
ed776582-1f9b-4afa-8f57-ddef839e13b4, 853,900,6,Avi
65dbe06d-158d-4fb3-9e32-cd71319fb132, 228,630,502,Avi
413b2838-b302-4be7-be2e-ad27b74048e7, 86,963,684,Avi
16acc658-92eb-4383-9306-0ec3ad3659aa, 313,367,608,Avi
71a4241e-a63d-48fe-a714-11dccaed4916, 419,428,398,Avi
fe4cc1e4-d56c-4bc1-956f-8623254b5740, 548,567,347,Avi
877cf845-b722-4da7-8e72-eb0abfa965d0, 551,249,336,Avi
542c7617-f1b6-40e9-bcf3-262f4f1614ee, 127,843,124,Avi
a42a53f0-925e-4d58-8465-3b83ae069274, 269,147,467,Avi
6a57160c-f7fa-402d-92cc-3a79723cc285, 489,135,813,Avi
58f21cb5-b646-4920-8c0e-40f7da5206ec, 907,362,75,Avi
8fc3a466-c4e5-4f36-b4b0-dcf32e1709e6, 461,652,805,Avi
a7c21a62-c524-4962-ada6-e4cf7b3b1074, 769,419,594,Avi
6fed8fe8-f31b-476e-9973-baaebd0f9440, 890,544,321,Avi
253d27e7-92b5-4f8d-a8c3-9749ae1e02aa, 953,785,947,Avi
61313de0-b66d-4751-a922-ce975b46d2d1, 761,618,911,Avi
bf980f8d-0257-49d5-bb47-2356ed6b8c20, 691,840,86,Avi
0ff8a200-38b8-48fc-998e-fafcf1a886af, 413,599,240,Avi
427b5a6c-a6d6-4a7c-9da5-2cbbd32066f5, 722,727,57,Avi
8d554261-e130-4948-b650-414c620dbd7c, 881,958,484,Avi
3648123f-e86b-4a44-8550-de9591802fe0, 36,595,829,Avi
0a76a8c9-967e-42a3-bec3-b40740b1a821, 870,404,5,Avi
1bc83974-7739-4beb-9bb8-0a52ff145b0a, 533,957,774,Avi
b73e50a7-97b6-4b44-bed2-1ba9b0531603, 591,778,149,Avi
65c1e1b9-e780-4d48-a040-060864fcb002, 751,659,703,Avi
5f7e7185-581f-4d58-a848-420ba635672c, 16,173,58,Avi
ef4a4dd4-7d81-45a4-b128-4d55666a3170, 175,506,527,Avi
fd022438-4047-4492-86a7-0ca823139b0e, 554,797,293,Avi
b667191c-ddeb-4628-944e-2f9dfde871c9, 728,494,762,Avi
e9f2fa79-d18e-4b9f-9317-34988624dabb, 834,737,924,Avi
7d63f5b5-af78-4007-80c0-1c466a361242, 748,886,459,Avi
b6ad4acc-fa61-45f8-9229-2c52c093601f, 111,855,948,Avi
eebe0c80-e582-4b1c-a0f6-3aefe955b4fc, 490,83,381,Avi
ee11b8f2-971d-4a31-9888-9d1743841685, 942,228,659,Avi
7166d55a-23e1-4ea4-9253-a8b817091922, 137,100,63,Avi
14cd7930-64da-411b-ab76-5b295ebab271, 936,661,938,Avi
8a975992-81cc-417f-aa6d-d930cca25a98, 536,707,554,Avi
d80f82fd-7738-4200-a5be-5499c0ef3c31, 998,707,452,Avi
1374b390-d50b-4e93-8ff5-3e8c3ce5bc6b, 956,480,797,Avi
3607ee8d-a981-4021-a26e-39b8fc273cb4, 536,143,909,Avi
e32d4c19-0347-417c-8a6a-ec6d28fc001a, 242,698,220,Avi
6870d4b1-870a-4fbe-bc80-74a525ae1691, 848,842,890,Avi
8f038448-d28b-431d-8d5d-82dbe45f5574, 688,641,803,Avi
8b289515-254e-47af-a5af-a655cf7b6766, 753,524,90,Avi
e2a7cf4a-cfd2-4787-b78f-9621aa2b74e1, 675,231,279,Avi
4a3b6590-dff4-45ca-b0ee-5d03e2ac6860, 866,418,697,Avi
2494f0e3-7fa7-4d72-bc9a-2d39cd22dfe2, 231,791,832,Avi
642d0a31-a30e-4d30-bdcb-4851a2e25b78, 822,298,31,Avi
c1849810-8fe4-4279-a780-f78e89be0e04, 371,749,180,Avi
683bb834-6c3b-41c9-a429-c2fda0abc47b, 7,154,375,Avi
5097217f-9170-4394-8a94-648e598e280f, 151,953,939,Avi
6b2423a9-bfbf-496b-ae01-4403d342d4f0, 471,701,529,Avi
f5b9353d-cef1-405f-8cd4-5269753c1931, 440,288,257,Avi
64b9affc-f657-4e39-b3d0-e74c672683a8, 171,248,21,Avi
4c98c0ef-058f-41c8-bc2d-2ac6c764d65a, 136,781,183,Avi
27f5efc9-4d82-4620-ac03-f8884a74e705, 464,323,476,Avi
5f4f6a72-d3e4-4759-84a6-769f1428d221, 174,90,63,Avi
f264ad30-7d81-4893-b37c-412dcdd2aa07, 101,305,351,Avi
5528a149-dcc8-4f39-a55b-2555c77b0c12, 77,418,400,Avi
a2b8d897-da7b-4b90-b9eb-8b296ca90c8c, 189,478,93,Avi
89e67701-b9a5-42ff-bfed-6c6c1b9aa54a, 710,682,488,Avi
56b77a2b-d7b8-4a46-b6e3-4c31fde87d25, 428,603,569,Avi
b5bca30a-2684-4da7-a47d-7419d1cb6fa8, 149,205,529,Avi
c5efd42e-d25d-4878-9ae5-8e854ebec63a, 749,427,130,Avi
d986bd4c-bfdb-44f3-a659-ae21aa10e44c, 440,61,543,Avi
c44ad189-9ca0-4326-9ef9-980c26458935, 812,687,516,Avi
f70b142c-3184-47af-8235-3e918f626cf1, 846,905,426,Avi
e60bac11-81d1-4979-99e5-3e9c975ea3c0, 702,831,64,Avi
3caeeda5-59ce-4225-83db-66c527efc21f, 313,51,648,Avi
b52bc714-e0f5-4de9-a452-98bd66469445, 589,394,283,Avi
94456c77-a6d1-42df-9a91-c429bb62f2c9, 129,251,808,Avi
b4250431-69de-4855-9f09-3cffe8f6db3b, 164,459,565,Avi
e909a084-7d13-4285-8aa8-1dd4a97a72ae, 532,706,179,Avi
1e13108a-5b70-4ef9-a890-0ea1e91276a6, 613,315,119,Avi
22edcbde-a48e-4524-b2ea-ad635dbd9d9e, 946,424,662,Avi
32006da8-6662-44fc-a673-33699866e646, 931,659,245,Avi
c22b05ea-2c98-432d-8ece-32102093fb6d, 806,264,730,Avi
8b0e16fc-fe81-47da-b205-2871d8791893, 882,342,572,Avi
6d9daedc-e311-4afc-afe6-71a12cca7f5b, 666,9,849,Avi
2b0a6421-81fc-4f84-8b7d-2187a922cbb8, 424,116,552,Avi
1a09bb4d-2fa7-4611-8a01-5d682b162644, 919,559,809,Avi
dad704a5-d0e5-4feb-b096-06aa36558c00, 246,620,177,Avi
3479b260-cd4e-4f0a-96b7-86a10dbcfa4e, 321,276,600,Avi
8c8b30d1-4aec-4b49-93a2-3456a49a1055, 977,280,980,Avi
d81911c6-16a5-459e-b363-a3b1932bc21d, 338,234,590,Avi
2a9b3cf1-1f69-45ea-962a-0885b985e0c5, 307,754,408,Avi
cb79f678-071b-4ff4-978d-8dfc638a5439, 401,380,390,Avi
0a9752da-94fd-474b-ba5e-689a35bad2b7, 404,782,131,Avi
df102eeb-c7e3-4661-a80d-f619b054e9b1, 552,245,908,Avi
68dab4ae-6bc5-4972-bd3d-9f73f43aeb26, 237,497,451,Avi
a346485a-1fc0-4816-89ba-a7c41b383273, 714,108,590,Avi
3eb6b7a6-05bd-4635-9edf-1f8ea5c64d0f, 625,692,755,Avi
f8e98ed5-4a1e-4a54-b012-1e7976ad5611, 309,701,802,Avi
8a36589f-1171-47e5-9bde-ae9018a7d222, 485,611,383,Avi
a80cc004-812d-46a5-9841-f390c28a5a94, 644,827,982,Avi
237b1b8c-c91c-458c-9881-5c8cb85074a3, 748,545,108,Avi
231a368a-385a-4ab9-bb46-2914c953dec6, 980,360,253,Avi
3eb23b48-1e27-4eda-9773-4ffd2dcd986f, 441,24,735,Avi
a365880b-8626-4e90-b479-103e00b5adcb, 162,516,775,Avi
c658e457-6bb9-4543-8490-eff8c6f36427, 679,692,376,Avi
951d2b88-5c8f-4d25-84d5-8e358b5e9de4, 268,85,778,Avi
17dd56e5-1996-4b51-92eb-281c57cab436, 149,263,173,Avi
10e3f8de-2f4a-46ff-991e-54f9053722cd, 390,712,541,Avi
da6beff5-061b-4016-8ef2-86e2b7c9bd77, 833,997,54,Avi
35ad15ec-9b5d-46cb-a627-7c39355ffda8, 605,914,768,Avi
c9af8764-c16d-4233-a90d-8e1135d3ffa4, 7,759,953,Avi
70a470e9-de54-42db-ad31-265c3df81fa3, 147,802,699,Avi
1c35429a-b351-4f3a-9797-843c36999042, 800,255,138,Avi
8050c671-bb15-4358-a928-fe50af8f7e00, 199,274,85,Avi
1304cbc9-9352-4069-8c73-5eb6cf982936, 854,463,176,Avi
a420fe00-79b0-4963-96ba-92d393b06b97, 978,629,9,Avi
79e061fa-53c7-4d43-be52-6dd562f156f7, 427,218,527,Avi
d0132005-8af3-4df7-a3fe-6e2c5002cd17, 604,495,565,Avi
3e06075a-8143-4f88-8fc1-b6d1d9fdfd18, 810,359,832,Avi
2a85830f-ad8d-437d-82f0-d1d0a662b6bd, 565,148,361,Avi
ac479e48-ee77-45de-bc14-7842e686bc69, 199,835,108,Avi
7e83abc1-39a3-42e1-9c4c-9d671ba1f646, 965,155,756,Avi
a5732bb6-f4e1-45e8-9443-825a86bb9a4b, 821,532,889,Avi
c6c04cad-82fb-499b-b346-cc6233466f9d, 675,466,828,Avi
821c06c5-af27-4af3-9c4b-e4ae9aa50820, 641,948,988,Avi
80154d96-2ad4-45c0-9ba5-07a026dfd27a, 88,534,249,Avi
4352758a-d1d8-4c69-8750-4219a8c2b7a8, 365,853,368,Avi
2f19c3bf-0e5f-4990-9fe1-2e9ee2d37dcd, 46,178,696,Avi
cac8475c-8958-47df-9eb7-6f674691da89, 242,402,264,Avi
586624ee-96c6-4f94-ab14-50652a7fa10d, 389,335,444,Avi
d68505d2-83c4-42aa-89e9-58260a3b2eab, 865,236,107,Avi
051e011d-5e25-424b-84b1-49048a009b41, 775,1,437,Avi
68359142-3c0c-4209-aa0e-089b519d46bd, 976,887,308,Avi
638e412b-091a-4b7a-a8eb-6e47219e3767, 419,158,97,Avi
916002ea-6d9a-4bec-a343-0d6f57eab1c0, 119,750,751,Avi
858aadab-8d05-41cb-a9db-1f7513c25ce5, 697,961,546,Avi
8fa87151-a98d-4e61-9c9f-1f41b11b95a3, 575,723,823,Avi
e1ac627a-065f-4406-94cd-04eccda7eaa5, 583,201,293,Avi
b6343a1f-ebe6-4ec3-9fd0-3cb0fd5cc98b, 991,153,658,Avi
9c2fbb24-f267-4317-b2b5-f8eccca49ee3, 410,724,752,Avi
f9fd6003-edb5-4b7e-929e-14a646d520fb, 493,432,198,Avi
e9999552-5e92-4e40-95a3-0065678c6165, 446,809,231,Avi
db891374-6d17-49ed-8463-a858565641ff, 721,865,948,Avi
9e67763e-3b5a-4ced-9e06-5e8673ce786e, 552,111,645,Avi
07a4b54b-b34f-4474-8c1d-5c0c35a5b2bf, 939,945,695,Avi
cd305352-d3dd-434b-89ac-b85ab79e6f62, 272,926,427,Avi
4c2d0be3-925f-46de-9d9d-41cadc249b30, 944,544,440,Avi
c5132283-0d73-4949-9edb-abf092613d3e, 717,813,611,Avi
9fa6b320-1917-40d9-8a91-e64bde89e61f, 619,282,35,Avi
4aab03d0-43ef-44ea-81a3-b0e9c1a7a925, 813,782,846,Avi
e8b048f8-ddfd-47f0-8ee9-93d3bb8636f5, 778,566,163,Avi
608cb1f1-901f-40ea-8b8a-d35e9882b2f0, 555,925,725,Avi
ecb87494-d696-4c98-b1ef-2f9af6e8cffe, 898,671,940,Avi
17106ac0-c88e-4943-81e2-e857fb5984df, 521,974,97,Avi
06f7e83f-9f7e-4bda-98e1-6f802881b838, 596,23,613,Avi
7e0f46a5-781e-47d1-86b9-22c94a672342, 178,643,255,Avi
79923188-dab0-4d13-b3d6-65b5ffb3251b, 596,720,226,Avi
e6b33e7d-1de9-4fa9-9495-66f09f97a663, 231,465,181,Avi
fd609aff-cf44-4881-8336-13d74123d1a7, 312,774,618,Avi
645a9fbc-f6ae-404c-9d6d-491720c15ef0, 585,825,527,Avi
37853ad0-98fa-401b-825c-1dd16c0756c6, 196,907,84,Avi
588bda70-fff8-44f8-80ea-d7a3e983a407, 103,773,543,Avi
d5dc103a-9a80-4d46-baf2-b046398b584c, 482,385,20,Avi
021afa5c-8a2a-42af-8203-0e73c6ffa3eb, 969,372,255,Avi
321c2bb0-4dc6-4c50-b5bf-4d07309ce9e9, 485,423,568,Avi
fee09bf7-eed4-4b50-9c39-5d85c51def55, 344,121,790,Avi
13cd449c-1f77-4495-a08e-5df0ddf7e45b, 997,441,638,Avi
ed441f20-5719-4d65-a590-8a4cbdd4bf93, 779,217,62,Avi
10b2420d-fe2e-48b6-9a3d-d0a585c51735, 620,547,102,Avi
12e557a2-35fe-4dac-9618-685fe759b671, 981,243,151,Avi
2fdee332-46fc-4293-b389-502400c06993, 107,313,845,Avi
cc05ab86-76b9-4abc-82e8-d3595ea1989c, 414,326,67,Avi
d61e101a-a73f-4ac4-8657-55374f9f137c, 13,494,249,Avi
ac50c235-50a3-4ab8-a776-a10f68d934fc, 70,694,258,Avi
1b108606-479c-4108-941b-ec2ce331ebc0, 235,625,349,Avi
4ecdc457-7233-444c-9c33-0037daf987c0, 970,745,42,Avi
b023aa59-2b68-498d-b344-f415514fd0c9, 611,967,654,Avi
7cf118fa-43e0-489b-8b87-4cf08e37b974, 826,587,385,Avi
00dc4a8a-4356-47cb-a0fb-5f7762438178, 887,415,690,Avi
9fe51e82-8737-4014-af5a-41641a9a805f, 22,481,227,Avi
3662e9cb-1d31-40cf-ad2b-45faa7607ee9, 441,500,142,Avi
b5ed283a-88c9-4343-b3e0-e0fb91d4cea7, 868,863,59,Avi
d2e7badd-d550-4fc1-973e-1f3963d0c390, 409,72,98,Avi
80e95cc0-3d11-490e-b36f-091dad326dc8, 502,331,626,Avi
971adb2c-2540-4604-ae0d-41a4d3625355, 542,927,745,Avi
342d456a-960c-4384-bafe-aca5de99e58e, 380,545,590,Avi
e35a668d-3033-4027-95f6-14baaa801b4d, 712,649,800,Avi
4cd6fac3-2c63-4840-bec2-2acbd0ae9e25, 61,370,275,Avi
1dd63e45-13b0-49bb-a33d-15c923219d35, 496,279,725,Avi
bc6be542-fdbe-4149-9cda-a39df6c97914, 460,526,910,Avi
cfeadc35-996b-4e0e-bfc1-020f0c52a9df, 375,990,13,Avi
fd15940a-5b05-4bda-8bd4-5ebd0cd417e4, 22,628,195,Avi
439618d5-5d86-4ab3-9ae6-b61cb9dd077f, 117,366,761,Avi
2325345a-7090-42b2-8d61-8a4fe4d39ad0, 290,562,673,Avi
3648cf51-4dee-4493-8734-cd1efdab8098, 942,110,636,Avi
58a29e20-2ace-44c1-8ab2-c7d19cef96bf, 28,285,659,Avi
c373c886-7b84-4dae-93fa-634f9666beb7, 638,507,868,Avi
3f67e5da-5c31-4e89-b969-123219c41513, 101,309,831,Avi
663b6a55-9626-48fb-92ee-4e5f1e7db4c3, 425,381,131,Avi
b8ca6b83-740e-4e21-89bc-dd332742ff54, 865,372,584,Avi
f48c6bc1-016c-44d5-9877-7ed3df30a1a0, 333,947,545,Avi
6f581872-bcd0-41b0-85bc-8b7d3bb1b953, 187,127,340,Avi
62210296-e5f3-478d-a5a9-f32c3ed4a403, 614,520,300,Avi
836bcd07-7d4b-491d-81c7-add56a2a248b, 551,264,179,Avi
33c6d303-beee-44e0-97a4-c5a2e776cd01, 828,422,88,Avi
9e635d1d-c8a9-459d-aa57-244772675f99, 128,117,260,Avi
6a410160-b38b-4ae5-ac6a-b5b67a3d29ff, 637,468,993,Avi
f8d58021-239b-4676-a6cd-54abfad3b956, 67,821,19,Avi
8ec16b82-29ed-445c-a961-6827a800b62f, 42,275,681,Avi
573a34f7-fce2-48e8-b0e5-976f06eb6405, 180,596,247,Avi
c615e681-caa4-4dc7-a01b-12629ca53fb6, 64,250,992,Avi
ba4af9b3-7bfc-413f-9902-d0d0f2047833, 177,956,613,Avi
e8da737b-10bc-450c-9a64-afc237a1d761, 129,756,981,Avi
9b39c4b9-17dd-45c7-8320-cd37b6643c52, 297,413,764,Avi
664916af-b302-4d77-96ee-a24dd452000d, 359,88,243,Avi
82e5394d-fe92-4064-ad4e-5ac6262e5b67, 689,272,886,Avi
df6c390f-25fc-4040-8fb6-252434b7112c, 744,298,264,Avi
456b54d5-8205-4609-9d45-01c132f168e0, 869,229,903,Avi
e3c5c252-0daa-481e-80e0-6ae3785eb33c, 590,267,127,Avi
6bf3fe91-09c8-4d3e-8e8f-6acc4b8a065e, 526,146,851,Avi
39e03af1-209c-4ea6-97b6-fa830038baa4, 657,434,923,Avi
d2fe5d7b-d59e-4c94-bd4a-ebcd617d59df, 53,487,14,Avi
f5107501-0aee-4f7b-b18e-7b8edbfae700, 186,651,465,Avi
19bf55a1-7298-49e6-9bfc-988e06a5ac71, 473,997,360,Avi
f252c89b-a430-42f7-bada-e1e24ae97c0e, 277,340,55,Avi
f5c4f93e-a31d-468a-92d8-c9fcd0faa148, 229,706,733,Avi
ba5dd893-0e19-4319-adc7-64a37af32a2d, 775,351,4,Avi
2cca8a0a-3105-41ab-b45d-0f31aa2a25c5, 794,435,298,Avi
dad69520-c5ce-4fe9-8676-1759736d2e85, 982,194,22,Avi
d3509eec-298e-4494-af0f-f764e15a73cf, 89,586,690,Avi
c9d9b41b-bce5-4101-8774-9cf8be70ccd1, 487,602,611,Avi
c9288ffa-77fc-4236-a978-2bd8d55c6852, 131,639,978,Avi
2b34164d-bced-497b-a9d6-ad82077c8988, 840,307,600,Avi
16ce5874-3745-4f9e-8a58-45bd396c0731, 230,504,619,Avi
f3dbec68-3a91-4aaa-bb10-8d867330e2f5, 422,271,300,Avi
62de14ae-76ca-459e-850e-c12068880d86, 903,592,887,Avi
0b17148d-c8d9-4e55-ab88-5b3b9dd40575, 848,361,559,Avi
5580b993-339b-4488-a378-23a9cb76d061, 392,750,793,Avi
e27cb2c9-b191-4ad0-8bdd-f445a2630992, 848,861,997,Avi
b6adff34-2210-47da-84ea-1bd0384771fe, 625,70,293,Avi
8381e2c5-257a-49aa-a2fe-ab2400a94327, 990,97,66,Avi
f4c1fa57-7425-4765-9b32-c49b19f23164, 773,984,395,Avi
feb1779d-cdd1-4cfe-9ba6-f5e5723d66fa, 747,147,700,Avi
4819a926-57a6-46c7-9445-3df836bec280, 76,388,400,Avi
4423c690-41df-426c-bd2a-5158699f5871, 134,545,845,Avi
25a7c526-6e6b-4903-ad19-87ddcbd9534d, 383,373,164,Avi
5d6ebc23-79af-4c86-8b44-6d88fb14e440, 997,79,601,Avi
bcc94d3f-63cf-40c1-88c0-72bd8b026b1b, 134,239,225,Avi
a9ca625b-f271-4a83-9cff-9c70d1dba309, 131,96,851,Avi
8b8a3ccd-0117-49c7-b864-4f077c04e57d, 816,282,777,Avi
426b63d7-55a9-4c37-94fa-cf21d9595f8d, 979,215,237,Avi
0ca4a9c7-a6a7-4ec4-8c90-842131e4e511, 307,238,407,Avi
9627a36e-a35c-4d8e-ad31-d0d0604491b0, 554,647,286,Avi
1b637394-f4f8-42e5-8441-2512ad918086, 903,156,446,Avi
cbfd157b-7d07-48df-b09f-5a3e3b13ab75, 187,773,971,Avi
c1d98b14-f188-486a-835f-497e7592076d, 159,259,205,Avi
9334dcca-1bdf-42f8-b43b-f2bfb122ec06, 947,465,488,Avi
8434127f-e9d3-47da-bf61-d3d7e426f12c, 834,626,989,Avi
2db3ac37-abae-40ac-bfc0-698c8a59fb70, 691,857,856,Avi
fa538db9-e8ff-45fe-83a9-776de2934d7c, 839,643,889,Avi
f9fdbb0e-1632-4cd2-982b-11eb4ca71f9e, 543,930,863,Avi
a9f77ac3-4825-4167-8b29-61a128dc24eb, 922,96,173,Avi
a9c6cccb-8b81-477e-a23c-3fd9e257cc5a, 163,825,308,Avi
773f64e5-9c92-4e39-9da2-162dfed44834, 438,827,725,Avi
89d5c6c9-7ecb-44cf-9a10-2f80a1a52c93, 877,95,922,Avi
13cd10d4-17be-4f5a-a4dd-d232160b7177, 156,946,465,Avi
06d2c1ff-c103-44e7-96d5-7a45f8a8fdbf, 253,970,835,Avi
b896b262-9ae9-45e8-b853-6976c4315fda, 647,868,816,Avi
7ba2f153-2ef8-45c2-b1ab-e8be2c8b4559, 289,146,588,Avi
c2892a08-bfc0-4d28-bc8a-65caa200348b, 247,614,380,Avi
a6eed741-e0dd-403b-93b6-913342ff8423, 550,714,5,Avi
7a7cf9c2-1059-49f4-a219-b8a71cb633b7, 395,360,224,Avi
ab0279d4-80a3-4247-a80f-18cbb93266c5, 581,264,678,Avi
421de0cb-ce2a-4045-9054-9fb802eee660, 798,995,432,Avi
3db6a254-9ab0-4b71-bc77-d379def00e18, 895,509,636,Avi
0907ee71-5331-4f0e-b7e8-0a45ac50189c, 762,955,531,Avi
3914ae33-ccc4-47da-97ce-c0f96ef19fc0, 67,536,910,Avi
96815570-c029-48d1-9e89-361206e26777, 392,587,671,Avi
92694579-53fc-4327-967a-dbb45e7b588f, 54,895,63,Avi
c0f11627-616a-4e32-8bc7-6ca00abace25, 48,634,949,Avi
24147840-8c2a-4ccd-8b7e-f8ba98b6b6dc, 584,914,211,Avi
c536ca84-2df8-422e-b4cb-395b600ebf03, 927,887,114,Avi
e112ce83-8a7d-42fa-a2f2-25228ab7e015, 721,482,733,Avi
1a7c23ef-ddba-4c93-a9fa-915935914bc8, 698,573,682,Avi
9394f68c-bf46-4a30-a6c3-0957c173591b, 786,453,974,Avi
84b76aed-06f7-4596-80ed-cd03c767056f, 403,750,359,Avi
38657593-ca5d-4a1d-bd1a-bd5f633610b1, 180,525,189,Avi
e766bfe4-929c-48c1-818a-2d19dfb5ac1d, 58,180,79,Avi
5c2b09fe-aba3-4cbd-97e1-577c71bc61e8, 468,158,128,Avi
116e8715-6938-4f41-8111-2efb9ab38b68, 332,342,464,Avi
41c4bdce-3b2a-4fac-99bc-aa5edea8d36e, 162,533,628,Avi
35ab3ada-7d6c-4542-ba07-21d751dc0421, 727,215,81,Avi
de4ee1d4-8fce-4a1d-9427-2a632098a104, 222,967,620,Avi
4fffb363-4dc8-41ac-9b05-93ede1a3002b, 523,42,474,Avi
93abe6f3-6ab7-401d-bb4d-f748de37191e, 796,368,961,Avi
64a093f7-c250-4e19-8552-edce59377028, 228,604,135,Avi
9d76839d-1be7-4e5e-8200-eaea1fee8e2f, 695,649,145,Avi
01839825-c62a-4888-b6a6-ca397c0ffc86, 702,867,109,Avi
44fc6bb5-d819-4c1b-adfa-8f384c5be307, 761,527,735,Avi
c209a7c4-3753-48d1-b956-44790556ff78, 133,459,729,Avi
653f4e71-ae3f-4e5e-a232-27a233caf3b2, 985,389,141,Avi
4c3ea5f1-45e8-410c-b5a4-51625cb651d4, 270,537,40,Avi
edbc87fe-9aee-43f5-ae9a-29671af87802, 54,59,238,Avi
2fb278f5-173c-4b61-bb03-efa12adf6e6c, 894,182,782,Avi
fb29df63-7ea9-4639-a15b-cf11f193a0d1, 738,656,484,Avi
c393d1ea-0595-4c02-b6e8-a23b0c36ddcb, 713,260,811,Avi
bfbabcfe-4cf1-4591-86dd-bfdb885d01aa, 116,241,553,Avi
a4073231-fc16-4e65-afa1-1b0db0634116, 991,636,691,Avi
5c1c7726-a57b-406d-abd7-682bf46c2b86, 319,458,665,Avi
584ae4b7-167a-41ad-8aba-b5d5e1e30fd4, 520,965,687,Avi
f996891e-8e58-4994-80bd-5d902bf8183f, 345,89,508,Avi
f3560fc5-9b93-418d-bd5b-613af557c7f5, 889,536,651,Avi
10d3c91c-4fc3-4f30-8c5c-cc8a43e83c85, 334,527,830,Avi
20de3d74-6a04-4b2c-950a-4730f57f0624, 921,174,546,Avi
76042421-0729-4597-b340-732a813170a3, 895,800,468,Avi
c654ab45-8a10-4048-8a5b-4735c68e478a, 362,963,211,Avi
031239d9-6d46-47f7-b485-618642d02f29, 623,48,268,Avi
dfc30628-1b2f-4317-b261-5ea516a18872, 922,17,218,Avi
d337afdb-c7f9-4612-8e5b-3da87605fc0e, 177,992,752,Avi
52732397-0a47-47f9-970d-b3b0f395c54a, 449,949,79,Avi
8305eccf-0a76-4368-a819-2d861623fb85, 374,533,92,Avi
bfcf72f0-0585-4691-be91-32b242a3bc18, 550,550,93,Avi
546ba969-4c74-4ac7-a02d-cd0562b2c813, 274,847,121,Avi
d8a1f3ad-ddf4-4641-823c-35bef3531068, 832,380,731,Avi
eaa3ce7d-8392-4568-a58b-11819081738c, 980,193,68,Avi
3e8cbd9b-761f-4638-8261-6d88fe9c573a, 7,97,834,Avi
b4ad8015-0ea5-4e66-82c3-af7bbdd5b604, 224,955,494,Avi
06ebd6c1-c42f-4657-b34a-fef2961fa945, 455,896,918,Avi
3e61a008-4cf7-409e-959d-5d3d8da7ad24, 420,421,73,Avi
bd8e3599-cf32-4386-9735-0ef2bb68b2e0, 291,713,543,Avi
ebac6a48-265d-455b-8433-381b574c9bb6, 897,884,576,Avi
bb502fee-ba23-4e33-91b1-7439365e7397, 752,548,639,Avi
21770a95-8943-4c33-b210-07c7ed0ece0d, 454,346,251,Avi
0c58e52b-aa66-4e7e-975a-16dec5135e64, 375,89,117,Avi
656d16c3-115d-45ed-b773-e9979e99461c, 91,790,666,Avi
d050f342-d474-430c-a423-616a1eb7ab32, 535,940,822,Avi
9f68a121-e713-4533-89e9-9eaf67290494, 151,171,896,Avi
4bb43577-0bde-4474-be02-076f765819e5, 916,226,992,Avi
2a9eed2d-47a5-40dd-be89-bc2c62479591, 583,917,636,Avi
8ade755b-81f3-4bfd-bb6b-77f81036307e, 173,130,129,Avi
e478a719-0be7-429f-bc91-0a72103fe61d, 21,981,134,Avi
651489da-2698-45c1-9951-b04896e6bf73, 576,933,495,Avi
7bf3c1f8-d0c0-431d-b9e4-ac5db4a43790, 155,229,643,Avi
9160ef16-393b-492a-b6d2-04fc2d4affa0, 427,551,750,Avi
0c6c7bd5-46b9-4e49-ab0f-197873f7b9fc, 584,847,867,Avi
b5c4a5c0-a01e-403a-aa25-e5068c50531e, 378,364,107,Avi
b7916fcc-87f1-4294-a666-733fbf24668d, 252,883,480,Avi
6f56923e-28d9-4bca-b29b-766434b79179, 249,141,543,Avi
fd3e3a43-4c2a-4a1d-972c-0ee77e7a56ca, 645,980,659,Avi
bbe6c924-2217-48c5-9a70-266697c31c45, 583,169,629,Avi
d7bbc6eb-885e-4e21-817a-75815af2865f, 4,282,216,Avi
a034d4cd-cfae-4ac1-a381-c372fe4a33f6, 122,355,106,Avi
32c7d946-2510-4cfa-ad3b-2406c7466964, 981,513,855,Avi
ebf16b5e-7dec-40fc-adb4-6b4696573cf1, 172,381,712,Avi
897e2030-1853-47a9-a596-282ad50ff1cd, 180,722,618,Avi
23758c57-37f1-48b4-be3d-a9d2cd7a8ad5, 146,333,377,Avi
0c6f1078-e237-4941-a896-f323dfd28eeb, 126,205,553,Avi
9a3f30ed-8b79-4fed-af5b-5d4d7d864ddc, 530,919,245,Avi
d1c2aaac-abfa-419b-b87f-b6a92a514290, 648,770,841,Avi
cb1ca351-8553-4db4-aba2-10d183fc82d2, 590,929,952,Avi
f1944d41-2fb0-429a-a9e8-9bbdee6f2d18, 835,571,60,Avi
21688ddd-e646-4bf1-a953-0893042647c3, 14,424,270,Avi
ca976c80-8caa-40b6-a331-67d852d116eb, 534,462,493,Avi
efc907dc-19f2-4991-9980-7c0ec6fd407e, 761,396,850,Avi
62d3d415-965b-489f-bc5e-324665194d6c, 250,81,503,Avi
7c427de1-46e9-4f52-9b47-72c6e535cee6, 766,70,417,Avi
5e7cc6a6-3b1d-46ec-be1c-e141ceb68c74, 924,500,647,Avi
2d8b0822-26cf-42fe-84de-7bdb1bfdb88e, 282,457,962,Avi
7532c762-6f19-4784-8cf9-c41d263d2f67, 77,473,362,Avi
554b1c62-2cf0-48f1-8eeb-83afb7c4e94f, 969,473,583,Avi
7821b1a0-8e3c-4a91-9518-98577790d2a9, 263,391,582,Avi
cca1cad1-93bc-4202-8153-f7056be8e46e, 902,336,808,Avi
d7e91a71-3e38-4355-aa35-53e1562e5084, 652,166,299,Avi
2d47d6f7-8e85-4ba7-8744-e71a81914c45, 348,611,869,Avi
400a32a7-a88e-4219-a184-6090fe830f03, 883,364,808,Avi
4ff946fc-3b7d-4193-8ab6-5a1294bc638d, 702,280,838,Avi
e37d51b4-2160-4725-bc58-24be199db4d6, 741,880,701,Avi
6bc63047-e10a-4837-b528-b8ea894b6439, 425,665,430,Avi
ad6df487-b9b4-4fc4-8d9b-2d09a206180d, 305,553,114,Avi
51ac124a-c94b-452e-8a1c-4931f8bdfe14, 96,936,949,Avi
10a8d220-7bcd-42e8-93ce-884264c8b855, 906,563,988,Avi
e9772962-8119-4b53-9b21-1981fb76ae30, 909,498,5,Avi
49edff6d-1876-407b-b4c3-9782f2e956ca, 268,347,744,Avi
45b0242a-48d6-46da-ac53-8732626211d7, 693,115,903,Avi
abba0608-0119-4652-a008-62a77fd2a64c, 119,576,887,Avi
6abd015b-7ced-406f-9f30-e7a4860dd45d, 777,398,94,Avi
46c234f0-94b2-4206-b0d5-a274e758ed66, 155,373,193,Avi
5b2ecc5f-2446-47c0-829d-f0d05491b675, 522,229,591,Avi
f3ee4886-2327-4f86-a4ae-f8e97e4c6cc6, 880,837,725,Avi
4691a9d0-1bf6-4271-a739-10df2bcc94d8, 152,597,781,Avi
607b4eed-3cd0-46bc-8168-aeb17d465c1f, 695,556,228,Avi
e184c2c0-d548-4a44-a529-96b305f42337, 348,441,48,Avi
17f15bd6-d0ce-4679-b5b1-95a3eff9629c, 880,972,864,Avi
ae5d7a0a-a86f-4e04-aad3-e7ccae957f4e, 804,434,932,Avi
09127fa9-3c4c-43f0-abe4-1ea8f8837618, 95,48,766,Avi
fd98d2bc-ce8f-44ed-9495-bfd7d18e16df, 797,306,89,Avi
ec0f739e-1037-4925-8dca-7de39430ec67, 542,527,155,Avi
d1fc247c-53b0-420b-8560-cf253fa20dc3, 21,940,564,Avi
caf3e594-4696-4a28-b3e7-0be601cc75fb, 756,385,335,Avi
1bdb6c54-5b04-44d5-bf7f-9b84d4a53f1e, 397,30,659,Avi
80cd3cc3-4491-4adb-98eb-654ec6cf0539, 278,117,748,Avi
7ef9dfce-8e4a-411e-91d5-f47555b55d74, 961,997,557,Avi
f643b684-4073-46c7-96db-29b05a0491c8, 675,769,136,Avi
bf72d09b-818e-40d2-9e6b-61e4ae894f87, 839,895,424,Avi
478a52fd-f6b7-4eba-b330-65ecbcfd867b, 228,349,938,Avi
fa1abd7f-884e-45fd-a1e3-cc71cf6dcf09, 260,428,181,Avi
d93167bc-63c3-4992-a12c-51fee5e89def, 824,83,532,Avi
a1678b22-0813-42fd-a347-d908587c9db5, 636,608,71,Avi
67ce824b-d49c-43a0-b46b-d8540a28d957, 626,674,614,Avi
08d525b3-a950-4b29-919f-6ebb2c2cb35d, 663,591,56,Avi
c90b1496-123f-41f1-98de-0a67457fc41c, 712,484,943,Avi
85a1fdb4-ec84-4937-b953-b79ce0e72c4a, 205,526,318,Avi
eb0876ab-d39f-4361-a093-af1b067a4c63, 185,132,50,Avi
eb6c02b9-9fd4-4baf-a361-ab571624d701, 210,123,536,Avi
33311d34-fa9d-4c46-8907-86a77eae278e, 952,702,630,Avi
a376d192-8cbe-45b8-a315-22a1b47cd141, 729,791,592,Avi
35b36937-0aaf-4ee6-9d8a-5b5df4372e39, 625,497,956,Avi
fbe22231-3b5e-4d4f-bafd-1f9316607b8f, 155,571,945,Avi
2e9cbf71-52fa-4087-b25a-24c78ac97410, 128,641,507,Avi
8eba99f5-dd26-4105-9939-10b42352661b, 677,336,323,Avi
685f8ea8-fbf9-4084-9a94-7e3175f8b27c, 941,13,178,Avi
208aac48-50ac-4515-ad9b-bfcce3233105, 80,127,411,Avi
6829e809-a8c2-4126-a46c-4cb79120445f, 480,23,822,Avi
0ec0e195-352d-439a-8ba6-5300c61aa82c, 621,76,296,Avi
d2a95ebe-f04b-4cf2-9565-f1d08c75cb2a, 131,615,959,Avi
1a86870f-6044-41b1-a791-353ef57f597c, 994,682,905,Avi
24cdc45b-bae7-4689-b91f-d5d206c541dd, 439,895,882,Avi
adab7e89-0783-4a81-9b05-de78f28405f3, 23,38,95,Avi
05a91209-0b71-4ead-ad34-f5dfffd8295c, 99,558,911,Avi
0c792258-7652-4399-b191-cedcbc8c1936, 997,78,884,Avi
5958ee9b-81e6-496a-abc7-96da5091edb5, 809,506,795,Avi
f64fc7f1-bf6c-42ff-aa59-e73b614b1af0, 725,267,110,Avi
b191a0d4-1160-4f61-b172-204e389a229a, 358,873,575,Avi
0d3b32f9-27bb-4a8b-9709-c7bdd00733c9, 220,250,768,Avi
885f33bf-6212-405e-bedf-21bf1a05b9e3, 768,5,421,Avi
5a9bbe61-1ad5-45ba-b779-0c3848662d55, 660,24,955,Avi
d6e6beea-b629-4c4e-839c-acce1dc58d45, 984,132,957,Avi
9f7f908d-3e8d-453d-b674-0d59fdb3548e, 601,239,439,Avi
0c1b20a8-e1b8-4c88-bd85-d62960ee34c5, 440,918,973,Avi
2274215e-636c-4890-b12f-63af1dac2069, 84,979,568,Avi
063e47cf-21f5-49e2-b3dd-068034b830ef, 499,482,944,Avi
22236042-039c-4875-a71f-788fc020aac6, 937,810,569,Avi
417437b0-af28-4e8b-91f5-2d08c0c8b32d, 499,404,348,Avi
a6ded3b7-ea67-4d87-9511-a578cb9745a1, 849,636,808,Avi
a0ff1b68-1458-4ab0-adac-b167ce0b07ee, 331,220,646,Avi
6def89e3-a558-482f-b061-324d192c7fdc, 114,253,34,Avi
d87f6f68-3dbf-4fd4-8219-800da0eb7d3a, 672,437,534,Avi
f82f741b-6bbb-429e-b599-d73cabbbc047, 954,13,944,Avi
2d04eb44-b14a-4e17-b24a-3aee9a50b9a7, 925,209,267,Avi
882bbc2f-6e0e-4c08-b491-d20025d789ad, 357,286,347,Avi
d7092331-c1d1-4b24-a512-744436d687c2, 135,275,892,Avi
1b9a1e7d-eabd-4334-8af2-3a209b7ca218, 7,719,767,Avi
a7e70472-f607-40f0-a553-8ff6fc024bd8, 823,830,193,Avi
06b3a925-4c87-4d35-a279-90d1bdbbba8d, 851,162,618,Avi
0ba61af9-70da-4948-ac98-a04c7d956ec7, 608,135,495,Avi
baf99cc4-e633-4846-abf0-2f89c15adf22, 150,270,19,Avi
d7791e5f-d932-44ad-8dc9-4fd0148019e5, 792,327,666,Avi
9406babc-af0b-414a-be1f-e1fe39b944e5, 940,411,542,Avi
d05df2dd-5f2c-4adb-947f-5246296fcba0, 34,543,469,Avi
9e827d84-00e6-46a2-870c-1591883946c7, 998,12,602,Avi
80b223e6-48e9-4a5a-a65c-37395c2d1186, 302,143,119,Avi
a489a941-95d7-460f-a590-cf6247db8435, 1,714,362,Avi
4e653445-42db-494a-a35b-4e0a6fd85d18, 914,324,499,Avi
2a0fb552-e6ce-40d1-8fd2-0c5f83831e66, 877,289,422,Avi
1ec3333e-51c9-4f60-b5e9-2c95551739be, 839,819,276,Avi
223c6bb0-0164-4cfd-a985-1ff39166082d, 914,347,876,Avi
7e90459d-504e-4ddb-a59a-e4a5811c40ee, 450,776,937,Avi
fe56ce06-83b2-4c20-a8e1-cebbbe7ccf58, 248,564,957,Avi
90537fe0-f921-4da5-8574-f3e18529874d, 680,194,863,Avi
58d59db8-ce92-4282-93e3-f286b007f349, 350,971,176,Avi
191aff05-d5b6-4262-b31e-ecc8871c6590, 299,823,818,Avi
d996c919-09fe-4e19-bdfd-9ce318b939c2, 590,550,19,Avi
10873f12-20cc-4f05-98e3-72f8b7f029a5, 499,607,419,Avi
c8e5c7fe-54e0-4ffa-84dc-d5fcfd9ff35d, 133,234,945,Avi
2966ce3b-12e4-4437-8005-c222b8cc064f, 519,913,38,Avi
6b176974-d2e4-4065-b8c7-7dec7a742dc3, 244,101,590,Avi
018a4eb2-ff94-4853-8dc6-cf5a01cdc75d, 267,118,197,Avi
3ca26144-dbec-46b4-9685-bdbd93e0ba1b, 591,549,235,Avi
7aaa907d-4139-475a-b7e8-5c4fc7e0b129, 663,54,578,Avi
b10fea4b-9183-4601-94b6-e38783d429fb, 161,320,521,Avi
e343f94a-7733-4f42-8653-cabb7f88c81c, 498,564,351,Avi
1c7132d2-386f-4350-8b8c-9ca8fcce71b4, 324,579,465,Avi
69550975-c781-4324-b9bc-aacaed6cc6f9, 602,250,270,Avi
60434027-939d-4e81-81e1-1c6c6dc4ec4b, 257,415,738,Avi
65ecb2d6-3c8b-412d-982e-d05622c85e23, 457,317,542,Avi
a6678961-9ec6-4118-b170-c11afde24edd, 991,728,649,Avi
44518fcd-338b-4102-a50e-1f731818968e, 920,436,94,Avi
8d9f29b9-ccd3-4845-962c-2c7c6dcfda19, 274,84,854,Avi
c3f0a75f-b15e-4c6b-adc9-39399bb6bd05, 978,706,275,Avi
b9dad534-5d75-4ee5-8a72-1635ef03d52b, 583,925,496,Avi
c6cbc258-df36-4943-b31e-11e99e1099a8, 440,339,288,Avi
1618eb64-eca0-48e4-befb-a5adbabaa965, 897,634,669,Avi
2e551c88-9fd8-4c4e-b034-3ffaeb7fa4f1, 594,196,335,Avi
90a14bbd-2f65-49a8-bc70-8513fb7f5329, 572,641,849,Avi
d5e6fa2e-9737-4edd-8e47-1ca42e9393e4, 320,10,701,Avi
604a0f9d-0c10-489f-906a-2bb40f076509, 458,134,232,Avi
7ede5c68-9774-40ba-b87e-92de74ef567c, 692,671,324,Avi
006d4169-d79b-4510-8366-f020425221c1, 927,239,882,Avi
3ee411f0-61a8-448e-abe4-4cbedcf73d8d, 427,225,481,Avi
4be648b1-57f6-47cc-9c12-44e17c52148b, 496,344,871,Avi
2ea62499-7c5c-4687-a1d4-e7e0b8b1d0d7, 190,19,324,Avi
7e39eb11-0086-4830-aded-a3a1abd20c54, 773,815,77,Avi
436253bb-0c96-42a2-823d-131facfe657b, 450,559,682,Avi
5fb4dca8-afff-42bb-ba3c-9e42887f3c45, 872,397,533,Avi
462312fa-603e-45e9-964d-88b6bdacbc49, 314,348,794,Avi
4980eb08-b98b-4ee7-8503-6fca1eab2f40, 244,952,74,Avi
05e80e2a-6f2d-436c-9a47-c9d6d44c337d, 153,520,572,Avi
34f893d9-c3f2-4cb1-ba3b-3832a9411756, 44,890,254,Avi
5c097587-57a0-4533-9702-b430571e551d, 172,512,100,Avi
eaa92b7e-cdb9-4bb0-beb0-2734b4c66bf9, 405,471,409,Avi
8221476f-d983-4dea-ab1c-d442423f7ca3, 188,99,850,Avi
7cbba1fa-5794-4d76-bf70-addc86e88139, 462,382,622,Avi
6c340f19-f258-4486-bdef-ab6542f83e5e, 526,546,193,Avi
6cdd94a0-3d95-4f95-925c-1667fccd0cda, 625,8,574,Avi
8badeb62-d949-4ee4-8063-d0e1121161c7, 548,819,275,Avi
10b7a05d-5a6a-49ec-9df7-16856250c9d3, 790,613,890,Avi
23f86037-4651-4a52-8b3e-59255ae5001d, 89,184,271,Avi
a3910247-abd0-42b5-9a17-f59112830cb1, 407,344,823,Avi
8e6e9907-ab98-4d35-83e0-fcbf62a4118b, 300,147,128,Avi
0a394345-ba68-4581-b40c-7090f0d84e6a, 70,601,304,Avi
23024110-8463-4c1c-84dc-2210417775c1, 975,46,88,Avi
5875d1a0-5dff-4763-a6e1-a576152ed8ed, 273,684,299,Avi
11d7a4df-ca32-4e04-b8bb-5e05a9d321ae, 682,851,964,Avi
7f42988e-e477-436a-9e28-cc3fe67d2c01, 172,717,407,Avi
0ab4c728-4b7a-4d4b-80d3-76b721a50c80, 879,526,513,Avi
92b6fa65-4ef3-4486-abd8-e225ae168a5e, 996,494,71,Avi
de2a93de-1420-444d-bd57-43c736b0723a, 978,381,897,Avi
0ebfb9cc-4179-457f-b0bf-df97a271033c, 209,316,288,Avi
162de3f7-dcad-49cf-89e7-1cae18a4b2b5, 139,780,753,Avi
7de64f8e-4e5c-4e75-bf98-a8a9c2128847, 27,163,236,Avi
08ed6ebd-d9cf-4082-8da4-e961785deccb, 494,456,943,Avi
