a0ba8d01-5aec-4688-9da7-af34834bbf63, 825,388,268,Yossi
9a146512-1711-49ce-9a0e-3ecbedcc2fe8, 959,396,364,Yossi
cf76c3ba-ef53-4f13-9475-fbeec0544bba, 598,85,222,Yossi
396b358e-0838-425a-bf4e-32b2a3cab172, 122,321,825,Yossi
daf8a951-527e-458f-a714-f552fd837c48, 824,646,472,Yossi
c19599e0-e5cb-40c3-87cd-52415e73f43e, 620,914,334,Yossi
d25ae624-d898-4d7b-9e3d-d4431684dd36, 401,694,112,Yossi
8e074cc0-8d44-44b5-9109-940f3dd19fa0, 562,302,298,Yossi
f725568e-8796-4577-8871-b8b95e765007, 395,91,33,Yossi
c17c7da3-b303-4a63-a52e-3c518446a488, 169,617,361,Yossi
7b6a5d86-a974-41aa-8a3f-bb13100f861f, 866,471,624,Yossi
894e3cfc-e5fe-4116-8906-d9ddd21b330f, 537,151,604,Yossi
34fd59b7-908c-4e59-bd3e-f694e4024256, 935,215,188,Yossi
8a2dcc47-1bf7-4c61-a560-6de06f40dfed, 63,413,960,Yossi
e26ca331-db8b-4558-a6b4-35b4888f3f80, 339,721,179,Yossi
58068131-ba9e-4397-ac4c-34a035609b17, 215,146,729,Yossi
35a909fd-c46a-4d0e-bfcd-cdd4471b023a, 110,365,593,Yossi
b3b7c00a-015e-4cea-ac4c-e621f91848da, 456,867,580,Yossi
704ff233-46cf-4e3b-a69c-98ba4113330c, 430,263,87,Yossi
8ee9b5a0-37e5-401a-ba2f-ba95df9332be, 969,565,305,Yossi
8fc2c892-a751-4699-b8d1-b80201a65acf, 332,430,467,Yossi
18cb9de1-e473-4f54-84fb-bc17372a53c1, 860,254,849,Yossi
bf5ed3a8-b752-44ad-abd1-a23ac85c702a, 202,288,496,Yossi
6e545186-42f9-4957-b146-5d82ea5aebd4, 866,683,700,Yossi
baec2072-799e-4587-be66-8d56bf0896d6, 146,339,282,Yossi
728bcc7d-bf1a-4af9-a61e-c1ee7f55384d, 150,224,580,Yossi
7bd148a9-ecbc-4c1c-9842-2d0939c68444, 119,180,944,Yossi
b8b8d360-0ce2-4781-81b0-a358e6c569b8, 302,59,252,Yossi
ced2dc26-2f6c-40c8-b214-71c91ff9e966, 766,411,603,Yossi
e736f2a9-15f0-467c-bd0b-774fa696f8ae, 45,107,886,Yossi
d457887e-1ed3-4807-a35a-d80f8cd2d8cd, 518,965,649,Yossi
ea069663-1bde-4890-bddb-ccace26e2c05, 882,729,981,Yossi
2aad54e1-2550-4c89-8e50-10586fa6bc00, 494,477,467,Yossi
3369f4e8-0914-43cf-a70b-cfd65603c9d1, 329,14,857,Yossi
421b7e2a-fc25-4ded-83a8-75797ac5296d, 234,242,681,Yossi
5e77e0b5-9822-4abc-b303-b6224c4c7eef, 892,310,528,Yossi
76148bbb-9625-44ac-95a3-f46043ecdd7c, 299,280,40,Yossi
7575e0b5-fb54-4989-9650-0a9627ad828c, 505,850,385,Yossi
1e29dd81-588d-4c4d-80b5-2705d1131a56, 359,30,371,Yossi
935a6e87-da20-4866-825c-432016f2ec3e, 215,95,841,Yossi
0c4394d2-bd2d-49aa-ad16-ba607989bc31, 247,157,181,Yossi
fecf8343-6de3-40cf-8f6d-1bd26e589fbd, 608,349,716,Yossi
15c2e845-8a01-4240-b662-061d16148662, 51,262,608,Yossi
7f227b03-33c9-4e7f-a317-6916c396436f, 299,654,745,Yossi
a09bf8f2-3146-4c81-b34b-3eb5aab12382, 113,789,167,Yossi
fded8e49-3243-4e79-a6c6-efef35f42d8c, 87,69,816,Yossi
f6efc83d-d947-413f-8753-c2ba4eda36d4, 570,872,102,Yossi
c78a6220-da7b-4750-ab26-3296f07f096a, 75,744,825,Yossi
24fec8d8-08e0-425a-9804-ed06cd8197b2, 846,13,116,Yossi
26bb359a-a02a-4be2-86fd-253af9abc6ce, 265,523,700,Yossi
cca0698e-8823-40e0-94e6-86d3c54bc21e, 611,280,383,Yossi
26d532eb-1cea-4e05-a296-7498346b894c, 624,83,855,Yossi
17064f40-50eb-484f-94ab-fb73b8f4ecff, 677,624,892,Yossi
cf0f5d59-755b-4f9c-af06-13f717e14709, 964,842,48,Yossi
3f95ebbb-3ae3-47f6-ac2c-571a345bb693, 918,998,625,Yossi
f00066a1-031d-44c7-95aa-0fc17ccfaa84, 294,393,61,Yossi
29e82f39-f093-40a0-bf59-42ed86809081, 218,273,959,Yossi
767fb663-44b3-45ad-b43a-e9d122166961, 554,644,221,Yossi
b4be4e99-031f-484d-a97c-f97b7d711f86, 740,172,412,Yossi
8a843d1d-9e74-4761-9875-0f717087f3e5, 354,760,336,Yossi
86acd68c-fa94-414f-abfe-d0eef2712c76, 600,784,737,Yossi
c3c8b699-a9fc-4922-9d3d-d8f3611819b1, 907,687,375,Yossi
0df5113d-5941-4637-985a-75a0971efc70, 362,488,707,Yossi
0ff997af-0cfd-4c99-a92e-3f6f820207db, 311,409,444,Yossi
d731342f-c3b5-4123-a842-18b28fa2a254, 922,605,30,Yossi
34d26fc0-d840-4249-be4a-1fa4348fcc26, 54,156,744,Yossi
3d084930-4d33-45da-acaf-671aefc1208e, 201,553,619,Yossi
469571dc-1bdc-49db-8bd6-06b18ece81be, 55,47,251,Yossi
51401947-7de9-4d46-b583-df81b6c0281c, 739,57,634,Yossi
1fc51715-56a7-46b9-994a-d86b1c1659c4, 163,883,910,Yossi
4c824cd2-a393-4839-9972-6411ed855a6c, 443,323,862,Yossi
bffa8fd4-1ac2-41a5-9a3d-149554861b38, 556,364,58,Yossi
0b2ca59e-5ef9-4552-a19d-7f1f07767a48, 309,11,312,Yossi
a7b90bfa-dd4d-442b-a8c2-ed2e7697fdf4, 250,931,903,Yossi
a0f8d19c-c0b9-4965-9a6f-386beff26bf9, 353,906,862,Yossi
a49edaee-f177-45dc-9af9-4f3e2378be90, 516,631,40,Yossi
1760e873-b1ed-430e-a59d-d701d58810a0, 192,686,16,Yossi
ad3ff337-fe0b-4ec7-82bd-21e76c7336b4, 666,153,208,Yossi
690d44c9-5b1c-4365-91ed-d2f00e293931, 716,545,737,Yossi
5347bcfb-d958-4708-8e98-1d345f4a04b2, 486,169,630,Yossi
448b7967-13cc-4801-988d-29185af30f09, 739,200,604,Yossi
b12bdc6e-cced-40c4-b487-664459cd9c32, 796,866,86,Yossi
3cb9799b-21b2-4250-9345-7eff673ad84e, 580,366,241,Yossi
f5b98ea2-c9d3-4c26-8597-14cdd92146d1, 970,743,146,Yossi
317361c2-fcf1-4035-a08d-b2b815328bbf, 432,950,621,Yossi
5bcfaab8-3c71-4e90-aaa2-1b6a899ef06f, 714,701,140,Yossi
fa59712c-2d72-4ff7-8d83-61e1a7d4dc60, 388,223,425,Yossi
56adaeb8-df41-4db7-9ae1-e1ce865a2276, 595,969,197,Yossi
d7c2236f-e1db-44b4-bfcd-4fcbc47d8160, 894,776,171,Yossi
73f386f4-bc3c-402f-94a9-1ab67265211e, 654,839,817,Yossi
6b992e40-9951-4e28-ba77-c8c284e2f347, 319,822,841,Yossi
5ad686ab-e53a-481e-a0b8-009fda1bd7e8, 681,509,731,Yossi
9f54f8e2-730b-4512-b706-84161e70c24c, 300,556,40,Yossi
f23b343c-8b50-4faf-ae3b-d4857e85efa7, 776,935,265,Yossi
fa302f4a-f3f8-469b-9a5c-452d63dd234f, 797,220,942,Yossi
c0dbf5ed-b8da-4049-a967-d1a5b3774aa1, 869,234,202,Yossi
3b78b103-7637-4179-8fa6-e4d5a4a503ba, 586,3,843,Yossi
50d3600c-48e4-41ff-af29-ad9cd9d34f02, 598,99,944,Yossi
366b0c90-565a-4546-a4bc-0a7f431d39e1, 205,145,229,Yossi
38918ac3-71c0-4a86-aac8-90b43ed626e2, 408,900,90,Yossi
f0939bbd-6159-419f-a91c-645a9d9272fc, 914,924,526,Yossi
29852d75-71c8-4afa-aebe-70548b6c8375, 423,651,920,Yossi
b4f127a1-34e2-4e51-ba59-4ea94eb0d291, 303,750,441,Yossi
cc21d53a-55f8-4f35-8765-61ff0feee00d, 888,415,145,Yossi
89f995a8-a400-4fb5-88ce-0457df19cf56, 100,610,287,Yossi
8a097240-a63d-458d-8b16-9d3571ad0fa3, 161,797,750,Yossi
00616b18-f284-481c-b833-0b5ed412045b, 253,26,542,Yossi
0bd0a0d3-c49b-4b54-9c2c-544a64540853, 967,69,837,Yossi
34e1564f-e2bb-4b3b-9eec-b7a04db6478f, 972,720,723,Yossi
f3ceee1d-10e2-4c73-a0dc-b2f12ef186a1, 896,477,365,Yossi
4d7a8751-a7fe-44a8-8293-b73fc7bd71ba, 503,891,655,Yossi
3b3bf8a5-9290-4e49-90c6-dd85feed1156, 948,860,11,Yossi
a73e27f6-8726-4c1b-aa17-c3de7a9aab75, 737,374,567,Yossi
ca57ef94-6991-4c67-ae29-a575a35114a6, 22,566,483,Yossi
c2d82e97-7ef6-4389-b088-1e2a13919a8a, 759,696,586,Yossi
8e117f77-46a6-4bc7-83ff-5c7f706f72bc, 698,498,487,Yossi
54fc0fb2-b0d6-4ce6-a896-8ce0aad3cb6f, 657,44,347,Yossi
f26a961d-ac27-4f2f-8c4f-2063600cc6b6, 477,155,875,Yossi
89e9e4e0-6110-409d-bd94-ff9e23386df3, 547,945,856,Yossi
c515fc11-60a3-4b2f-aff0-2ecca6e7cc01, 688,450,930,Yossi
3ebda17a-652b-40f9-92e9-89a16fa1d1e1, 198,406,274,Yossi
77aa1eed-8a39-4086-8f34-019d7cc55714, 77,385,522,Yossi
3269016c-3ec4-4a24-b96d-51b49bcfd762, 489,150,749,Yossi
e8e4c70e-fee8-43a0-b716-9885a8166288, 277,422,423,Yossi
5aa09520-8b1c-4b1f-b2ae-f490ac315df4, 184,232,458,Yossi
a36ea1d6-761b-4f69-a7c9-9a4b4c7cc369, 60,209,371,Yossi
f9a92d47-3d3e-482e-ba7f-8ec1f1110277, 251,274,222,Yossi
a51c18d8-8e1a-46e1-abbd-22eb0ed88d7e, 236,239,433,Yossi
2a46fe6a-9154-4be1-93c1-c9ac86989b96, 19,26,737,Yossi
774429b3-166a-468c-a71b-72797ddfebde, 778,402,914,Yossi
389f7dcb-5c7d-456a-8262-ea6fc96f1494, 154,50,923,Yossi
e65ad3bc-864e-4e75-98ce-1525facbda72, 635,823,161,Yossi
f2be109f-a6b0-40d6-9107-ef5cda4594a3, 210,683,312,Yossi
9ed8de8c-eae1-47e3-95a9-1b92b6139510, 65,209,348,Yossi
32ad5398-253d-4c83-8589-6024091eb686, 737,381,620,Yossi
9863c8a2-ea4a-492b-acab-48d1d6dd8160, 922,294,921,Yossi
35556146-2e1a-4bd1-9991-0a26ec5e1e3a, 417,487,737,Yossi
41fcaa6c-e9b1-4334-8db2-a9e14e9c01e9, 485,438,176,Yossi
ea7cb5ce-974b-4a31-a69f-37300d1a93a2, 708,960,168,Yossi
72237c94-390b-44c2-9d03-f326570ea0ea, 839,58,360,Yossi
40348004-1bfb-424c-a39f-a83df4c9ae5e, 784,710,747,Yossi
afbbe196-0986-4be4-a3ec-8de26a495903, 833,124,373,Yossi
0ef290e0-e5b2-40c7-a9b8-e7229ddb906b, 499,547,408,Yossi
9c0fd32e-0226-4270-8562-255d9a0d5385, 297,849,524,Yossi
8f9eb677-d643-4c62-b656-8089a368ec62, 60,186,65,Yossi
cf531073-08cb-4803-bb3a-1361ede8bac3, 872,498,856,Yossi
29fa3286-de7d-45c6-b155-62edb0e3b1e5, 811,95,730,Yossi
1c1be503-97cb-4c73-8107-100b7a36ff4e, 814,361,914,Yossi
701ecd66-7a61-4bfc-9043-ed5a3972e90d, 177,667,610,Yossi
7b08730d-d916-4bb5-bb24-85b9090582d1, 747,925,862,Yossi
17cc7c61-7868-4828-b245-3ee5bc8ede74, 992,369,626,Yossi
65ac5f8e-427a-4e33-9ad9-b90bfd9e1c28, 950,279,498,Yossi
a5683c32-3516-4557-8153-2536d9102508, 600,902,258,Yossi
5382c915-4908-4c5b-9498-e525c15fb3b3, 248,424,746,Yossi
a6332ee8-d7b6-41a8-9a45-52cf795b8db3, 514,120,637,Yossi
7392fbab-1b3e-4de1-b73a-0ffec276e560, 214,425,252,Yossi
10b30e49-e626-4d37-b64b-88c6302d5500, 111,834,462,Yossi
97a242a6-f09d-46ab-895e-90f46793f444, 310,29,962,Yossi
157f9c86-ad6e-4196-b9bf-ccb81fc77e43, 628,969,349,Yossi
d01822eb-bdee-400c-85a1-683199132dde, 832,657,455,Yossi
6c4df0db-ecf2-4f49-a8cf-2b25e83acd7c, 761,750,620,Yossi
7366b3d5-9ec7-490b-b8be-d0b5e5789dd6, 544,304,480,Yossi
9eb8aed9-29e2-4a23-8ef0-d0e95f6254e7, 897,108,906,Yossi
4362aa39-7fd3-4c45-9f03-5f984c6d500e, 565,273,594,Yossi
72835cee-1d6d-4205-9376-b263a9cedd5c, 599,564,670,Yossi
043ecb9d-7361-4246-a1fd-4148846c55a3, 983,300,241,Yossi
2401022a-4455-4b1a-ab4f-24a00869d725, 277,962,242,Yossi
1ec90dfa-ed3f-47e0-8487-fa85b4ae1111, 359,636,91,Yossi
7d87ee04-fdd9-4438-b961-bf0b6fc2b35a, 400,683,341,Yossi
d6f84052-5d4e-41c1-ae16-e73726490843, 662,323,309,Yossi
32d42c5e-6879-4914-b6de-45e3cb99f13f, 150,767,246,Yossi
a8662051-6d73-4175-96a1-3fbc39fd2caf, 801,485,672,Yossi
d27dc59f-a50d-487b-8a1d-6aacda64f2d0, 126,969,815,Yossi
86a7ed9f-d819-401e-a9e6-d1ccf0b710dd, 157,315,318,Yossi
d3377194-aacf-4a6d-8613-68818a186ed7, 345,544,562,Yossi
49f60a49-25d9-4929-a727-454dc849134f, 866,709,464,Yossi
6131c8b8-fd6f-46a3-b608-6127b7179858, 292,643,670,Yossi
6211bd23-ca75-4353-8839-802a823fe0a2, 108,555,693,Yossi
c5d70c6f-d35a-406b-965c-98ed74f184ca, 213,403,114,Yossi
a435342b-41ae-4ceb-bab8-7661424979b7, 529,145,620,Yossi
4e902d3e-81fd-425a-93de-367c56bcca1b, 140,235,784,Yossi
c8a2425a-cd0b-4927-93a9-9765316f3bb3, 598,416,505,Yossi
17115f34-e9dc-4143-b5a7-9c5be443ef63, 349,796,79,Yossi
734be261-f971-4f52-aef9-2ea590ba7a03, 997,858,329,Yossi
ce7e71fc-482b-4e1e-ba5d-5d149fa445e6, 425,121,647,Yossi
cce03e0e-5cb6-4d4e-babb-9382c81b2623, 923,15,93,Yossi
de40d84b-5876-4105-861a-61f54bfa8d06, 528,532,972,Yossi
a54f71bf-68a3-4bdd-91de-abbde1db01c6, 876,371,678,Yossi
b7487140-171b-4d79-b653-aae93b4ae1fc, 637,43,212,Yossi
1661b1ce-4f84-43f9-ad51-7a36f0374dea, 551,589,83,Yossi
7633f4ff-4951-4eaf-ba09-bdfa7ad94721, 558,596,824,Yossi
8ce9bd1c-45df-4028-8e1e-e2430baf7168, 195,18,81,Yossi
938d0989-c8f0-4575-bfd0-0732ec8870bc, 532,746,129,Yossi
0635ccc8-6210-4817-957d-861b9abf0391, 58,518,911,Yossi
86fc1bef-8a9f-485d-abe8-e61209f7ec1e, 385,294,784,Yossi
07c0e24e-188f-4785-9b92-43b7b20dff29, 341,681,435,Yossi
f0be5546-14af-473a-bef8-06afb1e94889, 46,289,388,Yossi
cc3a3023-f9e6-4ee4-9d52-3bbaa89d4d05, 22,1,611,Yossi
94c4039a-be0e-4841-98b4-0ec0aa2316b4, 647,263,862,Yossi
20742955-a712-420d-bd2a-dca92dd46136, 106,959,373,Yossi
3d1009b2-ce3e-49bd-93e6-8eaf9154b7e7, 293,796,208,Yossi
a6918405-3678-449c-960b-8c0e27d78564, 995,440,262,Yossi
6318d674-f94d-469a-86d7-85bd8293bb10, 504,231,104,Yossi
6a9654e8-a3ec-47b2-b305-5ff9fbc4a5ca, 567,392,268,Yossi
86868a6d-a19a-4daa-b659-7f07b7c7f52d, 962,471,14,Yossi
3e43c4e6-32d1-4093-afe1-3440f057f8e4, 61,491,78,Yossi
8b62b8f2-72ba-4181-b639-ce44527cc04c, 893,297,361,Yossi
891bf4b9-a818-4e9b-ad4b-c93b7cd19fc8, 776,505,300,Yossi
080ef720-ce0c-49cf-be8c-a8d0d4910beb, 693,536,595,Yossi
18325aa4-2d04-47da-948c-e174985abc12, 213,547,753,Yossi
0702a1d4-7437-4f9f-ae7d-e96566ea01a9, 217,426,785,Yossi
ac3b08ae-405b-4fa2-abcb-5fae4e55d50d, 755,764,720,Yossi
0337477d-db37-4b18-bca6-7cf25cffa54b, 704,389,853,Yossi
76dea0a6-d7e8-4442-8829-acd5c2a55b49, 522,836,451,Yossi
f857068a-6a1e-4990-ae68-062366e2bfdd, 332,478,896,Yossi
c1a42843-28f1-48b1-8f2f-b8b724bc7c8c, 121,59,529,Yossi
919cf2f3-0acf-4479-8388-07d708dfd899, 598,586,770,Yossi
81fd1a92-0831-4aed-9d39-6d93b0aa2d4e, 785,212,663,Yossi
91f053b9-398a-4ef3-b373-921c5edcb418, 13,515,291,Yossi
7d09c523-50cf-4d63-a9ff-719fb346d480, 906,303,902,Yossi
a3059872-1885-436d-9b05-baf13ff37780, 666,291,683,Yossi
a96efa3e-3d26-4163-b6df-f9d938b2954f, 349,351,964,Yossi
c686f91a-1112-417a-92fe-08239c28c6cd, 481,208,706,Yossi
262555c2-8a4f-4ed9-9c34-324165b4c269, 293,356,103,Yossi
a0e9b837-c0d0-4711-a38e-9fce5116d082, 224,371,459,Yossi
0eaf0f03-5ce0-4362-b0e3-9041e5163d80, 909,445,28,Yossi
5b4494c7-b9f7-4351-84d9-371a7d867fa1, 403,572,478,Yossi
1b0d7e1d-5ed6-4964-a5f4-d0b1cc88bdd7, 66,614,959,Yossi
92ef19e3-d329-42e3-b2d5-7789f7f05a8d, 981,430,215,Yossi
5b2b8954-47bd-492d-ba7f-5cf444d1d2b4, 123,742,249,Yossi
725383ac-8f09-4218-8957-7a59402f7a43, 430,796,87,Yossi
99589137-d80e-445d-9a84-bddf47371841, 949,854,545,Yossi
ad30caf3-a936-458a-bfea-55d564fba799, 767,981,127,Yossi
0854a948-49cb-43f0-99e6-4ad538afb2e4, 930,639,849,Yossi
78f09cd8-bdf5-4a0a-91ba-7e7f3464347b, 822,305,231,Yossi
fdf58a7b-59f6-4598-8171-1b367e274d48, 668,562,840,Yossi
fd9c6eaa-51f7-4085-8264-6b27f862980a, 204,103,70,Yossi
40740f5f-c15f-48ae-9625-bdc717026a5b, 263,504,729,Yossi
c7b7e891-ef9e-4420-8297-0600576ead4b, 425,601,675,Yossi
24f102e7-e6de-4c36-85f0-241aa764bfdd, 722,366,919,Yossi
b75c9bae-ded3-4d45-8f1f-f6942703d960, 750,359,464,Yossi
694a39c2-93a0-4720-8e3f-0c60ce3a3c2c, 457,861,559,Yossi
dc06edb1-c054-4515-9062-5f3339f96abd, 17,273,515,Yossi
351584ad-7566-40f5-8fb1-4069221ab4ec, 913,142,463,Yossi
aefbf536-8f5a-429f-ac0b-f0b402e1cc68, 900,471,932,Yossi
76a805cc-e979-4c44-9f54-52cf8c887185, 627,242,309,Yossi
a79445c9-4ed6-40c8-8961-b6e5f75cee7b, 729,314,867,Yossi
2357ae1e-2f5b-46c6-93e2-819a8820aa0f, 373,917,640,Yossi
069cb88a-92ea-4e56-9a2a-9e149c2c186b, 179,167,293,Yossi
24b2d477-7b93-4611-8f9b-1c477accfc1e, 356,525,254,Yossi
83741d58-146c-4166-a82b-0090aa68443c, 868,45,615,Yossi
87bc7d43-f9b6-4189-aa44-fb88ef537cd4, 206,181,280,Yossi
e6a03418-5681-402e-8c55-73231ad47319, 386,365,442,Yossi
4b25184f-8c61-4bb4-919b-4375723baa57, 671,652,290,Yossi
0cdd7188-a676-4676-baeb-1c68151494c3, 325,290,959,Yossi
34144e41-c44e-4f68-99e5-e57b8825df4c, 606,362,33,Yossi
652d86eb-0014-4b77-ba76-a9797155cf25, 795,796,359,Yossi
c20169ea-2b20-4d01-815c-8a8cf603a6df, 367,992,53,Yossi
dae05652-ff06-4038-af18-bc54a73c5703, 53,377,440,Yossi
bfc5e206-0265-489f-bc11-e72f6a038d59, 822,279,695,Yossi
efa57e7d-5940-4fc9-b1d7-ea3360dd8f51, 266,659,746,Yossi
5aea27e3-4f23-4374-981f-8f843bd746d6, 262,45,98,Yossi
3f0d85c4-0345-42bb-96d3-3f7401cda5b3, 846,694,291,Yossi
48928a84-9ea7-4f54-b93a-cc0536f5a973, 652,242,876,Yossi
971f3f2f-e34f-409c-92d5-941b1f44a458, 865,58,661,Yossi
0b04384d-1ecb-4e0e-a166-a4f159cc1871, 577,49,628,Yossi
9ba06f40-89c3-4096-8ffa-da9f2042f409, 680,572,803,Yossi
9ff3e6cf-e79f-4f77-9e38-e6258ed66b97, 260,559,728,Yossi
1000d728-4626-4227-8aee-564dbea22022, 894,502,52,Yossi
3ef1fcd7-c027-4403-a2b4-03b5bcd19cd1, 563,154,803,Yossi
16af70f7-56f5-4a72-a423-17f04475417e, 838,562,87,Yossi
9556347c-a885-4638-aa01-46551c5d1d54, 746,405,991,Yossi
4b4a5b2e-ed0f-454c-97f6-26df5ffcc76e, 542,64,245,Yossi
9ba42a74-1074-4dc8-b1f1-443566fd4724, 861,758,667,Yossi
9edc88fa-fd04-4c1c-81ba-bec30c16246c, 741,144,555,Yossi
9c776355-c14b-4c90-93f7-e041d5ca334b, 482,500,934,Yossi
3a3fc444-1fa2-4e27-a74c-ef4f031d0192, 391,474,328,Yossi
9987cf16-c49d-4b65-a167-e186345e172c, 811,142,705,Yossi
4bc8d0f7-1d55-4e93-842e-50cde43b5d6a, 891,7,100,Yossi
572fc293-9f56-4f5e-95e3-d9bba091c0da, 19,367,542,Yossi
1562cb95-c1b2-4d65-abc1-077eabf668ea, 47,284,540,Yossi
56822d4b-cbb0-4801-a25e-0836f9fd095b, 486,812,678,Yossi
3c4efd71-365c-47e4-b856-ce971ff74ddb, 789,120,652,Yossi
e2c1addd-8635-4f78-8a13-866a05df22e3, 668,36,984,Yossi
4352792d-40b8-437e-86f3-9ed032a56877, 384,817,812,Yossi
d3b4f744-4fa9-4c95-97f8-7ae0c05f7a4e, 136,518,416,Yossi
34631410-1e42-41ed-bccf-83cae518cc7b, 173,412,2,Yossi
869846a5-d95c-4e6d-8cf8-16d04af8e904, 116,172,678,Yossi
f84c69c9-37d3-470e-b294-0fe2709de307, 475,28,421,Yossi
02b67485-b3b4-4bcd-a16b-6acec5ebb9e3, 380,854,399,Yossi
37e558e2-684e-4276-b47b-62daac5d9df9, 892,523,696,Yossi
aeefadab-49ff-45e9-85cc-9de7e32eb04d, 702,815,475,Yossi
df496a75-6b0f-4002-94d1-026fddfb9796, 127,255,330,Yossi
9ffa0492-6350-4bf3-8c41-03a03ec0bff6, 876,691,380,Yossi
0a4df779-54c9-4494-882b-e9b995e12eb0, 283,722,439,Yossi
0fd84c11-f44c-4e3e-9a0e-d7ba9a304fe4, 343,428,324,Yossi
b6ca308a-f0ba-4da8-ac3c-1765d0822ac6, 892,755,487,Yossi
5f459620-2a12-4fae-8702-d6f96526d33c, 682,845,953,Yossi
b7e55e0d-bd1b-4f30-acd4-54eb3565fe6b, 540,929,112,Yossi
188864c6-505a-4a6b-a0c4-9fee0716a66a, 861,11,785,Yossi
2f51e772-3fa1-42bc-944b-b962558dea4b, 258,409,265,Yossi
979a5c79-bb0b-44ab-ae52-8c8b4f080230, 253,775,512,Yossi
06e94cd9-9911-4b87-b91b-c445be44b615, 289,681,2,Yossi
1d039233-a71e-485f-9602-4ba90bb7c863, 337,9,263,Yossi
20f234b8-bd68-43ee-94ef-5b8af77ac364, 87,296,720,Yossi
339291de-a791-463a-9e9f-b208a1f3bbb8, 621,831,449,Yossi
bd458b52-4677-4e43-af1c-c4d06e316dc7, 240,133,599,Yossi
1c84521f-805a-40db-8768-1b6c9aab1869, 97,487,99,Yossi
740213a7-a45e-47a5-bbe9-0a11a04ee65b, 910,210,677,Yossi
dd09410a-26f1-4625-90b9-41be7025aae9, 742,162,884,Yossi
dd4d2e9e-7178-4071-9166-5fe87ecf7afe, 363,265,244,Yossi
77888d5c-b666-444d-873a-0270940339ec, 543,619,283,Yossi
9646f2d3-a41b-4e11-98da-03da2e9aa0db, 116,30,946,Yossi
ba28f721-1369-4abc-b5e0-296d94554849, 926,55,746,Yossi
e49b7cea-32d0-4c40-b0f4-5287fb45b417, 322,555,746,Yossi
2335ee50-2af7-415c-bc4e-3ad8a34326fd, 225,596,549,Yossi
7e5e8e2f-4dfd-4c66-995f-6808a561b7e3, 233,918,98,Yossi
51fcc982-95dc-4b50-8e6f-649cac042514, 662,622,877,Yossi
312e86a2-1b44-4fc0-8e01-6a7f9a8aeea7, 186,161,921,Yossi
7777dc90-a6e5-4010-86cf-9434e51845a7, 166,342,565,Yossi
99019aac-4b47-4cef-a64e-37dea1425156, 833,546,519,Yossi
fa3339fc-d93e-40aa-b96f-4ed54f09deed, 117,972,743,Yossi
0d16c9a1-8f3d-4f4c-afea-619b4d00cf08, 19,542,675,Yossi
32b8077c-c717-42c8-a8ee-9b11982d5387, 437,505,802,Yossi
03239857-1caa-4e12-b205-4f4f14b68719, 502,313,79,Yossi
b10a4ca2-122e-4054-8cdd-a8b6cea7a0a6, 852,774,930,Yossi
472917fa-da39-4178-86b6-cb72cf4b7515, 352,685,613,Yossi
76643719-a05e-482c-ac93-9fe2730c27fa, 128,509,243,Yossi
2b470630-b6b3-4ee4-bb8a-d9aacd6defef, 786,700,641,Yossi
9740a4ec-54e8-46b6-9680-c4ad34338772, 366,357,459,Yossi
5119b539-31f9-4821-bf84-352c2f74d1e7, 361,949,687,Yossi
e1f4f674-a0db-4d70-abce-057efc4de5ff, 381,93,507,Yossi
e0f67378-dc5d-4e61-bfd7-4d5013606035, 227,206,582,Yossi
04bd9f34-d981-4f5c-902f-2f304fd74ee3, 3,206,54,Yossi
56bf0450-f8a3-4a7c-88c8-0607d2bedc75, 873,795,414,Yossi
eed6d25f-0a04-4753-a4c2-5ea4442e069b, 295,160,310,Yossi
9a6dc275-9fde-4970-b436-f6b25667c234, 799,333,385,Yossi
ba493ed4-05fb-497f-b2bc-045afbe259d5, 989,813,655,Yossi
c216bf34-58cf-453f-a538-a2346a60399f, 951,705,38,Yossi
aea12494-5ec6-4854-83a1-6a9279aa35ab, 277,329,273,Yossi
beb40434-b028-42c5-8f26-e0cf19291037, 102,652,185,Yossi
6422295f-52e0-417d-9651-a38825450469, 217,77,554,Yossi
56e4e17e-9df6-4ef5-aa52-93173f940d05, 115,122,220,Yossi
a8cc1dc0-e6d6-49c4-9a14-85891f4f326c, 570,625,569,Yossi
b44f91f3-e7c0-479b-a7e1-8cc2885deffd, 349,349,480,Yossi
f035e219-6c76-4656-be78-feafc92edcb2, 560,254,712,Yossi
571b59e2-18b9-418c-8531-cadb49591333, 828,492,540,Yossi
d95c3daf-9bb5-4b57-97d7-bd6b79dddd4f, 332,565,25,Yossi
1a05f41d-2ef4-4545-b4f6-e10f99675259, 74,370,137,Yossi
97255bac-e083-4468-abe6-2ad472e57ada, 32,429,386,Yossi
51b42393-20a6-48d5-9565-8f6db1512d69, 470,949,876,Yossi
40c53b54-0409-4bb8-95d7-8cef7c27776a, 310,900,553,Yossi
f9cc6053-c386-42f6-858d-0a875af562b4, 867,656,718,Yossi
bba7c3f5-5713-4d2e-84bc-b6228acbede5, 858,181,39,Yossi
f11296a8-dfe7-4fce-9c1e-1fda3d2dbb3b, 90,230,707,Yossi
0405f398-62ec-42d5-9616-f6be99d7be58, 814,641,464,Yossi
546e10ee-666c-41c6-ac1a-9f64231e34f1, 176,392,452,Yossi
e6cb379b-606b-4b51-83ed-80357a76c7ed, 324,448,835,Yossi
9573680b-53d0-4d19-9f57-33133cc8425a, 731,769,87,Yossi
62ceb21b-67b6-4380-b95b-a73cb8d7d37b, 161,143,705,Yossi
a6c18b68-8290-4787-abca-34f16d904167, 418,83,692,Yossi
8dd0ba0a-1945-49b4-bb92-61195b7e6314, 833,100,674,Yossi
955368aa-f525-4fc8-8da5-1ce4ef49ff98, 692,40,448,Yossi
5dbcc31a-74f6-470e-9456-814d5607b2e5, 925,692,597,Yossi
e9e73197-2571-4eeb-8dde-5bb3a9f151fc, 993,968,311,Yossi
f3979da1-afca-468e-afb1-02f9b7bd1c8d, 502,242,336,Yossi
3723eb4c-2535-455f-9bb0-7dacb85300ea, 316,258,728,Yossi
81c5dc06-4933-42ef-a6b7-72344cdeb03f, 671,855,37,Yossi
adb609b6-af84-47a4-8d50-65077959f7a4, 933,147,502,Yossi
8c392b52-e340-4f19-86f9-db94b592f5d8, 41,577,131,Yossi
acd44625-58bd-4a32-ae6b-caf898eb6360, 466,706,513,Yossi
c7c0b764-8d60-47c5-ad23-03ba9f9f9661, 13,441,98,Yossi
b71b7817-4768-4149-8574-4a4dbdc2a503, 346,256,130,Yossi
a10335c7-8967-4d28-9d7c-b38cc77bff69, 33,123,602,Yossi
2c0da14d-4f82-430a-928d-309d582aab8f, 17,249,699,Yossi
90d83905-8684-40ae-b27f-0f71d594cbd1, 854,329,478,Yossi
6186becf-e96f-4efe-9208-b9772e2a49d8, 524,230,527,Yossi
5532e08b-e697-4664-8654-9d76eca7f9a3, 749,843,884,Yossi
ea6b3a81-3181-4b38-92bb-4a13c030f928, 976,745,227,Yossi
5fd19fbd-217d-4934-a8fe-3e63c5882d63, 655,898,951,Yossi
f30b9c3a-162a-48e7-9f78-7878829dd443, 173,652,461,Yossi
2f93e9fc-7519-4a2d-ab1b-355ce7aa666e, 317,459,984,Yossi
84a7d39b-03b1-4f12-864c-8d15dd778a45, 84,980,528,Yossi
8b60ac42-cb64-4ed5-b1ad-74ab95cf7ba1, 214,156,984,Yossi
0d1ada5a-99fd-4bf2-b187-bf8b612ee1fb, 207,284,136,Yossi
3c3c4899-5b5e-4e67-8793-5140333299f3, 127,655,607,Yossi
ce9f8659-d9a5-413f-a712-be0d09a94cfe, 337,79,816,Yossi
34472364-f757-4dcf-aa03-2e637e6f089a, 25,515,348,Yossi
2e8bf064-39c8-44eb-b38b-39566c6797b5, 602,715,861,Yossi
c02c6c63-1f76-43be-9bf7-94124d0ef990, 628,36,694,Yossi
b6f6a0d4-d26a-4dbc-be95-0a30e597110a, 869,690,356,Yossi
f73595e9-da2e-42b3-925c-9a352a4882ff, 177,859,470,Yossi
f18be982-d005-43f3-ba39-cfcbf3d55551, 141,698,788,Yossi
e45c88f5-2e51-410d-874c-6f022ed76976, 713,770,348,Yossi
28bff36a-51bd-4fb4-be43-4301bfb65728, 948,311,74,Yossi
5b75d747-1aad-4d41-821b-c7818970f267, 541,543,560,Yossi
17802f08-0a2d-4943-acc1-dccda293439d, 749,850,91,Yossi
adda345a-7c3d-449c-8064-cbb57e0e0e22, 619,318,820,Yossi
536e7767-58cd-4a57-b07f-0b82aab9afe4, 136,149,138,Yossi
5755b4fb-c987-4551-bc9c-a3bbb2e632ef, 113,713,743,Yossi
db6d6023-f8bd-4239-99df-77b64b9cb83d, 124,455,945,Yossi
908db6e5-580a-47ad-adbe-0744c79f99ec, 832,343,464,Yossi
242a7e80-cacf-4612-85e8-27de5bef9c69, 629,30,424,Yossi
dded7c36-16fc-4679-ab0d-ce000e2a1a11, 664,984,955,Yossi
53aa1ad5-ff19-44d7-8650-06047d8e4825, 817,623,308,Yossi
f915c5ff-ee2c-486c-809e-7492bfe9e3b4, 469,75,205,Yossi
03eb7e11-6ef3-468a-927b-dd9618194c22, 274,62,173,Yossi
9965b1f1-3560-4222-9e70-35f8017682bc, 301,878,184,Yossi
f327bd0c-a886-4089-9c9c-7932d5cc1018, 604,251,373,Yossi
b16b515b-0514-4bdb-8aec-247767738227, 535,42,710,Yossi
19ef491b-9dac-4a3e-b407-50fbc7afc836, 333,28,984,Yossi
6dd5becb-ad9d-40fb-9fc2-012c3c814ca6, 46,590,316,Yossi
eec37d1a-8828-49d8-9a3f-46a79c8c1581, 401,116,966,Yossi
4eeb1317-01d6-4a5c-99cc-26f73cb53b31, 609,911,514,Yossi
724aeef4-42cd-418b-bb50-de8c31bf8341, 137,85,865,Yossi
6c19f3f9-cc74-4eeb-8b72-6a313aeda6bf, 134,800,694,Yossi
386d3da8-6ecf-4f88-927f-3176ec3520f6, 513,665,74,Yossi
9e6b7795-289f-48b7-a3d4-f30d9e264614, 932,837,652,Yossi
ce220465-1c66-46f7-8de8-7726847b60cc, 570,821,576,Yossi
0b792c3b-7dc0-4b36-9e94-f81a163a24ef, 761,229,93,Yossi
c606763b-7540-4f53-90b7-5c85f82aa9d2, 92,94,986,Yossi
bc6fe6fb-94f1-4525-b46e-2ff84443cb3f, 712,332,956,Yossi
0c497eaf-8aa1-4f9b-911d-9c63255106c5, 970,771,34,Yossi
4d0569f7-be9a-4843-8589-f1922bd1ed60, 990,68,957,Yossi
555985b5-39b4-43d5-aa74-15cf76ec014d, 237,664,149,Yossi
87d780f7-031e-43e6-8b05-e92f60336bc7, 657,165,794,Yossi
8e1a8a64-7565-4806-8329-de1cf3aadd17, 318,470,449,Yossi
9dac0d88-4ecb-47dd-840e-5996f7c091f3, 678,23,376,Yossi
cedb6ba2-0b4b-4f08-987d-5d038f0cc14e, 636,400,189,Yossi
3677142c-2740-470f-93f2-75889663a278, 332,474,767,Yossi
6398c550-0ff9-4479-8b55-bff1e51cda8a, 738,638,886,Yossi
647a451e-e155-47ed-91fd-16c1b810d112, 873,517,818,Yossi
c1dac4ac-1848-4e41-9571-084d89aacc96, 526,423,751,Yossi
02d14af9-4f9a-4d2b-b0bb-9a4adb489744, 907,163,29,Yossi
0b29c6c6-e240-426c-b544-a0f2bdba25fa, 660,521,597,Yossi
b5a7bfb2-9e0e-45b0-a61b-fa74215973e4, 116,695,174,Yossi
21bfc3d8-1d0b-4711-a502-1afbcc8b1d09, 504,911,656,Yossi
77fa296b-41e8-4747-a0cc-7a7b33420858, 781,444,757,Yossi
06924d30-2b95-4311-a7fb-199797cdf041, 642,413,71,Yossi
a232ab80-4172-4ae8-9dc1-ba2f5dd985e4, 611,76,931,Yossi
1d2afabd-d903-4f79-9a83-c5a11a930a84, 767,638,298,Yossi
9953b229-c717-4a1a-af50-e926ae8b08b9, 265,253,428,Yossi
12922f24-8b40-4100-b9bc-cf771d5eeabd, 71,362,148,Yossi
607274d6-eded-4765-abc5-3c8385c04c9b, 329,132,741,Yossi
385d0106-a853-4e04-add5-5ab8db5d50c3, 43,409,308,Yossi
0f44adf6-dcc1-49d7-8d28-4c978304ab62, 421,18,501,Yossi
e53ff645-b8af-4c5a-8be4-c901fa2cdc4f, 777,521,703,Yossi
e103ebab-dadd-4762-8728-c38881eaa397, 16,827,561,Yossi
8773180f-b6b0-42bc-90ca-e024d4b14b62, 112,956,195,Yossi
850979ca-b235-4346-a431-d3b62a631e34, 130,232,104,Yossi
b95fd8e8-8c58-44d8-a466-24ddb974bc3c, 747,913,348,Yossi
c0dda5c4-bb00-4335-b58c-f40f5ecdaf23, 818,140,524,Yossi
8cd17fa1-012a-462d-b799-c7ba5bb6a79e, 730,396,269,Yossi
5688265f-ab64-4e3d-b6dc-16a306fb67c9, 169,46,333,Yossi
c3cff053-93de-4c1b-9443-f5ca859a6cf1, 26,175,780,Yossi
6ed1286b-05d2-48d4-ae8c-242e2210cf41, 914,738,35,Yossi
57c3db0e-48b8-45f4-a403-6d864a8f700d, 449,222,396,Yossi
a2481e29-f58d-4242-86ab-2f4951a173ef, 569,833,554,Yossi
30b60d25-9abf-4227-a25e-5288525acc11, 228,752,810,Yossi
4babc0b9-7bf1-4b04-8e91-29c9a91e31e3, 735,154,295,Yossi
04f20dfc-6ec6-475c-bf4b-7bd12f45bf71, 234,940,131,Yossi
5f705d4b-1e64-47ed-b831-e071e8d22192, 44,580,218,Yossi
c1e42e99-1d7a-47a8-9d12-17e059e6152d, 394,223,269,Yossi
977c890b-aaab-483a-8a26-712ff10f92bd, 783,689,621,Yossi
084c7fe4-e99a-4075-87ed-4ba62f7f4c3c, 233,608,476,Yossi
39e0c3e2-36ec-4421-9142-c0487ab3d9c2, 371,988,652,Yossi
883bb394-9937-47fa-ba3a-ae3e10860187, 780,197,219,Yossi
a974c07a-3d1d-4f8f-82d2-cf5363fcc7d0, 160,679,10,Yossi
4d164323-3851-4ac0-85f8-1d21076edcf3, 707,179,80,Yossi
4f188f41-69cd-4ec3-b729-de6241b0c09f, 792,590,387,Yossi
39527e63-662d-49e8-8a6d-83dabda873c1, 713,993,243,Yossi
170ece22-5ee6-4f25-b0a3-075773c3ed3c, 972,934,104,Yossi
6144f1b5-e699-4509-9738-1857ba93ebfc, 202,981,594,Yossi
65f6b149-367b-4ec5-9f9b-3a46aa77d147, 563,520,515,Yossi
47095724-4f49-43d9-b7d3-465b58b29db8, 764,665,531,Yossi
4592c91f-409e-4317-b40b-f5b23fc0175e, 773,336,225,Yossi
a160db4e-cf36-4074-8130-12450b07c04c, 78,856,762,Yossi
e24c2a6c-7bce-4ee0-959c-05b3e4e968f4, 158,954,955,Yossi
3b6fc023-b925-438e-a34f-2e34e1253525, 76,75,261,Yossi
4df95bb8-be7c-4f7c-bf9a-a3c83e99c4ee, 121,335,402,Yossi
bfc55bfb-237a-450f-a2f5-723b916e3939, 138,600,631,Yossi
a47a0963-27eb-4eca-88f5-88def9311037, 880,71,694,Yossi
48e300d2-8c09-4480-ac4f-b82786af8e94, 379,259,673,Yossi
7b3da93f-a388-4f2d-9dac-18b56da40fb6, 372,169,8,Yossi
d6eb70dc-0e7a-4fd5-9fb9-622d23fae68d, 59,218,675,Yossi
7ae6e3c7-0f81-4a09-ba00-2dfd4e2e33da, 702,394,14,Yossi
92f20807-94e0-4d0c-a704-f18a9a6b31ac, 478,932,841,Yossi
f4f2aa39-46f4-45b7-83f2-32ad8d3533c8, 854,714,733,Yossi
8d82114a-2c14-40d1-94b2-425164e78d0b, 624,555,40,Yossi
9e81f973-b183-4148-a92c-c57ad3e200f4, 286,897,859,Yossi
719dfeb6-9954-498f-bbe5-af9792e6679d, 841,82,646,Yossi
ab93f291-8cc8-42f8-bdf6-34bafb1dbe3b, 192,425,919,Yossi
5953996b-23e5-4fc3-ad20-9444371b6acb, 882,882,595,Yossi
ac0bf209-7484-4aa1-b8fd-8746baae8304, 836,395,78,Yossi
bf7a75f0-c8e9-4621-ac00-d1145a3096bc, 551,705,688,Yossi
04e2cfc7-5e11-43df-bedf-9d7dd062849c, 754,100,736,Yossi
d9438107-d7bd-4365-9726-131aa81f67b7, 281,372,679,Yossi
b48a0fb9-dfd1-43ca-98dd-dd7521867e91, 247,642,401,Yossi
d9b976b3-7b67-44cb-90f3-058f9348ecca, 560,283,884,Yossi
892e01ee-dfa4-47b7-88c7-98f29559de16, 897,257,514,Yossi
70f379fb-21e5-4667-b1cd-a8c0330d4455, 654,94,361,Yossi
1d4409b2-c6e0-4729-8ba4-cae1891fb507, 812,529,87,Yossi
27b91ed9-f0f6-460f-8086-f8ca8ce551ca, 361,865,791,Yossi
9d01099d-10a4-45cc-a1b3-ddf38bb46ddd, 754,819,510,Yossi
f765ee07-3701-4ea4-b784-a70a277b0be0, 418,640,538,Yossi
4b65fbb1-9298-4945-8fad-d087ef8be07b, 764,303,10,Yossi
fe9e99c5-d6dc-43f6-8700-c26c14151687, 46,869,456,Yossi
60f46544-4074-46cf-9b67-2bb2423b78b2, 303,5,525,Yossi
641b4029-ce26-4ddc-a3e3-4dbe099ae6fe, 181,594,439,Yossi
2cf263cc-d172-4514-841f-91b250c87828, 245,631,143,Yossi
4ba6b590-fc0d-47e3-8ffb-3a5ecb012e82, 36,984,626,Yossi
f5850b82-45b8-4085-8241-e6daa7771c00, 81,182,302,Yossi
f05e48a9-0a61-4ff2-a857-ddbb6273cb3b, 715,737,176,Yossi
57edec0c-7981-488c-805b-781ef7ee0120, 601,394,233,Yossi
fc2f0f15-87f8-409b-af1c-f128ab815a3b, 944,525,552,Yossi
634065c1-1246-48c3-bd9f-1a127fb30542, 169,828,2,Yossi
419a94e3-0968-4dbb-9500-0eef9afa06b0, 862,794,978,Yossi
d3fd4e0b-4099-436b-9ac4-b19cd7b6d2df, 874,851,386,Yossi
123cdf22-b070-45c2-9ee1-09cc1a7cb4f5, 59,352,89,Yossi
e424d3e0-ca54-4ae5-9126-d25a32e880cf, 835,632,934,Yossi
eb9379a7-fc83-48ab-acaa-a88a804e579e, 647,116,235,Yossi
c6050483-44a0-4aa9-80c2-bd6cd1576f27, 648,719,834,Yossi
3e992795-ef56-4489-88ff-ae7ac3888696, 883,338,459,Yossi
70667c73-d553-486f-8565-06a0658c9a63, 236,49,565,Yossi
827121d9-fdd8-4642-853c-eaf2ff7f73c4, 833,444,475,Yossi
bf87d775-aef4-478c-b8b5-648249cca66d, 223,358,478,Yossi
969cdd27-87a0-4224-86d8-31015adce258, 971,12,765,Yossi
1edd4e21-52f8-4c34-b9cf-656b44b19b31, 437,382,835,Yossi
ffe142ea-33a3-4b94-9b24-516e2cfc1573, 164,160,133,Yossi
3cacc560-4a1c-49fb-8a4c-c914a60b9463, 240,22,829,Yossi
4faf3919-9a20-48b7-8c3f-0893d9e8f8ca, 214,879,105,Yossi
657959eb-90c4-4be3-9fee-62c0b3e36e72, 241,952,279,Yossi
f010f9c8-b56d-4bc3-8bf1-db13f7386c27, 997,296,805,Yossi
7fd29592-367f-470b-8860-3d95a84265ec, 716,285,490,Yossi
d5d2f477-9d0b-4351-a595-2177979861c1, 542,626,745,Yossi
21420997-5dcd-48b8-aa17-cae5ee3f144a, 413,42,408,Yossi
03342e06-305c-4b14-a6ab-d534ae22221a, 909,835,993,Yossi
a2c59976-28cc-42f0-a009-44bee5ad2721, 609,862,621,Yossi
611b0641-b593-4546-ac35-3cc1a6d3d9c1, 169,211,733,Yossi
911cb428-63b0-499f-bf77-6bd171862620, 398,484,559,Yossi
35bda3fb-12da-4f49-badb-e74befcc21e2, 702,643,316,Yossi
b698a8de-a17a-47c7-aa1c-9c31e9ec80b6, 629,23,169,Yossi
04407d29-4d7d-4115-bc89-a1581d46043d, 460,593,491,Yossi
72644cac-69f0-405e-98e5-02304d284825, 197,225,62,Yossi
1563e9c5-30d3-4049-90b4-18313b9c6ccd, 672,255,725,Yossi
3a36f7f2-711f-4049-88ae-af5402ebaaa9, 275,894,754,Yossi
b11ef172-25a3-4e9f-99f1-380089cc9e6c, 91,750,119,Yossi
a0082e8f-26b7-457b-9897-0906dc256baf, 723,329,186,Yossi
390c45ee-ed7b-4938-8e20-9aa9e4ab7fdc, 835,603,17,Yossi
9518e49a-b47c-4e9a-bf85-d866058e7c19, 483,72,741,Yossi
43ecfa08-486f-4991-a511-1dbcb5e62c9f, 544,599,811,Yossi
9db34d14-25be-49f9-864a-1345a2ff053b, 246,15,641,Yossi
f7efb307-afa6-4d91-a108-610e5fb26738, 174,912,604,Yossi
5e7e7d29-83dc-41cc-a3f7-f49fddeb3e10, 577,951,447,Yossi
b231dbc8-57b0-4efa-8bef-299fc58c6b8a, 915,713,610,Yossi
9285e870-9734-4f07-8d99-640fdae22d71, 932,935,607,Yossi
7ae6ba51-15f1-4540-8418-43d6ea694385, 895,892,315,Yossi
23410847-ca26-4890-ba59-bbe85f043471, 977,308,733,Yossi
040f13c6-24bc-43d3-ab38-429e8d5bf367, 441,977,314,Yossi
e08e686a-ce86-4e21-813d-e66e7bf04561, 131,793,418,Yossi
da29fc20-4bd1-4abc-9c39-854f91340757, 153,976,522,Yossi
780dbe3d-7e16-4432-ae3f-6b3fe068d5f4, 748,651,624,Yossi
085a6a6b-46da-4c18-b1eb-5c7cfe544322, 249,427,241,Yossi
a449d8c6-a189-4835-b9bd-355e25c055dc, 84,102,981,Yossi
5f536efc-c3ec-448c-ba9f-03a0d42b8365, 150,512,797,Yossi
90b5d489-0620-4ed2-b1c4-3d2f6ff6cd8f, 670,806,615,Yossi
a7435f67-e5cd-461c-97f1-369a43628459, 574,901,667,Yossi
72299963-0f12-4da2-a997-4b393e09123c, 409,586,178,Yossi
cb444f83-29f8-418f-8e65-9f1e176d433b, 427,566,292,Yossi
266eb179-2aa2-4f60-a9b9-9a4af1e7d2a3, 78,804,37,Yossi
7216487b-5d05-4e65-a358-61c88d1e9b2e, 328,44,120,Yossi
3a007abe-5fe3-4ee5-ab24-59bc7a6eb1ca, 186,425,973,Yossi
aa64bf89-30d3-4341-9a97-1ce428d00650, 924,168,62,Yossi
1a96c119-ce09-4869-ad8e-148384dae1d4, 985,683,509,Yossi
1c5a24fa-3fe6-4d4b-b9fe-768417464880, 367,811,791,Yossi
6417180e-c6a9-4281-a243-65a934d64482, 333,828,794,Yossi
ed04cefc-d56f-45b5-8ae6-e2914aa92729, 934,769,171,Yossi
5165a144-51da-4947-9552-e70fd9b9fe83, 697,555,890,Yossi
4bc4284f-3b08-4733-8cb8-2bf700e762ed, 750,743,390,Yossi
ad64cef0-5884-4e3a-9fc2-0a6c099dda2e, 344,322,86,Yossi
d0b79437-3262-4e0b-ab09-393580ccf8fe, 333,171,622,Yossi
5b66b69b-e3bc-46cd-a94a-1e878fc2c13f, 204,755,58,Yossi
cac3daa6-b368-4f69-9e38-b62bfce9fcab, 862,962,88,Yossi
9cb9ed0b-fadb-4148-8899-b6d33254c949, 822,745,639,Yossi
f48006d1-9a8f-42a7-87a5-e9ae1d690746, 554,588,219,Yossi
8bf050d4-a4e8-4141-b3d3-7425b23ad31a, 159,42,774,Yossi
404de54f-229d-4ea8-9fa7-31bd5ab60a81, 386,94,737,Yossi
e5c47e91-c3a8-4b48-aece-c2996b016b3c, 497,143,35,Yossi
e0ee8042-0bef-4b4a-bd12-c7f97170d7d9, 864,629,487,Yossi
d0b6963b-b4e6-4eae-9391-739c18971ec6, 228,435,680,Yossi
7ffbdfd5-1492-4448-922a-5ed25fd2b384, 584,580,844,Yossi
5e8062dd-b6af-40c9-87fd-dc7516b40c63, 974,652,512,Yossi
dae4b9eb-d666-431c-a1b0-5c6ac9f0acfa, 885,163,57,Yossi
511c0581-9eaf-41dd-ac4b-807256888071, 733,470,864,Yossi
7353cf59-fc70-46d1-99cc-9e6c3be0c9b7, 706,113,24,Yossi
123b7335-8494-4480-b7b4-7bac201b7713, 530,143,965,Yossi
4b03ef12-47f3-4d8f-9fe6-741de6008877, 671,592,701,Yossi
7a12df2a-65c2-4505-bbff-60afbda961ec, 615,957,228,Yossi
328efeda-da86-42e1-a951-e724481d6c8b, 348,834,29,Yossi
34fc1d44-13bb-4e00-8d84-8b1e0fa39698, 587,338,126,Yossi
6b242635-ccb7-456a-8555-2959befbd2c7, 570,634,528,Yossi
4f33c554-5911-429d-a8db-bc023441fab2, 406,239,165,Yossi
adbb4c19-25dd-4d9f-b78a-90d54a40dc3c, 793,579,934,Yossi
2c698aab-9c81-4d41-a82f-0168777910a5, 706,272,878,Yossi
637da513-92b1-45c0-ac07-449afb592440, 718,651,623,Yossi
4e7b9233-1273-446d-a583-a8135bf4b1ff, 871,789,31,Yossi
4258850d-775d-42fa-b470-7d55f4264325, 11,335,486,Yossi
dc363175-7be1-450a-b743-1700ae09341e, 521,556,842,Yossi
e94df182-4aab-40b3-8ef6-4ccd9e92b030, 978,967,622,Yossi
4c9960d1-d510-4c78-8161-6138ee3b5ff7, 616,626,817,Yossi
332502ba-c046-4acc-81ef-5a3fe8130043, 483,298,823,Yossi
5abb6516-bf97-4688-be1a-eb9432631666, 929,164,834,Yossi
ec71a800-b795-40d1-a224-02b8a68475f4, 336,300,872,Yossi
ee5f7d6e-95fd-4dbe-8110-81edec67711d, 858,735,563,Yossi
031e1647-cc6a-4be7-8329-06241c0f7908, 31,964,320,Yossi
0a170827-337c-4423-b9c7-98f23a762d22, 822,895,306,Yossi
2ffe1012-b631-40a9-8101-24731b7c9c35, 604,475,46,Yossi
bb1f1bbb-b10c-430b-9d18-aaccb0efc0d4, 997,576,4,Yossi
9c119952-7a5a-4394-b00e-70002429772d, 638,49,78,Yossi
1c532772-d5f0-484b-9381-41d23aae656c, 685,427,270,Yossi
6b605387-2792-4ac7-a5b2-670488431c80, 542,178,951,Yossi
a1ce677a-620f-4f32-9029-1bfae460d41d, 118,223,972,Yossi
f6e4c615-fa50-4980-8aa2-04d2772b209b, 55,787,488,Yossi
12fc60b8-a895-41a9-ad2c-7ecb13a932ab, 787,536,490,Yossi
450f67f2-c777-423b-bb12-70eeb816a2e7, 157,152,598,Yossi
b243fffb-2b2e-49aa-b611-7ec9355da27c, 921,490,590,Yossi
f1224dd1-e754-4194-9fa5-a6822203cd8e, 522,157,72,Yossi
fd1c948d-d789-417d-be40-6e16ded4343e, 316,13,152,Yossi
6ab7c17a-d841-4b4f-9e3a-2e1dd60edc40, 771,485,721,Yossi
7caa5eee-0442-4103-9127-4644359e68cb, 819,291,115,Yossi
61bc8067-c8c3-4c9d-9644-3de9036477d2, 756,650,871,Yossi
6b95c2bd-a7cb-4abb-a45e-8e1ea8c2bdf4, 602,317,558,Yossi
3de20f59-7447-4f60-890e-a3b2de9ada2d, 611,911,741,Yossi
5a60ee6d-d17a-4364-9d60-ebccaad639a4, 346,768,109,Yossi
e42097fd-3d47-4b20-8018-ebbd7802b881, 817,815,938,Yossi
e6990574-37c7-4ba8-87b4-56662dace134, 554,840,425,Yossi
2dc8939c-1a0a-4640-b254-a0b211b495ed, 405,715,557,Yossi
d20314d9-7116-41a0-a092-089ab0b12c55, 487,163,271,Yossi
aec86e23-1dec-4c93-a591-51bffd425374, 199,226,165,Yossi
69053aac-a5b7-4052-a064-e5c81d9dea84, 800,345,737,Yossi
cba9585f-7ed2-486b-8d6a-626babab0881, 252,234,496,Yossi
9a68834a-55f4-418f-b27d-3f86d326b033, 373,32,885,Yossi
a6ce5ee8-9e53-4e8d-adfa-5836fbd7242d, 617,554,834,Yossi
0a0d72ee-045b-40f9-bae4-d9420c52dac8, 40,311,578,Yossi
04487c40-a209-493e-af76-2923fb5e1f07, 848,176,388,Yossi
2e26034f-44fa-4aaf-a8ea-3d14d37ceef4, 962,497,197,Yossi
bc746fcf-0992-43f3-ac33-5ef8cdcdaed2, 212,218,643,Yossi
d772cdf0-63b3-4481-9e43-b5ff141aac97, 296,414,575,Yossi
6f7d9d7f-5d02-40d6-b371-715308331466, 557,270,487,Yossi
c88a7d84-2db1-4b89-9159-5d467aca147c, 601,404,91,Yossi
ed30ca09-17df-4979-b078-9827d134ceee, 394,810,566,Yossi
6acf93f4-3122-454d-89b4-154b61daa920, 5,95,534,Yossi
5e1c1699-9497-4c9b-9b7a-e135c10cf0df, 611,445,784,Yossi
c32a984d-a9f9-4c87-b541-5a3343a35157, 54,936,287,Yossi
e6bd4590-7ef2-4b34-ab3a-e69dcbd458af, 589,366,405,Yossi
63ded8af-56ca-47ba-81d2-c7098baa617e, 978,638,985,Yossi
7ad240bd-6b80-4565-8806-d5f1b50d82b2, 882,235,727,Yossi
16fbad57-14f5-46f9-93fc-f1144017d66e, 967,588,128,Yossi
27c55593-e513-460b-9a83-c106a4538a6d, 94,954,819,Yossi
b8420c59-7063-4b24-a238-2317e887c914, 920,815,760,Yossi
0edf1056-f70f-4ea9-a370-ee207f8c8a4a, 398,16,150,Yossi
0846d967-5fe1-4050-baf2-de2b4c320d6c, 744,644,499,Yossi
8cbea80d-7273-4a85-a259-179fa3884508, 12,843,82,Yossi
00e80ef3-81b2-4cf1-bace-820169027154, 852,352,53,Yossi
9ac65f77-3e6d-46b8-9385-70300526a617, 412,159,280,Yossi
1d45eba5-fa9f-4066-b245-4cf0207083a7, 357,706,48,Yossi
0756acb4-0813-4dcd-af5e-58c5ecc968a9, 170,577,631,Yossi
3dd4b57a-4740-4194-9517-d2686b35ad49, 500,718,170,Yossi
a5ce4df1-d93c-4718-b91b-6e0202c079d7, 362,426,223,Yossi
757b2c6d-196e-4b2d-9d17-a6e6596c4666, 438,909,139,Yossi
e2812970-8e29-4658-98a7-57d088f5a0c1, 714,689,629,Yossi
f358d7d8-4f25-4582-afcd-38b09a50cd45, 24,654,920,Yossi
2ab059fd-aa8b-41fd-8f31-9a39954c4608, 137,844,721,Yossi
01504b56-1b5f-44c4-9938-71132df8e968, 904,966,793,Yossi
be90b248-e9a6-4ef7-b01c-d9b711433978, 904,30,881,Yossi
bb1155b4-d125-48f4-8f52-029ce071c74d, 675,555,429,Yossi
3766dee8-4a53-4014-a1ae-eff8a0d3cd33, 847,736,249,Yossi
4c580a6a-756b-40f8-9641-4db0c6fdc540, 771,750,238,Yossi
deb115e6-0f23-4d5d-a7aa-80e97cfff4c3, 129,896,297,Yossi
e95dcca9-199e-444c-955c-2acd1ec00fa2, 979,382,219,Yossi
d727a022-19c7-4334-94f1-ae986bd55e0e, 276,572,932,Yossi
b5b0cb87-0888-4892-9223-397d416ab499, 941,139,661,Yossi
703b3eb3-29a0-41ff-a97e-caa3532212d0, 422,388,503,Yossi
b0d00eba-2b20-442b-a9e7-11d2afd555ca, 359,220,860,Yossi
85c3c304-85c7-4176-9d40-8acb21038572, 326,264,610,Yossi
9d3965d9-c560-44f3-aee6-4cce82d5af3c, 837,595,688,Yossi
0d8ef279-1f0a-4472-a1af-51c8c767f4af, 287,685,869,Yossi
df541723-2608-4f51-aaad-b33a817a46b4, 793,590,173,Yossi
e10e85e1-8de7-40c4-b83b-059ce8c1e6f7, 889,942,938,Yossi
5fc76168-a8fd-4004-8fb4-77009947dfcd, 392,894,757,Yossi
9d13dfa6-9564-4937-bc08-6840590b9734, 623,156,462,Yossi
f31829b7-03be-41eb-af3c-dd74215d7e37, 502,628,394,Yossi
45a6396f-e733-4875-8f9f-9065d258ebe9, 859,961,889,Yossi
066c5105-b15f-4ff2-b8d9-33e6ed3d5713, 220,253,168,Yossi
90698c2c-e682-483c-9f6c-ccbb81a61baf, 924,489,517,Yossi
a4448133-8cc4-48f0-b962-01b7f0f04594, 387,445,486,Yossi
83587351-a95c-4572-be77-eed568b82017, 627,291,302,Yossi
56c41d4a-b056-4ede-b7cb-5f21f1d55d54, 608,693,695,Yossi
ed882b1d-3290-4c08-9088-b30137f695bb, 348,482,980,Yossi
7ca1250e-a59a-465d-a65a-9cf0da026764, 760,53,196,Yossi
8aaddee5-f1e3-4470-9911-cfd32033b7bd, 722,31,493,Yossi
03729869-f1d3-4752-9a80-8c0e2103ef91, 745,734,64,Yossi
3e46281c-3be1-4955-bc78-d6a0e778ab0e, 398,823,634,Yossi
81cdc848-5436-4d36-b60f-4687cc40da37, 216,976,632,Yossi
4b3af5c3-6fc8-40bc-9d74-222b50d756f6, 797,67,433,Yossi
07239b36-ebbf-45d1-94ac-fb99c146d3f8, 702,867,102,Yossi
2dfb83f4-9b6c-4a5a-a59e-127bf2ed39e6, 655,502,497,Yossi
dc47a521-9ef0-45fe-be0f-a852ac77c837, 452,764,603,Yossi
eb54130c-5345-4021-8bd5-b86b0f8c4fc1, 455,16,462,Yossi
f7baabfb-0b94-4145-8f5e-f58eb7a9a44f, 766,155,147,Yossi
584f4e30-d3c2-4d76-8d5f-6cd52576f40b, 413,100,909,Yossi
81c154f4-4188-4bd0-8264-12bd8b216413, 694,497,222,Yossi
b81725d6-2508-47f2-bd10-2a82d680a17b, 674,179,754,Yossi
7c9a27b6-7be5-452a-ac16-80e689790257, 453,988,621,Yossi
694d82a5-28f3-4f65-a5bd-1ea8f3969d20, 850,411,313,Yossi
4894aeee-6960-4373-8963-0e31a669cecc, 669,809,626,Yossi
84d3a187-6f29-43d9-806c-1166479e8d9e, 263,645,614,Yossi
a95e57cf-1a4b-4744-b6b9-934bf9567d01, 879,105,550,Yossi
830a6949-f367-4178-a974-caacbf45c30b, 697,271,266,Yossi
b8a0f268-4219-4d42-bdf6-a0262888e0a0, 888,291,718,Yossi
abffb19b-b456-4e58-aaf3-da6c178d9f0b, 601,631,668,Yossi
057813e4-ca34-49fa-8086-40de971c8549, 488,802,877,Yossi
e015c6c1-d464-4ed4-b329-1c40e6dc23b4, 721,104,569,Yossi
558a5706-5270-406d-a787-bab94493bd38, 211,28,688,Yossi
0baab177-babf-4ee7-b811-809214494d4f, 347,202,513,Yossi
0f01e64d-c14e-455c-9b92-52ee4799c12d, 875,600,353,Yossi
34029b46-baf3-40d0-b39f-6bc6935e3220, 290,785,206,Yossi
69596208-4298-4c3f-a358-5f461e8221b4, 835,503,508,Yossi
07220917-6170-451c-a74f-73fde0e4822a, 531,533,993,Yossi
68fbafc1-5704-4aa0-bf2d-65a17127e02c, 360,995,226,Yossi
46d9d3e5-d303-4685-8baa-e1ae11cae4e9, 955,784,887,Yossi
e3f844d3-bf20-42fb-98e1-b6609be511e2, 36,851,357,Yossi
200df95f-5d05-4c0f-98a0-70bfbb3a15a8, 951,363,608,Yossi
294b5512-cc1a-431e-9436-b480a90ea336, 435,946,705,Yossi
cad2bc65-ad87-4334-98d2-778877974cef, 58,53,617,Yossi
74dbad76-7aaf-4168-a448-f99f34df8df2, 924,532,901,Yossi
40a8471a-b629-4db7-bc60-e2c610062ad6, 38,821,670,Yossi
b74c6b39-a577-420b-ba21-e5fa13733809, 912,599,504,Yossi
755aada0-b636-48f5-a3fa-c79ef34486cd, 512,765,128,Yossi
f53bec34-0d13-47d0-8ecd-8df19036d520, 161,955,269,Yossi
fcc854da-a7f0-480f-b835-0b5bf0e0df82, 882,362,108,Yossi
32034ab5-2458-422d-abbc-15af242dd956, 343,254,243,Yossi
339bbc53-e558-41b5-8919-b873353d6036, 800,311,350,Yossi
a4b16273-1ff8-42ba-ac9e-8d0aa298c4b8, 156,923,238,Yossi
02c144a6-9be2-4afb-8f92-08a70b68d8da, 743,854,837,Yossi
012bb436-11e8-43e5-b936-1e6397a7133a, 499,777,451,Yossi
912ccbd2-a0ca-4b0a-b24f-4a628160bc6a, 889,606,1,Yossi
406cb458-6cbc-4a4a-b4b1-89729c78108e, 92,323,175,Yossi
d495ef2b-e763-4bab-a43b-f8a852b6217a, 555,43,186,Yossi
19872976-cf25-412b-85c6-9a6b09155e3b, 383,523,87,Yossi
da9b21b4-a906-4426-b668-cfb2f0c8d326, 230,791,406,Yossi
9bc34fab-0231-43e9-a7d6-ffa964101826, 340,551,585,Yossi
9f88cafc-3b2b-43db-a0a6-f5daf9ef5a7a, 598,713,797,Yossi
49baa8c4-744c-42c2-953e-b4a1b92e3b1b, 375,125,221,Yossi
070d5001-dfb0-41ba-869a-480293193ac6, 552,880,896,Yossi
1ec0268e-bf86-436f-b7df-3c1a02157733, 433,170,743,Yossi
d9ab0ccf-e6e0-45c9-821d-0e1aa10bf578, 666,13,986,Yossi
0d75c954-dfde-49f5-bbe4-2c9bbfe09490, 676,270,350,Yossi
75ce7d7f-4ff9-41ed-9ba2-eb640aa40001, 269,791,40,Yossi
4f7981c1-7b83-48d1-a13d-6e03ba4530f9, 932,787,212,Yossi
42a66b67-3f39-498e-b3a0-9e05f2dbf853, 57,417,787,Yossi
3cd9c736-69e9-447f-bd3a-9e85e04d6d94, 264,925,133,Yossi
c47520a1-3d7e-4f29-8f90-86427a3069b6, 830,404,303,Yossi
fbb0d603-8cc8-4c23-9fa6-46103cf9a68e, 253,900,65,Yossi
d556b14f-21e9-4bf3-94c6-858d69cc0c8a, 652,515,482,Yossi
3249b38d-99a7-4692-b3ba-ec625241677a, 779,539,441,Yossi
368078c6-358c-4e2c-a0e6-b45b5e87167d, 277,123,871,Yossi
687c0d3f-fb08-4e11-89ca-052bbbe305fc, 441,716,510,Yossi
d8e66d86-e45c-46b1-b9ce-016ba93212fe, 99,552,521,Yossi
c3936f56-b92c-4b65-ad7d-9e6699ad8274, 57,71,759,Yossi
c9e0d671-9146-461b-958a-133b82992188, 545,665,925,Yossi
f8bd96f8-bb7e-40c0-971e-878e4079e5a0, 585,318,707,Yossi
f0d22c19-768b-46a1-8968-c31b6c96e404, 432,288,954,Yossi
968d069b-6200-431e-bc61-6a5e88c900cd, 764,601,765,Yossi
10b5ad93-ff81-4937-9db6-d14df4d9f0a4, 441,413,112,Yossi
ec0854eb-6c4c-4420-8456-b29052839b7f, 922,24,754,Yossi
ee1130fa-b72c-4a5b-a338-da6d57fb01dc, 867,488,252,Yossi
5424500f-0191-41ee-a4a4-2b8c6c03ba37, 598,655,665,Yossi
e090a6c6-7344-43d4-997f-a5ee89e3f153, 339,615,699,Yossi
7f74503d-86a3-4277-abed-b4a84d5db2e8, 278,166,373,Yossi
e22b4518-a42e-45d6-9bcc-0a498a1ddc74, 610,774,333,Yossi
c5430649-816d-4922-9ddd-baffb5cb9863, 542,706,235,Yossi
efca65b2-2a59-44aa-9bfd-5f8b4c2faaa7, 138,67,197,Yossi
46769ab6-f24f-48dd-b08d-684550da298b, 773,347,251,Yossi
6af75a2e-75f7-4f31-84ea-ebdca2b3518a, 485,511,520,Yossi
