2af46d9b-7899-4c51-a43f-2966f443a895, 863,516,671,Yossi
06b207ea-4c17-475e-8b71-3fb674c9399f, 604,847,79,Yossi
9558ba4e-be5d-4b34-91e1-31eb3e9e52cf, 162,84,758,Yossi
c97e25b8-c239-41ba-bf59-ca51a35269c2, 8,467,593,Yossi
c230e8d5-c3d7-4a97-ae0f-2662ecddd468, 786,551,123,Yossi
94331134-9c7e-4b69-ba63-c84a56497d98, 723,835,495,Yossi
94c7e9ea-0b02-4ea9-887f-42d695242bec, 163,695,336,Yossi
90208eda-5401-4c4a-b9b9-f22115d9a74a, 372,135,763,Yossi
01ea8d9b-4ac9-44b8-a035-1c0a14e4d2f4, 748,938,930,Yossi
5d3a91e0-bb8d-4525-af25-b4cb05d6d07b, 28,406,210,Yossi
5891b078-5177-4ac4-9327-b5ccfd52b75b, 991,80,40,Yossi
c6a39b5c-0b8c-48c4-8947-cf12ed80b6c2, 860,913,376,Yossi
386e53e4-4795-44e0-aba0-a3ac7d08d43d, 817,783,18,Yossi
feef4f53-b414-4d7f-b90f-92dab0d76c5f, 237,379,879,Yossi
b382f30f-9b87-4be8-982a-8bb202a0911d, 773,64,644,Yossi
26775f4d-852e-461d-970c-59d93df9f33e, 913,870,812,Yossi
3b5e5c2c-d285-4c0a-b77d-40bb180b0ceb, 20,839,562,Yossi
c5b373b4-84d2-463f-9c41-8239f1470f0e, 308,785,539,Yossi
882c939c-df0d-42ac-a441-d31d252cc407, 620,491,381,Yossi
a3740f32-d5e1-4f82-894b-751599d908e3, 906,855,908,Yossi
6a9bd4bb-9b14-4f02-a91a-12d9b9d3ddf1, 147,135,676,Yossi
512aa6c8-c285-4e60-bcfb-bd8f717a9c73, 548,15,387,Yossi
c9ea8a8c-3dc3-4208-8444-5a93f9d0232f, 553,925,637,Yossi
99efd18b-fecb-40c8-8a58-9b2d917d58ed, 745,905,52,Yossi
2692a2c5-8436-4650-8c24-85cfb52b1442, 478,924,317,Yossi
e8fcec38-88b6-4c86-aeac-4ada40eb00d6, 456,598,72,Yossi
82218ed6-9b1d-4edf-bed1-f206f491bd4d, 120,833,68,Yossi
9c81cb42-fe78-4aeb-9631-b13e21fd6b91, 118,8,566,Yossi
21242736-1f6e-4b33-994a-d745f512de47, 647,684,294,Yossi
473833a8-e176-498e-bd76-fbec8be965b1, 500,240,423,Yossi
85fa1679-2b55-4ebc-b5cc-f9c639e43e9a, 994,909,927,Yossi
b5d17b03-1072-4088-a5f7-6fd59448c906, 108,90,244,Yossi
5f6e0008-1f96-4e45-b2ed-1d8ca4f41f0d, 203,225,49,Yossi
0628c814-a2f6-436e-9b19-41d0149e2fb9, 257,361,944,Yossi
8f0ed793-cab9-4092-9837-abf9f0ba926d, 176,274,933,Yossi
6ef4e7af-ae37-4d88-83c4-eaaed669f0b8, 511,829,859,Yossi
207b5e07-6885-4b8c-ae08-a61d6062d6a4, 223,165,891,Yossi
d938b50c-b1ae-41b1-adfd-d787d246c5f7, 310,787,22,Yossi
de880f84-612f-425c-a769-b6e49bf5ea18, 841,30,127,Yossi
d8c38aca-a3da-4907-a307-ca1981c20c97, 111,900,329,Yossi
fb74c3a4-6d9b-4aeb-9fee-87ea893e55d0, 93,53,685,Yossi
51dca6b3-460c-4e59-acaa-e5d9e9989864, 215,750,994,Yossi
f2e4b4d0-44ad-4094-a0f3-f019624e2b87, 123,370,834,Yossi
6cd1d5ec-8f3e-4df1-867f-98afaef49db3, 73,254,374,Yossi
355635d2-7e99-4086-a558-e237871e3b21, 23,861,473,Yossi
ddf3ee35-363d-46b2-9f62-085552648bc5, 122,941,733,Yossi
260a2c39-dd08-4385-a44b-c596f0b0fcde, 632,137,854,Yossi
6d761a3d-0677-4ee1-95d4-7fe4bd06ccd4, 433,278,76,Yossi
906fb252-bbc2-4f27-987a-9e46b125a300, 530,685,122,Yossi
9c789bb6-fe70-4013-a4d7-5645f62d4294, 905,266,61,Yossi
4b870726-8036-42a9-8a73-93c917de2992, 118,92,324,Yossi
ebad0f75-1c46-44b4-9ac5-b74f70c85295, 719,165,308,Yossi
89e283ec-12d2-45b2-a8ac-e7f2a2f5469a, 260,959,522,Yossi
92f9430c-dc16-4c60-bb35-1c236ffdba50, 937,388,459,Yossi
8bde7d38-d405-489e-a8e2-a17d797a4e52, 26,150,909,Yossi
6588765b-377e-4441-9794-e7f21fcd0397, 518,287,925,Yossi
20544375-1e73-4110-b037-6881f4078337, 548,719,87,Yossi
f2835bd7-13f2-401f-959e-f7cbc260ba9b, 392,478,764,Yossi
4bbe6d0d-a7cd-4a22-9cb3-bc4820c6a298, 474,658,773,Yossi
5965edde-650b-4bcb-baee-6878d5d1982e, 609,683,66,Yossi
668e5a6f-c8fd-4356-940f-272b7ff99416, 872,217,104,Yossi
15042f95-5886-4057-a406-13b85d5dc9e0, 774,954,162,Yossi
f60d93f3-43ad-4225-bf70-dd7f4c07e012, 51,303,696,Yossi
95e939f5-192e-4a32-9804-3586f7c21f0b, 165,860,980,Yossi
32171c58-0428-402f-b5a3-2465c99a04bc, 211,693,748,Yossi
56d78a88-9fbd-4a56-91a8-4f2fe3cfac25, 395,408,128,Yossi
2146e990-ef20-45a3-b14a-eb5f69cd2f0a, 166,13,399,Yossi
c919b072-d046-40cc-a97e-ecc27f34c6cb, 196,358,546,Yossi
4d0d28b3-41cd-497f-8a99-7ea681e334ea, 972,724,613,Yossi
f159ac13-5d2b-4f21-9b8d-6e188dc866af, 559,245,505,Yossi
07f05bab-5352-4a4a-9668-9150cfa21e97, 533,650,276,Yossi
8abdbd1b-ccc6-48e0-b8bc-6c2ca4f5881d, 457,65,171,Yossi
1012b4be-1236-4ba3-8f66-99f215e2767f, 356,251,195,Yossi
2862b2a1-e9c3-4ddb-a929-ebaa9f11b54a, 748,467,982,Yossi
d91c5741-a80c-482e-a977-3501b4967020, 229,383,858,Yossi
a6b6780b-912f-4433-a41a-c7f400d40636, 106,182,783,Yossi
b9444ff6-6ebb-4160-b30e-0260fe199ff5, 16,79,251,Yossi
8d0d762b-83e4-4809-9d22-da2f43af605f, 646,443,671,Yossi
60f28794-13db-4634-be29-a3d27c2f0e62, 666,677,857,Yossi
44c652db-ccff-4ac2-a8c9-6ecd22a1ac70, 557,800,230,Yossi
d05d0de0-3238-4183-8f6f-9aa16e74d8d6, 547,491,58,Yossi
cae45842-8bef-473f-9ad7-308f1f4aae47, 192,630,210,Yossi
5047abc6-a03e-4837-b8e4-4c73d6b809e3, 704,753,628,Yossi
059d6134-9f94-44d8-9b21-efa7103049df, 577,39,157,Yossi
0e5f383e-9cd1-49d6-afca-555b82572ba8, 932,417,544,Yossi
55bb95f0-0845-4825-a137-907bdbdcb75b, 415,965,973,Yossi
0207f0fb-36cc-4e9a-9a64-7377e7f72658, 687,866,543,Yossi
788257ae-e240-43cf-bc9d-5929a4f7e7c0, 829,543,167,Yossi
baa04d8d-7e40-4839-afa6-fb1be7a8ccbd, 254,886,207,Yossi
cd4c1877-e4e5-4ab4-a1d4-771787c9fad5, 604,790,387,Yossi
c2b4ac17-2099-4dc8-a05d-fa87b08a0b19, 313,798,449,Yossi
9b488446-ced4-4073-a4aa-9e2ed17aa6dd, 963,201,975,Yossi
e8808644-8472-45d5-b6e8-efd2cf3c9fde, 924,38,752,Yossi
9236a473-82e3-417c-b148-26319f830eb3, 648,401,427,Yossi
ef5b3507-32e3-4542-8607-c57d308481c1, 155,438,40,Yossi
e8bf7eec-738d-4008-a7b5-6dc5f6480d60, 94,712,27,Yossi
14317e78-ecaf-4a98-8e2d-a540ac58435e, 128,251,711,Yossi
57d9b308-4a3d-488e-9627-5a3047ef3542, 883,868,932,Yossi
5615836a-cf1a-4f2f-b99d-f19d94d16770, 686,717,946,Yossi
ebc4c3e9-254d-40e6-b312-c5953c982392, 890,936,742,Yossi
bf7e5963-b8c1-41b2-b14a-dd729c19d62b, 4,101,961,Yossi
c423af10-1be6-4eb2-a55a-b345b09cd8c9, 242,265,240,Yossi
36bb6233-e3b8-450c-898e-f0ccf3369567, 707,967,216,Yossi
1108a314-29b5-4589-b9bc-a6ad7a7eea68, 567,490,927,Yossi
3b023e4e-38fa-4a12-9cdd-cb3c41450340, 222,40,466,Yossi
ae43be37-2186-4936-bcc3-9fb55a01a753, 116,674,105,Yossi
1db0250a-1ed8-4869-bd1a-2558e5dda6bf, 127,161,175,Yossi
4da8a277-fd5e-4db8-bec6-f869e99b3ef4, 181,476,540,Yossi
865e66be-2f5b-41af-aabd-dbf8b87a8679, 674,428,928,Yossi
81a02030-fe52-48d6-bd47-84c26db36203, 516,278,482,Yossi
5969e011-b29a-4f5b-b979-e6d0243d5951, 29,34,100,Yossi
4c8b378b-5ff0-44eb-a9e2-5b060f62fe1e, 10,645,300,Yossi
56c34c5a-4f9c-4016-81f1-ea6be5f1382b, 465,912,174,Yossi
413abd6b-a126-462d-8040-d430f0439ef1, 799,386,743,Yossi
ba268089-d16b-4ce3-82de-f94fa2d9d48c, 810,560,759,Yossi
2f61b251-e698-40d9-a63f-369ff8f12cc0, 782,662,829,Yossi
5b819873-313b-48c3-9996-c3bb0de99efd, 466,571,43,Yossi
e5799900-078c-4565-be97-5cd7856da484, 842,763,776,Yossi
8354fec4-861c-4c7e-8ae2-2c8738fb940f, 568,821,623,Yossi
74f9526e-4c85-4bac-9a56-61d850e5153e, 421,566,835,Yossi
3e2695b1-a63c-4030-aea0-d7c04ad04acb, 310,191,690,Yossi
a7fe9deb-ad02-4c58-ad0f-05512414a60a, 732,538,456,Yossi
aedf8dbf-54b2-4446-b653-1d04799578f5, 827,212,393,Yossi
7474c148-0fcf-4d83-8fff-5c6224c03a38, 167,649,761,Yossi
3f01b152-c8cd-4e0a-98c0-d98a021827ea, 930,327,773,Yossi
8e94bfee-3ce6-40ff-9ee4-d7ed4e2cfa4d, 430,369,915,Yossi
02c96b78-0e0f-494a-987f-5a1b23c3dc6a, 779,891,765,Yossi
19f6bfd1-b0ce-4534-aa20-985f57619429, 99,50,705,Yossi
589e0c15-7a9f-496a-a857-7e105e86c009, 439,186,270,Yossi
f51d3337-325a-4ad1-af3a-5ba4c946769e, 323,441,822,Yossi
4490b554-dd3b-4578-9bc2-3a8b9a39ed48, 676,44,346,Yossi
43c80480-7449-4b47-850f-0580215b6195, 337,489,195,Yossi
95f5ba26-ecb2-4663-a24a-df6d69e4777b, 53,78,22,Yossi
7c3fceb0-523b-43e3-8348-eadbabeeb155, 304,953,450,Yossi
7359c87e-85dc-4f77-86d7-2aeca95e829c, 436,300,920,Yossi
b040873e-c2b5-48b8-af86-b49251d40674, 281,910,437,Yossi
638c3a9f-6a0f-433d-b2c7-9cee6817ad72, 3,138,453,Yossi
ad6339b0-1b5b-404b-86b2-5aa4b7afb5d4, 707,641,674,Yossi
543534ae-dd93-4c2d-98c5-f38b9db4e487, 71,211,142,Yossi
65782d0e-8880-4625-8cfb-3d70a8596a84, 984,293,352,Yossi
bce160cc-278e-46d7-9ac2-3e45c07458e3, 187,505,770,Yossi
79371c3c-d7f9-4be5-888b-a91af9a9a813, 570,490,606,Yossi
e0fb75f9-14f0-4bc9-9668-05301b245fa9, 415,594,836,Yossi
7092d8b8-c683-4509-b1db-0fda8a430ebe, 579,377,292,Yossi
c2d25f87-c0d6-4fcf-903f-5bd514e75a4c, 893,476,936,Yossi
d3b32485-edb4-46aa-9337-bf313ba0962f, 315,661,749,Yossi
d8163516-eefe-4686-a253-a96c24e11ee4, 784,159,275,Yossi
25b80fe1-d1f9-4308-80a7-30ac927fe6b4, 831,320,303,Yossi
b1dc4b80-d98a-4d26-8f81-7c6b241ca728, 370,968,402,Yossi
93e5ef30-5f21-488b-9f1b-1593bfb61e35, 671,267,278,Yossi
0558b192-1c2b-4de0-9d50-19eb9c1b981c, 54,68,783,Yossi
9e6459f6-7e8d-433b-9814-6a840fff4e58, 669,117,449,Yossi
a9782aca-ef98-434c-adf6-4ab7d1e706e2, 679,865,809,Yossi
a2a45fcd-b5c6-4aee-9447-bee0b8bd6cf1, 315,864,317,Yossi
004e1ade-4a3a-4b9a-9bc6-407f32643bfb, 600,423,759,Yossi
82e5d25f-3969-406f-8199-a8db55c8a12c, 161,812,165,Yossi
59d6db28-a9e9-421e-b6b8-a4c1de55d072, 736,755,549,Yossi
324f6064-3c10-4c76-b5a7-5fc6e77136f2, 391,200,135,Yossi
2499f606-5ce1-46be-a813-c736b332cc2a, 78,355,186,Yossi
a9797749-668b-4213-ad32-43f0013de7bd, 468,201,520,Yossi
3aa7e098-57ff-46ea-9201-07a65b331910, 204,743,328,Yossi
490c7c02-a9d0-4c16-9f21-fa1500e03038, 558,525,310,Yossi
b5680b6c-1692-4cc7-963e-4644361d8c73, 507,225,360,Yossi
52ed412e-62d8-4304-ad49-cc695b67c089, 488,635,795,Yossi
013038a9-1c08-4ec1-9796-7361fdbdcebb, 938,469,293,Yossi
9bd38833-f843-4ea7-ae62-900a4a0b4b5f, 957,232,896,Yossi
d301cb79-2ccf-4f7c-b12a-25de7d612da8, 542,209,157,Yossi
891b83cc-78d9-4e71-a9f7-f8f805e24a32, 237,933,510,Yossi
3f0db31a-1aae-451a-81c3-d430d8ee0d86, 728,661,866,Yossi
7a4bb43c-449b-482b-8b2d-895612c2cb45, 649,592,761,Yossi
e4224251-cd94-4284-a0df-328ddb15b935, 263,212,664,Yossi
f5da186e-2d29-4849-ae06-94dfbf2bb4c3, 289,111,122,Yossi
ba6e222d-8e5b-46b6-9d2d-83b09bfa1721, 988,43,896,Yossi
65ea5e04-eae6-471f-9c3d-cab5ec816f33, 450,652,587,Yossi
d3c687a1-4029-4525-9c82-65fe86d51a6d, 804,249,120,Yossi
e9c8859e-00d5-4246-8e75-1f144e522c3b, 752,452,729,Yossi
4363ac78-0545-4810-b891-50e55a5722d1, 840,119,124,Yossi
29f69c38-78e3-4328-81bb-b4f7f50c7f6c, 289,924,991,Yossi
b68d331a-31c0-4e4e-ab28-2dc894055be4, 364,965,808,Yossi
5da98a90-25a0-4c36-a1fb-6ec7e7b245f7, 816,828,863,Yossi
e09b6123-5286-4027-a680-ed5683a4cc09, 442,857,632,Yossi
66d63ace-bfa2-4691-9faf-09bbe7f9e2f4, 598,225,424,Yossi
3a366d1a-6fae-4b71-a1f0-171b7f741dfd, 132,650,358,Yossi
ae7a3586-befc-436b-ba15-9eb82dd5d4ff, 172,967,189,Yossi
69b59fa8-f42d-4e41-bb02-a95c71e55144, 998,92,555,Yossi
61fbca0d-7f33-4546-82ee-4e0362702c46, 568,432,685,Yossi
8186ae59-55d8-4647-9f5a-0559d42a4409, 391,975,210,Yossi
c963045c-487b-4417-85e7-00f3ebd3fac2, 137,807,473,Yossi
d3714eba-e5a3-4492-9df5-902392ec1d86, 637,973,286,Yossi
da2dcbf5-b1d9-448f-bee2-480ee37ab38c, 671,923,145,Yossi
d8c1e52d-ec67-4e68-8d3e-f8955e3aa795, 312,173,213,Yossi
5d5b0b37-0d2d-44c2-8ce8-fb514a7374dd, 34,9,794,Yossi
b681445c-9ef4-4a39-a78c-f3ac31ebec72, 953,207,24,Yossi
e9b94d56-9e8d-43d9-8235-3f0f0fd0e7fa, 695,621,800,Yossi
2b5f9eaa-2985-4220-ab65-ae1f59047225, 371,669,151,Yossi
c465f928-a529-433b-8002-291dcfa87478, 933,289,833,Yossi
dbfcb0dc-7289-4ff6-8bae-8caf56ea6af7, 436,794,533,Yossi
3a46ca28-335b-4b9e-9654-d45fbd922692, 124,425,852,Yossi
556357ff-6c85-47fd-8124-6ae40673ea2d, 653,305,50,Yossi
e8510d23-6120-49ce-ae12-0fa3877da6c5, 160,959,250,Yossi
3e8f02af-801c-4b88-b806-deb5947dd64e, 138,459,725,Yossi
ba949a81-d885-4f9c-b770-1f70c313b7bf, 214,858,795,Yossi
1460b1a0-d0cf-4e4a-bfc3-428aabe39adf, 975,964,84,Yossi
a46494c2-e846-4f12-879a-ef58c852062c, 760,614,226,Yossi
511fdc77-95d1-4814-ac95-6af36017650f, 661,694,354,Yossi
9545f87b-667f-43c8-af5d-5bf525985c93, 408,764,139,Yossi
e08bcb25-fd6b-4fa6-b63e-2ceb43fdf333, 323,703,685,Yossi
1c7a8e1d-a12d-439b-a164-435025f45c44, 452,236,129,Yossi
c2e8e37a-5415-4daa-8623-f25849feff33, 610,189,746,Yossi
08967852-5060-4592-bc82-c8995e541df8, 359,379,702,Yossi
533f74de-4c57-4968-951c-e1bdae4b70ac, 744,793,246,Yossi
0371d052-cb52-499d-ab0f-acb006cde2c1, 773,557,163,Yossi
2e74e706-8a9d-4fc8-b2c4-7b18db510f03, 75,158,809,Yossi
1da16789-96af-48b0-89a9-3730d1491f78, 354,956,324,Yossi
795722e6-cefb-4093-98bc-c40e03e1701e, 749,675,181,Yossi
f9b1d70f-32dd-428d-8e36-3b465c66e5cc, 308,462,730,Yossi
4da0bfe1-3527-49d9-8ef9-e01e65e6f500, 498,246,539,Yossi
8fdb19ae-85c7-4012-ae52-9fbb2325ffc2, 910,836,256,Yossi
1139b789-9ebb-4bb7-8b24-7911ebab293f, 564,685,224,Yossi
11e0573a-245c-485e-a1a0-b000fed19ebd, 597,603,670,Yossi
bfbaa4ac-e43f-4400-a4b7-cb701b110746, 50,616,586,Yossi
53f11c05-1705-49a6-80ce-d6b060fd8271, 381,17,819,Yossi
a6028975-50c6-4057-9f9c-d6d452807389, 978,887,137,Yossi
30350b04-3f0d-42b1-85aa-4c9345f25725, 192,334,607,Yossi
c8d836fd-b05e-43bb-a8e0-26f0f6415686, 328,967,745,Yossi
2c0a694e-7030-42fe-9a77-105acb55dc93, 362,701,560,Yossi
1f981c44-af2c-4cc7-b341-25579fcc563f, 947,303,725,Yossi
279d8381-6d2d-4247-932b-e472de27d256, 16,860,134,Yossi
1d0fd178-d373-41ad-bb23-13fda09e9633, 164,832,956,Yossi
00fbe660-f1f5-4be0-a3bd-1705d4cafc2c, 989,209,871,Yossi
546afa8f-30b7-4703-a233-921ecbc49a7b, 938,477,554,Yossi
7274288d-5c4e-49c9-a4ea-879b1d145d46, 140,304,341,Yossi
caa319ed-a949-49e9-b991-2a8a1be523b3, 736,369,658,Yossi
5e34c9bd-ddbb-47c9-adab-fb4617f7fc84, 360,328,574,Yossi
2e559933-95e6-4f5d-bdee-bd2a61d15932, 594,307,910,Yossi
26658faa-243a-47cd-ba51-ae456b139618, 930,582,867,Yossi
c57a9027-2433-4458-9e5d-0c7afa91e492, 509,203,983,Yossi
b507d0ff-b28f-440a-89d1-5bb3428733dd, 662,649,301,Yossi
604c1ecb-0f3a-488d-b529-c11c482bf4b4, 943,35,755,Yossi
cd3bcec7-8725-4ea6-8118-741da3fec329, 452,218,183,Yossi
60c3be5d-7ed0-4f27-bf35-5efd7f931f0b, 862,988,678,Yossi
97bafcee-54e3-4db4-936e-ec4b5f1b3358, 265,253,855,Yossi
4b6b9168-b58f-4b92-af57-67b78c95c14c, 54,189,664,Yossi
eaa04313-4f42-43b9-9ce1-cda7bc2732cd, 405,624,333,Yossi
2e92e860-1cc5-4339-877e-2655003951d0, 900,587,973,Yossi
75c41bd7-1577-4ab5-a2d1-f30a9b5e7811, 152,421,553,Yossi
7e5ce7d7-a63f-4119-944b-d7b164ba37be, 222,232,251,Yossi
ebc0bd37-4e60-4f4c-a54f-6bc46c773f5c, 89,480,7,Yossi
eb6638ff-22f8-4eeb-ba36-daf00e2de2a9, 886,276,827,Yossi
8ca7c4c6-5293-4726-a0d8-84c0796b65a2, 253,195,270,Yossi
fc781a86-f274-4660-a47e-6f317b64f8bb, 584,285,151,Yossi
d8326f8d-cc3a-423d-96ae-0a85ebe8748e, 476,496,338,Yossi
3e9c4005-1b1c-44ab-818d-1718c7b21967, 895,329,54,Yossi
afc75350-277b-43da-9920-095042d93b7a, 56,877,393,Yossi
44b2f884-7c9a-4187-929f-5d011b7b09d7, 204,104,578,Yossi
c177fb5d-e481-41f4-a4c6-420f1cb023af, 650,761,62,Yossi
5342a805-4451-4eb9-90c6-af7026807ea9, 326,791,612,Yossi
2c8d77aa-1fe6-4d5b-a669-a837d5398d4b, 202,231,985,Yossi
a88bea99-2f5c-4bff-9dc1-26f972be92e9, 930,774,509,Yossi
6cb8824c-01c4-494b-8428-45fcffcd1090, 671,377,976,Yossi
8a84a17d-fc29-4071-85d4-0003e783a910, 29,799,993,Yossi
8c9ba262-72b9-4dce-9c1a-f21a03fa1dec, 394,820,340,Yossi
56185150-b990-42c6-9a1b-aa61b9f78dfb, 182,424,91,Yossi
f5ea1c2c-78d4-4cf8-bada-24bc000268e2, 636,256,92,Yossi
73818ce7-e7fc-4b27-bc9b-0bf868d57f39, 500,167,353,Yossi
f137f199-5eb2-4b24-a88a-cf971e3526e4, 857,883,376,Yossi
de154096-ef55-43a4-8906-dd939d41e17d, 428,237,513,Yossi
f1c9e977-384c-4571-8b18-45969b86e0fb, 765,926,402,Yossi
56cf6f0c-291d-49a4-a66b-7384d908907b, 656,383,55,Yossi
48e97554-64f7-491b-9276-ef625846553f, 165,544,721,Yossi
c6672e54-a0de-4b3b-b3f5-65a68e8896f1, 828,224,951,Yossi
b8e3646e-f7c8-43e1-b8b1-15f0119eb214, 77,27,78,Yossi
e262428d-d895-40f6-8762-d2178058b723, 399,809,283,Yossi
f6e41435-72f0-4269-a577-c9051d9dc36e, 239,468,337,Yossi
ae9f705d-cf26-45a1-8006-808659f45b5d, 970,689,536,Yossi
13e68afd-7b9a-4994-882c-72f2ddf0a9db, 520,701,64,Yossi
41ba7f28-9f53-4d16-84ee-09764d95c330, 632,74,890,Yossi
5896669b-072d-4bce-934d-eeaf9df21fde, 133,244,141,Yossi
39a06458-0a95-43ce-a677-ddbec518e063, 463,262,872,Yossi
e7a1bc32-35de-4ac9-ab11-1e253f926646, 591,736,437,Yossi
67970e15-3cd8-4db7-9f6b-dff0070956b4, 285,17,879,Yossi
9fa8f527-4399-4a0d-8611-33c6ac083261, 369,806,33,Yossi
107b0700-7234-47b9-9b2b-2ec17c6b7465, 140,424,140,Yossi
9fc619a9-39d4-4614-957d-161962bd032d, 276,459,74,Yossi
e3d871b6-5661-4845-bd7a-3a4c01c0dee5, 93,189,767,Yossi
3e917c5f-33fe-402d-88d2-8c15f1271a8d, 177,794,238,Yossi
3d13baf8-532a-4848-9f2d-840f1e7a5a49, 865,137,681,Yossi
915bd084-3053-414a-8f8d-23c87e49a1f0, 989,532,471,Yossi
87186bc7-6b94-4037-87cd-d866b7c756a6, 829,695,978,Yossi
04e6acda-9957-4f9b-8231-42fc9d9d5f92, 811,612,764,Yossi
f9e2a03d-908b-4709-b4e0-55f09073ba7d, 205,806,73,Yossi
7931a62d-2afa-4061-837b-295734a09e18, 844,952,452,Yossi
df486128-0d69-4fc7-8b7c-ed7b50d9d746, 457,601,881,Yossi
777eb3a4-6ffc-48c3-8e49-8457994e4350, 503,381,277,Yossi
4f048fe1-da0c-4de4-99b7-79de69ebded3, 922,356,614,Yossi
03b5a5ad-f843-4d3c-a84f-8537bdf9c109, 816,40,55,Yossi
286cebcf-0f51-45c4-9583-0a491feaa33f, 372,286,466,Yossi
14226e76-1319-43a0-85d5-44afd6a4d2f4, 634,725,600,Yossi
e02f79bd-d1d0-4302-b305-c0894304332d, 755,295,483,Yossi
0368f034-c5ae-4538-8aa1-4f2521f5a94f, 408,538,112,Yossi
91b4cb8b-91fb-424c-a43e-1dc5b8962037, 54,328,810,Yossi
0ed954d8-da6d-43c3-aea8-4692ea1a4b78, 375,71,651,Yossi
ea885d5c-d4f6-4067-bdca-2cb1e666f6f4, 1,247,236,Yossi
f865f19f-ce34-43ae-a292-0c2b3b313c24, 316,719,193,Yossi
4b21e6fc-f939-446b-961e-752e25d31084, 356,362,755,Yossi
020aedf8-88d0-409b-ad83-8faa36ea82d4, 404,67,177,Yossi
3bd1a52e-8077-4ea5-9d0e-780e308b8292, 855,13,655,Yossi
db556047-f6ec-4714-8606-b61d0c50a12f, 923,439,327,Yossi
a24d9396-11b5-4aa9-bf1a-3f636985e12a, 298,569,82,Yossi
f732a95b-0c9e-4bf7-811a-d5c7ce98c9ba, 472,90,658,Yossi
e21eb059-d6bc-4c7a-a20c-d8efa619d08c, 967,49,64,Yossi
3a243eb6-98e7-466b-b61c-055344fabea7, 770,450,53,Yossi
b8cdbbeb-6bc5-4872-a4f0-ed2b7b2ae178, 466,548,285,Yossi
921b1682-0e59-4e8a-892b-d77b7c4d91f6, 961,815,792,Yossi
6d1425b1-7743-4395-afa4-6b5c5b756df5, 818,57,566,Yossi
97683a5b-bfa6-4bc3-a9e0-dc272cf889a4, 273,279,363,Yossi
962af4ca-6b67-43a8-a24a-4fb86ee96002, 844,352,228,Yossi
08bd879e-5c27-40c6-a177-9d46e507ab0f, 307,551,525,Yossi
d89bcac1-8068-4615-9067-a72e3a00ef5e, 455,129,887,Yossi
cfaddbd5-a1da-48ba-bd4c-8cbe2deddd27, 484,77,501,Yossi
9b95e6d4-edf9-4506-b1fc-5aeb6223d61b, 570,528,158,Yossi
c78796f3-7269-45fa-ad8a-ce41a0951f92, 577,347,670,Yossi
4338f795-d2de-4425-b741-604eef94bf32, 130,584,910,Yossi
227879da-90bc-4623-aead-02432f7d207c, 702,936,518,Yossi
10e9d31c-1595-40bb-b9d6-56e200467cde, 890,893,197,Yossi
e8de352c-9cb8-4791-813c-af00a1fee5c3, 862,106,383,Yossi
8132b63d-20d0-45ee-be53-cf1e3f483e0d, 759,26,291,Yossi
2e036550-e24c-46bb-bb07-ce7056487291, 717,627,736,Yossi
2959e3ff-6eb2-4114-ab4d-a6f303c72525, 430,661,496,Yossi
e584b5cc-541e-4e2b-af39-080b94481e6e, 537,316,322,Yossi
1f33683f-5b43-4ee8-b385-0103dded758b, 164,981,471,Yossi
c2a060a5-03bb-4837-a5a7-a32d62b10bbf, 783,392,288,Yossi
e63be258-0a61-40c5-8c0e-79399ac5f5fb, 634,241,708,Yossi
67040d21-0571-40b8-84b1-410c994514aa, 894,143,693,Yossi
59382911-a3ae-4bf5-944f-a78c9331d947, 451,142,414,Yossi
c9be27b0-5944-481e-b0f7-f657ccb918a2, 708,415,657,Yossi
9e41a574-ada0-4d85-9bc9-291e9d4fc938, 329,591,23,Yossi
bab9d40b-a3fe-4f66-939b-acf812926e46, 505,723,52,Yossi
08b06bb1-06b2-4df5-bb9d-ca64865d0bba, 210,852,900,Yossi
866990dd-f85b-48ca-9b5b-febfda97a3a6, 420,147,685,Yossi
fd412bb9-18ea-4ac8-ba1f-f2298cf42ae3, 174,591,269,Yossi
d3ff3226-de80-4d9c-aa17-69af909e3097, 589,538,954,Yossi
b567e0bb-0d3f-4fcf-a4ff-0436c822d2ac, 47,107,501,Yossi
d5e935fa-6915-4e6b-9fc4-092296785418, 907,229,863,Yossi
77946045-74ff-444b-97cd-9c4694e2672d, 674,863,881,Yossi
bdb169d8-f89e-40a4-9d9d-5684526700c8, 596,266,485,Yossi
8cdb41b9-1b34-4d11-979c-1c1b9dadeb38, 323,721,246,Yossi
f4bd9e4a-665a-4afc-966d-f33db14d602e, 838,209,723,Yossi
48a22312-c50a-4e0c-998c-c2ef19b3f762, 299,658,258,Yossi
f8a50980-1c13-4bab-94b6-8b2d546f6e88, 420,574,539,Yossi
660fb01b-a252-4e7a-bb9a-5819add5c826, 387,214,95,Yossi
9d7abc6c-ec0f-4020-9741-e117ff211c4c, 23,721,551,Yossi
dbe63367-9df0-4dce-99bd-f5490430f397, 424,861,602,Yossi
9002792f-d57e-4412-9b30-2d110ccc31df, 458,661,308,Yossi
0a054be5-e16c-48ae-81f7-67731be5219c, 156,420,363,Yossi
21d7e594-b172-40df-91e7-65e721d44bb5, 158,830,859,Yossi
f6c2e603-5c76-4ddc-8f6f-998ea5af68d5, 170,612,586,Yossi
0a80286a-56ae-40b6-bfe0-64732c7dae0f, 415,98,425,Yossi
3d2252f3-5cac-46bb-a94c-4d4a8976a414, 440,335,383,Yossi
0e13922c-f469-4bda-b059-648bd76dc2b5, 545,290,879,Yossi
81628d1b-5909-4481-bf86-44de9f134657, 697,626,532,Yossi
b704e5c8-dd48-4fb8-a435-c8d4c8d18763, 961,521,15,Yossi
e17b4e5a-75c3-48b1-8ced-c04a294f4c03, 769,651,143,Yossi
ef738098-868c-4eb9-b35c-a9f765c3cc33, 331,172,404,Yossi
53068692-b949-48c9-b2ff-98379be29dcb, 881,863,60,Yossi
cee411d0-9cb0-4e67-a4b8-49dac92a12b6, 936,682,787,Yossi
57623efd-3a4d-4269-aeb3-9d989d716fe7, 361,141,827,Yossi
a2454c54-c879-461a-a123-36a13910d727, 398,250,960,Yossi
9edece31-5694-4e10-b8d5-0b8ea2f9476e, 951,970,117,Yossi
9ca51a94-829f-4344-b353-d4ae6f4f029b, 668,582,386,Yossi
cf7664c7-1554-4589-95ef-afc7a195ce1e, 168,878,571,Yossi
dd9408ed-1974-4fb3-b553-90cc8c81fc94, 722,760,36,Yossi
a79c1090-258c-4c24-b342-24d4a21a5ad8, 774,194,898,Yossi
1616abd0-0989-494e-afe5-487ca325d9df, 348,388,179,Yossi
55ec288f-0843-465e-929e-4ef181018d8e, 716,838,440,Yossi
6319adbb-b0a0-4579-94b2-a2a899c4029f, 182,532,233,Yossi
5c1c26f3-b54c-4b09-b927-61e97d9b9f5f, 366,503,651,Yossi
b288e163-c920-4594-87a7-ca8387310fe3, 594,184,150,Yossi
e8718350-de73-437f-bb56-ff7b4f23304d, 53,299,376,Yossi
e31a0d1b-6e53-40fa-8db9-25e48f48189a, 571,10,549,Yossi
041efbe6-66bf-4898-b0f8-5e38c8f5f44e, 897,102,70,Yossi
2042e269-84bb-4318-93f6-dd51cd591218, 755,163,293,Yossi
18b1a4c0-d8c4-4b95-87ef-3238ec621b90, 831,160,103,Yossi
ed3ab401-9bec-4383-bd0a-987c52f1d2cb, 24,162,489,Yossi
35c9f6d3-faec-4bf2-9d07-25650d969185, 888,13,752,Yossi
5071cbec-55da-48b9-9acc-240469459609, 648,680,411,Yossi
2f21bbfe-dac8-4d7b-b4e7-320b88e3c13f, 520,770,438,Yossi
a6e86040-4e5c-450a-a356-75231cf97c54, 883,303,79,Yossi
54473d76-5c3e-4020-be61-d96e63a824a0, 734,572,694,Yossi
a6a32170-7cb7-496a-a086-2ebd1938dacd, 422,670,462,Yossi
fb01aa4d-2c33-4858-9a62-fd3495697f13, 659,204,184,Yossi
96771fb2-5168-449f-b840-39d227a75f02, 350,450,287,Yossi
721969ad-f37e-41ad-80b6-d13d3f57858d, 110,960,675,Yossi
32a71ae7-f718-4552-af43-e0c08e7206a3, 148,349,373,Yossi
b317ce89-b2c3-4063-b012-85280fd23e21, 130,342,342,Yossi
166b11e9-a396-4f8c-92b0-f2e09af0c6da, 163,705,172,Yossi
408cfea0-4c74-4b66-8be5-48f6d5be84d5, 396,403,618,Yossi
51ef1351-f722-4c59-b1f1-e3416146043c, 963,51,239,Yossi
195746bf-fd7a-4074-ae0d-0ec9c8c6f5f4, 111,14,797,Yossi
b6127cb6-ab11-4f57-ae98-8f7c63732205, 989,22,589,Yossi
6daeef77-7919-42d8-8195-5f101cf3aea0, 597,410,488,Yossi
419ac5a8-4818-4926-88b4-494f078beb80, 640,364,956,Yossi
3b9f6cbc-642a-4684-88c7-96a74f5ef746, 306,538,562,Yossi
b69f2bf9-86b6-4d3b-a9e3-c5d8a317b5e2, 466,539,719,Yossi
ba3d9e00-7ae5-46fe-92a1-7c76a14385c0, 734,373,421,Yossi
a910ac95-3d47-48d9-8613-d1e806973d31, 65,753,959,Yossi
51dc5c07-606b-48cc-95cc-d123f02ad417, 736,571,865,Yossi
2d368688-9040-4af2-8e57-cc2129d889e5, 523,26,267,Yossi
caf77ab0-064f-4252-a958-e530f367b2af, 842,694,153,Yossi
10cafd81-0598-4318-8167-4340e43b1a8c, 943,240,436,Yossi
92388729-3f7a-4b7e-861b-bf5d22dd46c1, 488,119,938,Yossi
d1a1643f-a40e-4134-9e2b-e2c329a386df, 87,549,938,Yossi
4d1972d7-9d2d-44b6-a524-adee51374c46, 884,488,977,Yossi
2798ac3f-9140-4fa7-a04a-18b20be0f493, 384,855,168,Yossi
d7cada77-6437-4fdf-9f5c-650fdd873798, 608,929,863,Yossi
eac55718-51b6-4ed2-891e-b7a27feb264a, 897,229,677,Yossi
b66c2a08-f58a-43f0-a52f-6055f5410353, 817,46,260,Yossi
e08fb8e9-0854-4d28-b52b-9398fa845abb, 836,253,449,Yossi
67335752-2c6f-419f-bf72-7d11494d3cc6, 722,75,385,Yossi
f58f9ade-bebe-48e6-a2be-2e7f856a746e, 221,797,668,Yossi
369dbc7d-299c-458f-bf79-0794c193a819, 804,361,299,Yossi
b3ba0900-6985-463a-916a-a8b2ebef65d8, 126,976,420,Yossi
101aa4bf-b2b9-4193-8e4d-869d19c158e1, 779,648,822,Yossi
155b5db2-d01b-4218-bd2a-68ddd20b84d2, 481,180,266,Yossi
b7bd02de-80f7-42cf-a50a-b4c37f351eb0, 981,353,715,Yossi
5e76af20-868d-4cb4-aeef-9c773cfaa13f, 698,913,95,Yossi
29cdb2a0-01fc-42c1-a9a4-dfc93c65f252, 403,944,465,Yossi
56b10a49-605b-40d0-868f-909908dcb38b, 474,127,194,Yossi
1f4151dc-fa09-40f2-b806-16c92976bb87, 177,651,865,Yossi
6aef84a5-8816-47e2-a718-ba626a53f8ae, 489,363,475,Yossi
aabf983b-d788-460e-8d08-ecdbd883814c, 554,663,690,Yossi
6bebfc9b-4c08-4ce7-9532-b56854787627, 309,579,495,Yossi
9873aba1-0a71-4d77-909c-208d563a4b83, 867,483,952,Yossi
334043f6-e43a-45f4-b8c3-75967f8f5f2e, 443,118,579,Yossi
f1603904-1cd8-409b-984f-64830fc33558, 853,336,864,Yossi
bde1dfc2-0c3f-4f37-afc0-0e828ee089ca, 992,853,899,Yossi
a90c76eb-d18d-4353-8de2-59e979b7141f, 733,25,160,Yossi
5154ebdc-0dcb-4a94-9f69-8d4cfe419fdd, 290,817,851,Yossi
b6582ff6-94bc-433c-8ae6-492e7aa6307b, 204,330,235,Yossi
ad4a4aa3-827e-46b4-aa87-8943aa097f56, 105,948,326,Yossi
19620c5d-7514-472f-93a8-cbaa524bcf27, 554,291,286,Yossi
007abbf5-8c78-4489-b07d-dbb2bc5d57bd, 348,926,516,Yossi
fb1a7d14-b308-44fe-bd44-cc9446421488, 574,673,773,Yossi
de54fa09-afeb-4da0-9d3d-a70c19437733, 221,829,431,Yossi
72151fbc-0c1a-406b-b9ed-331cfd87038f, 142,958,826,Yossi
5d6a6502-6925-4d84-91ce-f3d377b6aaeb, 884,620,789,Yossi
7b743e87-9026-43f6-9e15-f91374f14c98, 328,183,796,Yossi
31f2d450-0de5-48a7-9e27-dfe08c30640a, 964,755,338,Yossi
e4b23aa1-f73b-4937-8b22-c985b9654397, 315,264,845,Yossi
a611ead4-a7b9-40ad-897e-d346a0329a46, 837,105,249,Yossi
1d30e9c9-3848-4892-b8f4-5d2d1a3551b6, 260,762,533,Yossi
e7d8d30b-8899-4440-9563-ce6d5c07dd01, 626,888,826,Yossi
1628e09a-b340-430d-9af6-6a9fe2e0db8a, 294,506,409,Yossi
fac025f2-6270-4049-b774-150fbdc8ebf9, 349,418,181,Yossi
4f210b28-7646-401d-a6ac-f0e50928e527, 127,513,194,Yossi
91baacb1-8b30-4719-ad4b-5507f3e54205, 728,148,857,Yossi
7b265137-f3f1-430b-8163-ce986a3c5165, 26,318,709,Yossi
06a1b84a-6cea-4764-b3fc-84c718ba37df, 445,775,765,Yossi
2875a383-b0b4-4b86-802a-add2621da8a3, 529,588,534,Yossi
e6aa9968-9d53-4424-a191-dbf1aab8567b, 946,34,662,Yossi
a8f831b2-a992-478e-bec4-4547e4996777, 669,736,568,Yossi
130a4037-105a-47f2-8129-b787ca3d5bda, 524,959,68,Yossi
3de04913-989d-459b-9a03-267a887c0ab6, 896,514,70,Yossi
43e988f6-5a4a-40ae-ba87-6445347d62c3, 998,591,114,Yossi
a2f4d017-a9ca-4a30-875b-865d7debaf5c, 381,978,764,Yossi
e70b7f45-dd83-48df-bf12-9dbc7d11d656, 615,838,243,Yossi
d47c8b7d-2be5-4d87-a8ec-ef55dee4cf5a, 145,585,117,Yossi
15008739-d5bd-4b1e-b50c-af4765aa2055, 986,811,786,Yossi
d7d00254-c80d-4b2a-873c-da794168abf7, 539,814,985,Yossi
51de7a0f-df40-42cb-801c-26200994fa06, 767,98,300,Yossi
a968ebea-34a7-49c6-b3b8-d85e62c7caf3, 292,346,473,Yossi
5794d9a4-74ce-453a-997b-676f2107c8ee, 745,679,681,Yossi
b52deb72-3fbf-423f-9982-3054e124990d, 611,601,552,Yossi
c1081e8c-06da-4f67-87d5-882bd8d9b460, 126,831,632,Yossi
ca517aab-1c07-419d-963e-f557294e3cab, 787,27,726,Yossi
c4211e6a-074f-47e0-9819-c2acc38a8c43, 595,65,796,Yossi
8fd96e1a-79fe-4804-9fa2-33c7e6a35ee2, 2,912,749,Yossi
192c8f82-9a2c-4bd5-b121-2feadf3eedec, 292,802,447,Yossi
7d3d9c6d-dd1f-457d-ae12-85b8c5c82eae, 546,681,923,Yossi
9f0b69b9-7769-455b-af0c-46dcd5e03b06, 781,984,145,Yossi
15968ed2-21b1-467d-9108-53034a4c557a, 81,129,417,Yossi
d0b0b4c0-45b8-4b09-9e4f-b6023252dadc, 768,706,246,Yossi
285695b7-d9ff-4986-8724-f7577838a2bf, 640,634,300,Yossi
64fe5335-4e6a-46e1-8f11-629dc0bf729c, 83,4,238,Yossi
dbe1cb6d-618c-4ef3-99c8-36fead678041, 689,19,753,Yossi
9fda9b9c-6ada-4431-a746-dfb5d6aa3313, 483,200,785,Yossi
b19491ab-6cec-4c1d-8137-8a98b19b5358, 61,942,750,Yossi
61e2c97f-9f0e-4e15-a312-91ef4689ca19, 189,766,185,Yossi
f754010c-d3c9-4281-b91b-915772ac9904, 550,1,543,Yossi
e2e439c9-b807-4374-aa36-48dc50a823e6, 26,200,996,Yossi
96eeba07-4847-4d31-b0cf-347936e6b3d4, 756,829,615,Yossi
a6701395-b63f-4b19-b75f-ed21d1311045, 408,46,702,Yossi
5054667b-044e-49ce-997d-6acf8ce951fc, 216,19,319,Yossi
0cddfa2f-09a1-4f64-80a3-886e2b66699f, 481,953,429,Yossi
003b3c30-12ea-48e5-a5a3-0c7815e8c583, 497,917,908,Yossi
1c1ba362-a6fb-42f4-a31d-55e9bb2a4ea8, 512,602,783,Yossi
f3c1ac8b-5240-4650-95b8-cdaa6695e4f0, 692,63,482,Yossi
18f6f9ef-a280-403c-8a54-fcf0e8475a8d, 139,721,42,Yossi
2f62a198-9161-4a88-8a9f-4fdf91b0de56, 394,890,362,Yossi
69e22e58-efcd-4350-a7a7-83f76c146f4e, 232,219,706,Yossi
07fc0c4c-af3b-4689-a7aa-e3c4b76c9b59, 701,614,435,Yossi
d9fed6ba-8807-43e0-a0bc-33a19b636ff0, 302,326,174,Yossi
725b30f9-b200-47f0-a3a7-932604e595c4, 621,282,972,Yossi
3322bf62-50c2-4d35-8ffe-2a06f754aac2, 52,268,181,Yossi
aef98a8b-5698-47bd-8d97-a85dd0d588c4, 466,578,987,Yossi
be58763c-cc04-4ac4-92fb-affd4bcb1a07, 322,691,848,Yossi
ae16b199-a24b-435b-8df9-1cc8dd42bfea, 275,39,397,Yossi
fed5d983-d8d4-4b9f-a97d-b7398b8cbe22, 758,333,137,Yossi
50a327d2-2257-4d64-b7db-892ed96a3cd0, 514,617,109,Yossi
2539433f-a4f0-4f42-a420-c0ee4ba54ff3, 574,14,154,Yossi
f9adf01e-3746-4018-afd4-53c18f3c114e, 340,982,799,Yossi
fd169077-a274-44f0-aace-87d691d2f933, 612,778,340,Yossi
868044e8-c311-4966-9ba9-5065190465b8, 992,196,591,Yossi
739bba0c-397f-4260-8740-d87da272d402, 735,890,321,Yossi
b285cb54-12a6-47c4-82a5-77c7efd54b99, 810,641,794,Yossi
8eb7741b-943d-414d-9136-81fb0772a689, 302,672,143,Yossi
3b60c7ba-67d1-49df-96fe-59ebc253f6a8, 53,72,200,Yossi
32742197-0bbd-4ce0-947c-bcccaef84a11, 513,955,180,Yossi
bec73dc0-cab1-4a19-8594-c16984420dff, 309,942,282,Yossi
c2217e81-9721-4b5d-a149-fb84632ed5cc, 299,786,707,Yossi
8e2890ea-d0f6-475b-b2b3-34654411563f, 65,47,268,Yossi
55f4f676-3510-4fd9-ab4e-d71c4a7ba8cd, 818,710,284,Yossi
4422c1cd-0200-4e41-8f1e-c46f2a334f0a, 380,852,799,Yossi
17c64b7c-88ee-46b4-b6de-2a596de346b9, 648,328,496,Yossi
3d1ff4e3-b8d2-4f44-a737-fbaed1f98c42, 257,539,148,Yossi
f3931f49-3bf1-4bf0-8a5e-0810c12dd104, 77,946,691,Yossi
840cf8d1-e39c-47b4-9bcb-7cb33881b4fd, 341,213,944,Yossi
47b68cce-a3ba-468c-b371-fd4fa4d2c8c9, 965,521,940,Yossi
ad45b65a-8311-4d7f-b882-7b9ea943ce28, 953,826,27,Yossi
ec4ba7d6-d352-4fd0-adfd-029d2948577a, 619,304,834,Yossi
c62f6ea9-ca96-4760-88ba-0ea6d2622740, 58,694,408,Yossi
5df87bf0-cfe5-4980-9487-3d51c8c971a4, 883,670,843,Yossi
24e9ee31-fc22-4ff8-ab67-491a2a4b0913, 54,991,929,Yossi
9622cec5-a575-411f-8715-502cc8c12d97, 511,920,818,Yossi
1a4a0bb1-38e0-4e21-8534-78cb23d4d657, 342,404,743,Yossi
86bf26bd-5a7c-4625-8913-51587baf6fa9, 702,257,417,Yossi
cf92524b-d6c7-4a7c-8951-0b922c74846f, 33,233,994,Yossi
78579864-e0ca-4d58-b685-28871503b24f, 590,956,573,Yossi
9503e119-faf6-467d-bdd1-ad2805d3ab27, 761,99,525,Yossi
9d620a2f-007d-414f-ae1b-105a39ce41bc, 326,863,882,Yossi
b5341662-ba98-4e98-a8a6-f92e66943f4b, 257,760,549,Yossi
1d790dec-aa78-464e-9eb0-019759bec76b, 963,590,632,Yossi
4c95b2f0-ad03-42a6-8378-6d2885a6dba8, 88,372,867,Yossi
12def270-4bae-4482-a82e-2efe665e8857, 303,24,954,Yossi
16045f09-c302-434f-a274-e686f4de926f, 760,829,292,Yossi
bb78ad64-c6fb-4568-94f8-d30fecee1220, 127,623,118,Yossi
4a4f7ec4-7368-4d07-853f-2dc8995477ce, 198,251,570,Yossi
7dcf8c83-209d-4cd1-94f7-619e7f23568a, 609,587,72,Yossi
d986bb28-e4b1-4558-92b3-2db1607f1b05, 839,467,736,Yossi
f4ba4dea-58cd-4b90-9147-5cc22effd1cf, 833,122,572,Yossi
b8e59bc9-e70d-4ad0-88d3-6b14565c872c, 319,727,128,Yossi
820af188-6312-43c5-87b6-ab4a157d74df, 48,254,160,Yossi
d706cdd1-4bdf-4ef8-90d1-31cfa5354a75, 269,378,812,Yossi
6854a3e8-b0d2-461d-bd39-39fbe2b07d63, 111,615,883,Yossi
d1538382-07b7-4547-adde-f41ef3ce4483, 548,728,209,Yossi
f643e106-32d5-4f92-8b43-a44719c085fe, 40,829,128,Yossi
e7f33746-7f22-4e6e-834d-e5de7a9bafea, 282,635,474,Yossi
cff6b115-8dec-4c7c-8268-d1f7a27aa16b, 408,128,612,Yossi
7417b1c1-f3bb-47b7-a284-b3c65f2c5994, 313,647,174,Yossi
2750f2cc-0c3c-4bd4-92a1-f1cda07160db, 478,125,124,Yossi
bd6108cb-4862-47be-ad33-ad266380ceef, 895,254,250,Yossi
5e4dfe4f-82cd-4aa7-9a61-60ef5e656266, 296,983,295,Yossi
502bcbe1-0165-4662-89fa-1c264473e05f, 827,713,576,Yossi
77b06646-0afc-4ee9-8cd5-04aae413cf74, 132,856,246,Yossi
dc0bd025-1104-4b5e-9813-65e88703c607, 304,87,635,Yossi
8a861b86-a93a-4e28-8ae2-b9b80d7256b0, 686,62,857,Yossi
9bc2c49b-842f-4414-9202-98756b6eed75, 861,799,637,Yossi
97d158eb-e69c-44fd-81e1-7d42fb12b44a, 609,552,486,Yossi
1693a4bd-3ea3-417a-8e82-8eccba46ba82, 99,909,599,Yossi
b2d30d66-536b-4f80-9da5-729eef07cda3, 514,733,605,Yossi
f08cdbf7-47b0-49f4-b32b-26a9114334a9, 985,790,253,Yossi
5fec7e50-0fa3-4a96-b6f8-2293a839ba1a, 689,215,361,Yossi
0e557841-99c1-4b77-8fab-9ba7751e59d5, 633,253,743,Yossi
00d352f0-58b0-4e7b-82f0-668347c9926f, 913,212,116,Yossi
31d73aa7-b318-493c-bbcd-c110e4f980fe, 551,150,777,Yossi
da07ef06-5735-4cdf-a6b4-bed44ca9d7da, 228,104,42,Yossi
0a99c30d-f2e3-478e-a6d4-66eba3b9449c, 976,626,586,Yossi
8ea2064a-1060-41be-806d-742fe2ce40df, 315,615,324,Yossi
48dd6867-8a76-474e-990b-483fbb604439, 486,287,701,Yossi
3d4247dc-dcbe-4b97-880e-e96acac963a3, 763,198,74,Yossi
b4761811-aecd-4a80-97fe-e93b9576e689, 695,313,978,Yossi
988d785e-d81f-4b6a-a4ea-cb32953f97a6, 969,146,67,Yossi
3232c89f-8074-4ea7-8d91-3c601556178f, 991,614,870,Yossi
9eab4872-3bac-42a9-88b7-54f16eeb0fa3, 275,53,807,Yossi
2a900db7-d757-4542-a451-40c80dfa6155, 114,947,588,Yossi
cf9a2835-79a7-46ac-8e75-fbff9d2ea208, 521,58,403,Yossi
1994f3d2-8dfc-4c4e-93fa-4da1ce00072b, 708,869,806,Yossi
e1bf36fe-91ba-4269-b84b-e03ea9d7e8f1, 557,537,108,Yossi
de629df1-c7b3-4d8f-bce7-64bc2c1096e2, 20,670,175,Yossi
1ae3fe7c-e5a3-4a0b-8038-cb98d5485a89, 928,204,927,Yossi
1dbdb969-96c8-443b-8765-a89ac598eb9a, 659,869,56,Yossi
6bf3c6f7-d61a-46ec-9099-b6c6de05642e, 670,218,898,Yossi
c2e3a827-c951-42f3-afd8-5bde86ad03cc, 137,580,4,Yossi
8b15dc46-aa18-4cf1-9824-86c7cd2444a9, 710,236,489,Yossi
2b58ddd6-a483-4efa-b049-55a57a8426c4, 170,701,573,Yossi
ed6fd749-c822-4039-909f-97d4cb47257b, 777,202,667,Yossi
258b54a5-c4fe-4b65-a023-10474e06859b, 735,963,229,Yossi
e3087860-daaa-4d4e-9036-0b0a0645f747, 299,55,327,Yossi
9f190531-3d65-465a-a2aa-d3133ad6bcf2, 267,138,774,Yossi
04b5aaf5-1636-4b0f-ba2d-8f4982c85786, 870,950,474,Yossi
6277123f-c56c-45c6-b472-2e5630a48778, 890,64,411,Yossi
c6b568ad-66be-48d4-ba70-5eb34aa394a0, 942,614,183,Yossi
76fc9136-3990-441a-a87c-a9f8203c460f, 752,443,729,Yossi
e2fcfb67-6536-4b74-acc5-0f8583342334, 688,384,476,Yossi
eff82367-78e3-4b3c-b986-0a10f31629bd, 399,996,633,Yossi
55dae384-a100-4a46-87cc-71c5601ca499, 318,388,834,Yossi
fef66ad2-4257-4ba6-964f-cdf6f003c930, 534,241,469,Yossi
25ea1770-d1e3-47c1-918a-ddfe89a437c5, 507,194,239,Yossi
4dbdd0f0-7f97-48d8-ba92-73d91b7e6828, 699,361,814,Yossi
3851aa06-baaa-4eb0-be15-fdcabb7bc8db, 727,403,80,Yossi
07272e93-76ea-46d2-bc45-bda83bf844a1, 125,266,629,Yossi
660f8b91-2ca4-4aca-bdcd-a8469849dc4a, 529,819,172,Yossi
e4f47c80-92f7-4ce6-9828-33ea3082aea4, 78,227,88,Yossi
7942d05c-57ca-470f-a648-56db6b42189c, 391,26,757,Yossi
a777917c-17af-4576-ac8b-4cfa00d30ec4, 936,47,580,Yossi
845f4338-c02f-42d2-be5b-646fba4f235d, 751,898,57,Yossi
184a288c-eed9-41c8-84fc-52d47c2c4e19, 692,948,749,Yossi
7c1fb0da-eea1-4a23-80de-e9f9a09bbcd1, 938,337,709,Yossi
5df479fc-3a21-42d5-9fd5-cb18c6edb5db, 5,384,869,Yossi
7b894d01-0bb1-4dce-9b7d-86461c1135e6, 173,244,254,Yossi
9a6d388e-1253-4390-8e5e-487bb9ec13d0, 367,25,40,Yossi
ee0fa2c2-a7b6-4e7c-a5a0-2a0eb38fefd3, 649,564,119,Yossi
b47dc734-f18d-4e5d-b223-c70c84413ecf, 846,869,178,Yossi
c2269f12-c56b-4b53-aa22-10186c99a0e1, 462,240,161,Yossi
61bf88b3-9d55-4e25-a660-dd1d531a11c1, 747,143,216,Yossi
5479bde2-bca3-4764-b95d-e1c6f26737d0, 710,569,147,Yossi
ebed33e9-31c6-4728-9c24-b8155bb780a9, 658,946,461,Yossi
543366ae-0478-488c-a94d-b9d5cf03743f, 757,35,454,Yossi
ea6bdcca-9c3c-41ce-9c25-fe3f9765e6eb, 330,185,928,Yossi
c4d44984-6227-43c8-8386-fd1303385509, 919,524,435,Yossi
382077fa-537b-4509-8abc-d2675112a47b, 302,904,982,Yossi
92bc6eac-a9b9-4b3e-9e66-96712fedadb1, 832,25,1,Yossi
b6916a88-cb92-488e-8dbd-0ccbeac252a8, 718,287,482,Yossi
58585d6a-740f-46ef-aba9-93581b2778d4, 461,904,30,Yossi
b66da899-6223-4446-beab-935fc0b63a13, 878,231,708,Yossi
251710ac-e19f-4fe4-947c-298be306bd7e, 589,191,194,Yossi
494a2bfc-c421-4b31-87a3-45a161ec741e, 493,294,814,Yossi
de9fdd01-dab1-4c02-8baf-893277a70d3f, 722,513,296,Yossi
328fe44e-433c-4c37-b9a8-a823ff49b5cc, 792,608,989,Yossi
0a079458-01a0-4ca7-a336-87bf8a520946, 584,320,379,Yossi
4d979dfe-be93-451e-9d73-c6182c58b472, 189,925,345,Yossi
f3dba111-0d43-479b-9656-f5462b63f705, 741,160,335,Yossi
bd293c33-db6f-4b45-94f2-c886efb5e840, 177,914,119,Yossi
931416c3-c392-4fc8-9aca-4d40b8cd8804, 215,991,282,Yossi
d707f2da-d171-4827-9af1-5842be9ab57f, 664,197,43,Yossi
ec814f7c-8153-463d-9ee8-0b188ce6358f, 431,878,802,Yossi
594383a0-d7b4-4a33-97b2-03fc8da56cf8, 745,739,993,Yossi
c50773bf-b892-4314-b2c2-500272e2335a, 734,426,231,Yossi
c605dc60-c954-4e1a-8e8f-1e6fbfb49100, 620,578,391,Yossi
9d9a7ddf-30c9-4807-b157-38026360705f, 687,41,416,Yossi
63fe7cc2-2e0e-4424-a912-379a4611ce92, 10,134,966,Yossi
b4d2c2da-5600-44b8-9c2f-19d15e246a60, 103,272,977,Yossi
1b952a31-58d7-47af-b85b-723d7dfc4fe8, 684,137,72,Yossi
76b9cb74-91ab-4adc-8cdd-a7995ce425bc, 374,412,276,Yossi
6d880cdf-96ff-458e-8f4a-43da9852c55f, 76,279,301,Yossi
6bf3eb11-9cf8-457f-85d6-2a114f0aaa20, 533,59,317,Yossi
2f773b14-7242-4ff6-9efd-ded640fcdbc9, 254,361,728,Yossi
d39f6bf6-b045-4468-825e-e17991e222db, 187,838,579,Yossi
b7bf724f-1aad-40b4-be12-06e170272889, 385,454,500,Yossi
5b711312-32a5-47a7-bbd7-09919383b68f, 115,122,580,Yossi
b9dc5b80-2a3c-4264-896f-0a869fb96041, 942,489,874,Yossi
ce6bf864-022d-478d-a3ba-862525ac9d24, 702,205,858,Yossi
dba70482-3409-4429-8e01-9ff6bc5755c8, 315,562,923,Yossi
ea709abe-9f0f-465c-93d9-aaa861bb15af, 64,746,741,Yossi
0d769711-465c-4a73-b2a8-7b978d214ba4, 731,371,328,Yossi
41a814f3-d1bd-4ba3-bad2-50e41c228a8e, 717,659,148,Yossi
5732a9f5-e409-42ed-be76-65c9ecdf6a7f, 928,88,520,Yossi
10001d3f-3c8f-4253-9884-9287cadc3461, 75,433,678,Yossi
6eee9981-bcdc-47ac-a381-c46bba1cf5b0, 686,822,294,Yossi
735f7120-077c-4ff1-bcbd-52292eb05b35, 387,716,817,Yossi
3fcdd79e-906e-49c1-b191-2113d6d385b6, 478,569,15,Yossi
b3a1b22c-2aca-483d-994b-f3981065bbd3, 490,430,922,Yossi
a3d15c13-eb24-4307-8648-c6f0ad2bd118, 401,373,74,Yossi
398da9f0-1a15-4a99-a4d3-8eb452ca643e, 442,218,495,Yossi
5ac6131e-9966-4586-9e3b-a9f882e3460f, 393,190,614,Yossi
6f4cb64c-bb2c-4d89-8c4d-fe5b6334df35, 985,455,467,Yossi
25eaac6e-65c2-4ebb-87c7-495e2386a050, 252,666,793,Yossi
9afbfc7b-69e9-4d87-b24a-64827a252007, 352,185,35,Yossi
b72f058b-fbb8-4872-83a1-d30123428949, 61,868,56,Yossi
711de0d1-f8b4-4bea-abe6-1b4aeda6c3ed, 196,16,382,Yossi
ae8f94d5-2bc5-4449-aa0f-eba78772586e, 564,926,844,Yossi
fe4c38ba-bc47-469a-855d-db99f9749148, 106,584,177,Yossi
6fb5e8f4-49e3-4eb2-a4e7-4ee9914f1088, 726,242,940,Yossi
2896c71a-22cc-419f-9080-441f938b3331, 405,317,287,Yossi
2c8d8408-34d0-4134-b0c9-154a9fb05468, 75,487,868,Yossi
9f62e77a-4b5f-496f-9985-ade4829d2b29, 25,680,244,Yossi
89c027ab-6e50-4f48-9ebd-707fa9cffcf4, 64,699,367,Yossi
77fe3ac7-e731-4654-8984-74559ea9543b, 825,136,50,Yossi
cde1f7fe-96fc-4572-a306-c23fc34af947, 24,127,384,Yossi
6bc539f8-e647-4f72-af83-8aa27d6abb50, 979,430,561,Yossi
033b01bd-dba9-4a1c-b130-1250035e5289, 866,205,357,Yossi
0d9157f2-d920-4ed1-809d-569c650c8bfd, 690,876,291,Yossi
1a562c85-3d29-4359-9a8e-eb12209a3dd0, 650,287,604,Yossi
9db28186-babf-4c2f-885d-a30f55f4be8b, 437,259,214,Yossi
9a2f6125-614f-4201-a573-e5bed8b1620b, 526,845,349,Yossi
8fdf9906-ab54-468a-a5df-9e4512cd90fb, 507,278,697,Yossi
1e579af7-d8f6-4275-8103-e73a30ce1757, 166,36,188,Yossi
2351850b-684f-467e-86b7-71d37782f855, 811,133,316,Yossi
713f7b55-bd2b-4a36-a393-8eeae35e57ce, 16,737,791,Yossi
6646ec9a-353a-4d53-9c39-293274967cd2, 794,83,458,Yossi
f7eb776f-9f90-462d-9cd3-d7291b5f0995, 792,746,810,Yossi
e66ea4f4-846c-4594-9cd8-b7c315f6f02c, 380,537,113,Yossi
0616cc20-0c5f-44ed-9e97-f339a66a58ba, 928,384,609,Yossi
d8ce054f-9824-4101-af3d-534d3fab7471, 578,374,394,Yossi
d663420c-1c68-4c0f-85e9-90b68b75f449, 638,625,440,Yossi
aba0c56d-fd65-403b-9bff-5061326f8d4d, 154,300,289,Yossi
17930f09-636b-49d8-8af9-85bdd1fc7062, 700,516,848,Yossi
066cfdaf-1e2a-4a0e-8704-5cd1f5039c54, 686,814,395,Yossi
cf54e4b7-23a3-4188-a1a5-0352d2d0320f, 373,56,73,Yossi
3ae3a64d-c84c-4961-b3f6-e2de869e1a9e, 42,675,139,Yossi
1dc911db-45a3-48a5-ae5d-6b7e49b04d70, 498,854,205,Yossi
a7075ad4-56eb-4fa3-97bb-f449a33ae6fa, 147,644,512,Yossi
5dba0261-b83d-4495-84ab-9685c787af05, 402,147,309,Yossi
89b93dc9-42f7-4057-99ba-87d369b22c91, 237,578,893,Yossi
e17b6608-e163-4301-a434-6269494cb808, 88,587,660,Yossi
73cc5a0f-ce2a-44b0-9c52-38a52fa9ce0d, 792,174,506,Yossi
0614d255-c3d9-40a0-ae15-7dba47686a65, 874,860,438,Yossi
0e0eb95b-84dd-4b4f-81c9-e40a316db2b7, 503,95,565,Yossi
d418ba54-754e-4652-beb1-70ed57925003, 609,107,931,Yossi
cda7fa90-43d6-4d62-b7b7-d5aa70095e3c, 416,7,482,Yossi
acab2023-7460-45a8-b714-c2615693d773, 41,887,707,Yossi
7a7d66f8-9c86-44f3-b0b3-76e97e89ca4f, 471,80,518,Yossi
23fb53b5-9d90-4ec1-994d-04d6f31cf31c, 190,492,979,Yossi
4aa23441-5267-476b-b151-af69d1a5678c, 927,751,153,Yossi
588e8b7f-57d0-4173-8914-b5c406abf750, 979,464,936,Yossi
bf282694-225d-408d-adce-0ec8f39f63c8, 953,598,227,Yossi
12c1a504-5a6c-4e55-b4a6-fb46d67c58cf, 733,579,881,Yossi
2d1224e6-7417-40b0-9a3a-19fd0329e3cf, 565,166,813,Yossi
ea47c01d-9fc2-4abf-b6f9-5d0b5e0898fa, 699,994,760,Yossi
feb91919-54b9-4e74-85a3-8447aa0a77ba, 638,536,538,Yossi
8a52b8cc-5667-4a28-99c4-48995c723978, 579,984,140,Yossi
36d1159a-4c05-47da-b450-cedce3df7536, 825,196,689,Yossi
0ab4c3f1-4f4a-4c94-90a1-359dce76410a, 186,616,507,Yossi
b1c8b557-8327-450b-91d0-1e900c96d5a5, 142,603,681,Yossi
9df004d5-9b88-40d3-b9b3-66d1f4a05cd9, 525,946,109,Yossi
bb74c250-eb50-429e-8215-c1fa7e0f79ac, 285,522,630,Yossi
6cfd2fd1-f950-4b8b-bd43-9f8ca99e0225, 628,654,507,Yossi
53f0e97a-41b7-4d4c-b331-4ede38a68bd1, 704,682,427,Yossi
f7708fe3-f645-4b01-82b0-1f9ccfcc3472, 600,475,722,Yossi
606fedf0-df84-4a01-b25d-69e6a96c98c9, 893,770,84,Yossi
d6c4ac8b-da58-489c-9fa4-10991183ddea, 757,551,954,Yossi
0a7ca810-2af0-493b-909b-b1347105c2dc, 441,348,765,Yossi
8a6a3cf7-cf36-46b3-bd02-96f9cfab8a6c, 14,154,268,Yossi
41e1ce7e-c719-4605-8022-1cd893e2f4f7, 248,768,980,Yossi
b020e9a5-9d12-4fe3-9767-9386ccd660d7, 719,591,974,Yossi
2e3f54a5-35b6-4ead-bd50-412d07bc7aeb, 200,41,218,Yossi
4046a781-8c87-477b-807c-3e7a7df3f6cf, 704,415,472,Yossi
6fb08b40-3b40-4f69-b374-5995bb2d7022, 130,11,880,Yossi
36de4759-c08f-4fd5-88b9-7f250328db50, 32,873,303,Yossi
d795ef8d-09cb-4c2b-9869-758d1f89c2e6, 712,225,720,Yossi
a53fc213-2454-4037-a8c2-c3321842e4e5, 966,292,845,Yossi
a7c21b89-6a4c-40b4-a518-cc733033cf82, 424,384,53,Yossi
6be8f4a8-1010-41ab-88ff-e628f2fcf6e5, 725,84,599,Yossi
097cda05-8a27-4fb5-a720-5a979b78daff, 343,272,369,Yossi
5895af5f-c79a-418e-a2d7-d059f7b87e80, 362,380,884,Yossi
11fac64c-624d-417d-be58-b856a1fbfa68, 526,984,91,Yossi
3de6b0b1-7aa3-4c94-a9ec-f8d05a62d892, 451,400,434,Yossi
f4ecc5a9-36ab-4421-a650-7961fa582f74, 504,189,356,Yossi
b5b3f32e-613c-49a7-8c22-6d26f9458600, 610,627,541,Yossi
50ece10b-ed87-43d8-b930-6714583fe77c, 74,410,473,Yossi
e8775e2a-cdd6-46d3-889b-3d591d2d079a, 463,301,927,Yossi
38bbed13-80b7-4d6b-8407-b84e3ae84349, 547,280,477,Yossi
0fcce944-b3a5-4ad9-bd4b-99aca90963bb, 136,296,208,Yossi
7faa762d-b7d6-49c7-a890-6882d72f894e, 922,474,955,Yossi
cc3ff705-b518-4c86-ae57-0bfbf038aec4, 618,362,143,Yossi
eb9e4222-0385-4757-94d6-3c36a4823064, 104,767,629,Yossi
0283e792-d090-45d1-84bc-911637cf54b0, 995,504,888,Yossi
1622b8ef-166f-4ad5-b93d-9365efe8e0d7, 213,261,824,Yossi
16f4b140-aeec-4ba4-946b-b78c244773ab, 286,462,103,Yossi
bb734660-ebe5-4994-b789-9f258a3f1fca, 490,812,755,Yossi
661581b6-549e-47ab-93cf-89645e99f682, 511,652,672,Yossi
5230b1cd-f18b-48d5-b4ec-86e5dda44a8d, 126,878,969,Yossi
92634325-94d0-4e95-af24-4d3a58888173, 440,813,100,Yossi
2aeea726-4768-4795-9de8-fade83291694, 408,391,689,Yossi
cae63b34-99c2-4085-9618-efd5d2b556b9, 881,527,925,Yossi
5a53e113-e2f1-4e36-8aa8-9044fc675c94, 478,885,825,Yossi
3a162383-1aff-4cca-85f7-b3924985d3ae, 213,506,859,Yossi
ffe1ce9a-7c63-4c95-9f5e-5b01fa3a539e, 910,78,904,Yossi
cc8b6ce3-91fc-4f72-a406-8c1b0376586a, 584,251,40,Yossi
3ab0588e-6cba-4851-9a6e-85dc0ba44cc9, 104,262,817,Yossi
433bdb0a-8845-4d62-9da4-2dfc1b2251a4, 374,645,482,Yossi
d556e6a3-6a11-4ac0-8668-3eff116c7cb6, 452,412,821,Yossi
df6a3f93-55c3-4d7d-b819-1f29ddf1e84b, 283,492,483,Yossi
71555f8d-a361-4507-b25f-259755370f1c, 172,663,952,Yossi
823a1695-52b6-470b-a98b-4c1e4d5bcbc9, 529,588,114,Yossi
aa88a6f6-49ac-49ed-9d29-3468a8479422, 199,330,732,Yossi
bde72e71-6f93-4850-bda8-eab6f1929faf, 897,806,575,Yossi
77ee7ae3-aa3b-46eb-847b-08d9913bea4a, 277,277,306,Yossi
0235face-f93f-4738-b67e-ecd33fe5352d, 895,599,574,Yossi
d727c537-2d54-4038-ab6e-864f9b96f5a2, 767,541,628,Yossi
df63d6eb-1695-4cb9-9423-99f6410ac5b6, 930,336,552,Yossi
38571c83-f9ce-4a3e-90ed-7e94b4d01ff6, 282,34,745,Yossi
40e4fa1b-10f2-467e-a481-63b9fc4d849b, 208,430,116,Yossi
7e99a98f-14a2-4dfe-8ece-373a0c419e56, 105,196,393,Yossi
7e6e31d9-38b4-4dc7-add1-6327307ca9cd, 343,41,842,Yossi
63cb4375-071d-43fd-ac9d-0da3148b79e7, 905,382,489,Yossi
374dd113-f91d-455b-9c55-6984930d95df, 791,385,920,Yossi
273d55df-96ac-4573-9de8-627c15be6573, 307,206,454,Yossi
705a1be0-36f1-47dc-83a1-ef81c43e0660, 242,98,368,Yossi
6d0cd157-d85e-4bb0-9131-408ff45d9db9, 176,556,811,Yossi
b000dd33-1d32-4d3a-97ff-19cf1a027247, 247,515,950,Yossi
ec92d415-94ce-4d6c-85ed-2d771af54662, 853,241,328,Yossi
e77deb93-82c1-4192-bce0-742bd3411f33, 401,248,554,Yossi
f69cb4d0-3e8e-48ce-8f29-a0d9d805f7c2, 368,990,899,Yossi
e957257b-c58f-41d3-aab6-9856e318da24, 616,793,611,Yossi
524f2caa-4ad9-424c-ba43-d98d0d564923, 183,932,237,Yossi
54ac25b5-d342-4490-8323-beeb3081c2b2, 463,988,218,Yossi
3fb37385-6e1b-4cf8-98a6-8a204529bf6d, 86,974,156,Yossi
b6096a7d-bbe7-465f-83d9-10397a7dea8f, 707,623,131,Yossi
5282bbc6-2152-4d53-9f2e-f24e064a1431, 99,40,934,Yossi
bddc2ae9-97c2-4e91-9ef1-a250a7b614cf, 377,32,873,Yossi
19e9a0e0-942f-467b-b844-20d53d352972, 303,857,679,Yossi
674a5900-801a-4ca5-a16c-9bf522f5586f, 441,488,798,Yossi
c4b1ab16-a1df-4b9c-baca-1cbfc3b4d5e0, 515,505,134,Yossi
8b321423-c84f-4812-9be7-f910d5951ffe, 933,423,393,Yossi
0ba0ecf6-3ee6-49d8-a390-7a0770d80a54, 21,689,412,Yossi
662a891c-ccd2-4bf3-b469-a21dd9dab908, 841,60,164,Yossi
b1757959-0482-466b-ad7e-47394ee2d5af, 132,712,566,Yossi
21247262-61ee-4bd8-9f09-97051e0e39b2, 594,162,539,Yossi
0cc8a04f-5980-44d8-847b-c6c98715f021, 795,147,616,Yossi
4f74a5a8-179d-4883-be72-c72f9683f4fb, 197,302,208,Yossi
bbf9ff58-da7e-4921-9b41-71f5927e18c3, 619,990,959,Yossi
3e90513e-8fbe-40eb-b02e-f0b4e413cce5, 27,314,935,Yossi
bc44ea38-aeec-488f-b027-99d58ca5a401, 930,740,445,Yossi
f606537d-1d4e-466b-9be6-83c29705afb6, 437,947,484,Yossi
62eacf2e-6039-4680-b1cf-fe970a926cda, 84,151,552,Yossi
d80e99e1-2e09-4140-afb0-cbf8887c5c30, 762,686,933,Yossi
71d87c36-e756-40e6-b887-bf9d4df0f12b, 717,256,979,Yossi
6073d079-e5af-4121-81c5-886cd10945c7, 770,246,319,Yossi
25b1b92b-fe77-4660-91c5-bda55280457e, 307,708,696,Yossi
5f29698b-118d-42d7-9f51-5df8805710cc, 141,645,341,Yossi
c2771ef5-21e5-423e-985a-93e8a5be7255, 183,318,203,Yossi
9b465a4b-a5c5-47c3-bc49-8d3b84df4afa, 925,314,432,Yossi
4c17f4fc-7716-422c-b701-f2c240384bab, 432,993,376,Yossi
f62e356c-8500-47fd-9614-832cfcee5a8d, 476,910,319,Yossi
9f343cf6-8f06-49da-b9ec-839286d08c6d, 718,694,763,Yossi
855f1466-5749-40e4-8293-c898811b1634, 82,510,11,Yossi
3b05c036-a5a6-461f-9b98-0147cf3e40f7, 985,33,460,Yossi
df9e447e-213a-4ec0-9d46-c99e7cc9fc55, 682,479,47,Yossi
3a3ab6ee-cc04-4d81-9b7b-e7294dacf41d, 228,847,744,Yossi
dd44b169-d25f-4c83-95f5-f8b29946f555, 641,718,604,Yossi
c19dd6da-629f-40fa-97c7-fe5aefc3dcad, 239,790,95,Yossi
2d1d5bde-262e-4b18-b7b9-0492bc87dd45, 104,255,630,Yossi
8bd358df-fe52-44e5-abb1-48cc2ebf4f42, 282,158,836,Yossi
2629ff3a-e99a-449d-974e-20635ed133be, 121,330,691,Yossi
9ef21b86-934c-4b34-88f5-c5865665d2cb, 558,242,345,Yossi
ba190640-169c-43fd-ad50-0778518e7e67, 660,53,551,Yossi
4d7107d0-0d1d-410a-aa47-bbb9be1fad7c, 554,226,199,Yossi
644772de-e886-4858-ba83-84a2be4254b7, 685,154,613,Yossi
f3fe4c54-dd76-4fe1-8b18-f13a9587fcc9, 880,499,838,Yossi
74d87aa5-cdb0-4098-8256-3b0ab4b28e4a, 157,698,466,Yossi
351ddc0d-5c3e-4ae8-85e9-54c3afae146e, 686,790,276,Yossi
8ebeb5cc-0416-402d-891e-b90883974d17, 770,237,120,Yossi
5e9e432a-3a8d-419b-a302-f39bc52b0b8a, 224,614,439,Yossi
76d16574-fc5f-4dee-be90-7ff1270c4e56, 134,799,353,Yossi
0b36ea5f-edaa-436f-81cb-50f58a008710, 174,865,702,Yossi
78b174c5-ba3e-4978-a444-093d0b398215, 767,124,237,Yossi
bf003199-240a-4364-a71b-6cb12f896b0a, 700,566,795,Yossi
23ca0a12-e530-47e1-93a8-1c0f22a9298d, 194,87,492,Yossi
eeec39f3-82f6-4c28-87e9-d45955bc4566, 406,553,636,Yossi
6f66e5db-b443-4f76-b77f-90c1116cd1ce, 481,223,754,Yossi
a0b8417f-2871-43cc-a239-7d0480d3ef24, 790,125,459,Yossi
5902b84f-f0d5-40c0-b257-e70e31f8ec65, 370,433,538,Yossi
0fd5c65d-952e-4d47-a3ea-8c59cbe1063b, 416,786,6,Yossi
c0a5fd8f-1d42-405f-aad3-39a2e5ec4cd5, 225,437,438,Yossi
4a6da436-657c-4517-ba79-80450ad12f26, 112,420,426,Yossi
d2dec974-a2f5-443d-a534-452250b1fdf2, 844,512,287,Yossi
d2b69c5e-ea45-4080-a3c5-e3f3f7682e02, 910,113,375,Yossi
17fe8fe4-a413-4bf4-81e4-4bb55ee876bc, 601,455,132,Yossi
de9997a8-f5bb-4c71-9910-b8eb96863c7d, 669,492,703,Yossi
7856c78a-86c4-4c85-a3d2-c8ed90be300c, 782,365,683,Yossi
1342df65-0b67-4763-812a-5684c96bd97c, 483,742,391,Yossi
afb4c772-6b71-41a9-bc15-e2deb78e8f63, 684,342,674,Yossi
739f3000-337e-4647-9774-4db4c3b6a61f, 893,802,433,Yossi
b3caeed2-e1f3-4011-b403-c7d348e87a02, 164,352,337,Yossi
d2776f42-7b01-4c6c-9459-6b9ff79a4ee0, 231,476,130,Yossi
eae84d78-da0d-4cd2-bca2-24deaaa64414, 357,83,665,Yossi
a585dc79-bb3b-4430-ac3f-105f0f72dd42, 67,560,41,Yossi
a4e0844a-7891-4a23-85b9-34f7a00bf131, 349,570,111,Yossi
800eeea0-a4c3-4641-a900-0ab69ca705e1, 379,189,669,Yossi
0744e250-98ff-409a-9dcf-fbe92fc85dd5, 327,700,939,Yossi
4e1be516-178b-4cd7-81f3-7e954547b31d, 834,632,421,Yossi
c4353f02-2747-4e40-9662-ceab3c73d80b, 322,741,693,Yossi
e8c6d611-6cf4-4dcd-b13e-8e585a0573e7, 47,426,78,Yossi
92a97d83-0f3b-4bfc-a043-7f09f10b3026, 751,950,709,Yossi
bf49b7c9-5231-42f4-9be1-e8f0c0d45fc8, 853,746,759,Yossi
cf77bdc1-8ee9-408c-b754-ff64a3e4af1e, 39,371,978,Yossi
73b9787d-546e-4f45-95fa-147c09836d56, 3,312,410,Yossi
d7d493f8-0343-44a0-ad15-c4792474888b, 38,716,804,Yossi
05522a20-cd53-4030-8b40-115416d88d09, 642,134,173,Yossi
3e257e83-394b-47da-a6df-353936eb399c, 281,305,154,Yossi
5c01fa40-9e69-40e7-81d6-83640e9527af, 5,566,102,Yossi
62880bee-a52f-4202-8ab5-a1b8f2dfa378, 492,329,719,Yossi
0539df38-821a-433d-9050-28effcf4ea8f, 915,908,733,Yossi
a228e396-908e-41e2-b450-4c1d68ec0e0c, 436,311,655,Yossi
c448b71f-8994-4645-a430-49881b8dccde, 588,315,608,Yossi
cbbc9392-6486-4894-813d-ab31eb394acb, 330,495,822,Yossi
8d17a2c1-ed66-400a-88b9-a764c910e851, 351,341,817,Yossi
a9e61266-a8db-4286-bd61-59847d70ab54, 690,325,388,Yossi
6fb4f491-a44e-406e-9d47-f2f5bb0c6ba2, 530,796,915,Yossi
