80e53db6-11f4-47d2-916b-8c62c9184500, 467,693,84,Avi
19df2003-2f14-44e0-9d02-6dbc78c89b8e, 544,172,382,Avi
d9b8eff9-b6a3-4618-a128-9e49af32417e, 430,58,243,Avi
71679679-ac2c-4689-a174-2e4fff948b10, 222,533,335,Avi
25339e0c-70c3-4eea-8ca2-70ea99fdab71, 825,323,273,Avi
c6a03016-568f-4f03-9cae-323fb7cf1b86, 627,190,414,Avi
ed28c780-55a0-411f-9e86-4bca8b716b8b, 967,499,984,Avi
6baebc8d-323f-45a2-818f-164e7ba8fe3c, 636,597,708,Avi
b8c4fd8f-a488-43db-8587-58f85ccb586d, 826,799,276,Avi
4a0a6834-15a3-4a0a-a6bd-4ab07bc02fba, 255,199,475,Avi
93e03a06-d84c-4767-98a1-026fac826d63, 959,256,191,Avi
2879def6-0c51-49e6-9b51-7c6f8309d138, 136,563,910,Avi
3bdcd3f1-1f32-4df8-9a87-9dd3eadad128, 682,311,448,Avi
05fa3177-d93b-466b-80a8-867fb36c9cef, 976,130,516,Avi
d4015941-90c1-4a35-b831-17a7b7cbb880, 185,910,742,Avi
eeb68598-cb6b-47f4-ac44-772abe9e756a, 125,702,479,Avi
35c9dd0c-4011-4a33-a7dd-4a776ed3f7bc, 546,251,734,Avi
afa854b9-c041-4618-a865-4cad76939d02, 245,240,321,Avi
e249ef94-277b-440d-a404-33c71be27724, 226,829,96,Avi
9ea6f7c9-8362-4a0b-8314-2f2226927e8a, 375,717,372,Avi
a1122504-ecca-4d99-ac6e-8eb5a4b04103, 106,175,858,Avi
bca669b4-626b-4837-ba0b-327e0c455f68, 766,261,277,Avi
b161ff8c-fce1-42df-9475-89df3b447a04, 144,689,758,Avi
6a11123c-69ec-466b-a0ee-b3415e7ace02, 361,944,877,Avi
466d43b1-6ac7-4ffc-a7c3-4e9e588bbff9, 965,990,370,Avi
32b86deb-b6bc-489f-a97c-7f418be9fa19, 469,452,686,Avi
eb8b14eb-511b-47d7-b6fb-f292efd8f1f8, 964,701,98,Avi
4dda74e6-a77e-4a9c-b80a-37d94e63fb07, 796,707,946,Avi
ad1e1954-cb66-4567-9020-b75e99409a58, 739,715,17,Avi
eb04bf37-d858-4a25-9944-342182036e45, 869,908,733,Avi
b3d5ba63-1199-4663-b000-569d169e655c, 814,307,592,Avi
2ec84b16-033b-4a45-95ae-e77b7028e27a, 77,870,954,Avi
9a5ecebe-4094-4526-b961-5cca16f0cb28, 656,417,649,Avi
eb4e3227-aed0-41da-b788-cfc7f0d66b8c, 466,979,13,Avi
b0bd3cf0-bb4f-40b5-a2f9-1a760c958586, 719,185,306,Avi
c3a5767d-460e-4abd-a4ca-f50de847bb7c, 855,279,248,Avi
e292c23f-d478-4148-9f35-91ea3355cc3a, 950,756,377,Avi
c132001d-479b-4419-88ea-e9f2b462b94e, 409,410,16,Avi
9f093728-62ea-4ae2-a936-2117c03e63ef, 274,309,466,Avi
f8ebb80a-babb-42e2-a58f-ff4d893c72c7, 911,28,544,Avi
6d6a35ce-8e04-4f5c-911f-82e6bfe86808, 260,274,779,Avi
0aacb618-e168-4240-bd8d-d3dbfb79c0b4, 26,545,637,Avi
4f0c06cd-ea4b-4ad4-8e1c-ca04b5261063, 286,888,120,Avi
456e128d-5207-431a-a461-9e4b29ba5fd2, 414,811,36,Avi
7339059a-c6df-471e-b15f-ed428dfaec10, 38,498,721,Avi
74b05241-925a-4b99-a152-5b209f2fbc55, 85,77,523,Avi
fce53b5d-10fa-4401-b849-6c040db3abfc, 641,882,437,Avi
47ea6b48-faf6-4d8d-9b99-38ef12c06e88, 767,917,152,Avi
1af40695-0058-4804-b378-f6a7cc444ad8, 356,406,896,Avi
f5af5f8a-c001-4999-87b5-ec88e774cd63, 577,801,562,Avi
7febb27b-c7bf-467b-ae67-f96b4cd45f1f, 488,744,390,Avi
d33fd800-d244-4a15-86a2-328642660ab2, 105,207,705,Avi
92c35e39-704e-46df-8857-a09a4dddb523, 233,694,639,Avi
fe75f54f-f649-40f4-8961-47895784d412, 668,570,389,Avi
3ff6b45f-5828-432e-9802-e7f090d6f1ec, 129,536,944,Avi
a5477b17-0d25-41a8-af5d-57cc0e3d93e6, 342,371,910,Avi
ab419b12-22de-4235-8d86-de6685f7dda6, 294,189,232,Avi
7c254c1e-1b69-49b2-ae41-84099b556946, 942,271,144,Avi
af5f960d-4f26-4ebe-938c-f6d6fd815779, 108,491,356,Avi
7e778162-ccdf-4218-9a6d-3029ea296d79, 627,668,139,Avi
544ab132-e11b-427c-8c15-24050bfeab7d, 739,708,88,Avi
a1d4d6f9-5747-45d5-b78a-a8c76c426dd9, 556,925,67,Avi
3c8fbc90-679c-470b-a67e-2bc4a87946ad, 645,931,292,Avi
1d048c10-0175-44df-8f40-7c2334f76de2, 16,851,381,Avi
a35f2c7a-6411-4622-ab96-8d7a5b86afae, 882,972,312,Avi
bc3a7d5b-2c67-4b8e-80e6-9bef8057bdc5, 48,639,381,Avi
309ca517-b87d-42f3-b17f-6feb2c3a5c05, 207,15,36,Avi
c6fac567-b7a4-4c35-8c45-444693c34283, 984,283,612,Avi
da7b150b-dc49-406a-97f9-8adfe3f1664c, 330,544,474,Avi
f2ed64ba-b122-4018-a4f2-cb4f6eab3879, 246,996,714,Avi
80fbcddd-e942-482f-8e03-217025e190c6, 350,604,27,Avi
d09641d5-bd87-4c9d-984a-c7ead3975ac4, 500,927,861,Avi
1a03e72a-48be-422b-899f-271f7afc8c22, 302,571,609,Avi
507e5ee4-1d4c-4955-94e2-bbdeac6acd5b, 877,696,439,Avi
c422a4f7-9f6e-40a8-b827-471f25eef213, 619,278,337,Avi
410fd6b3-a826-4d01-acc9-d493c17873b2, 850,61,297,Avi
f85c2e74-1850-465a-814e-67884b620e02, 831,60,850,Avi
7b0172fe-2457-4e11-a146-90a17a8e42d1, 973,421,654,Avi
60500bbb-f5ae-473c-bebe-c1701e406a6b, 104,754,425,Avi
5604a84c-c4f9-4137-817e-2a449c5e10fc, 474,227,382,Avi
969461c7-84cc-4b6e-933c-1dd88cf0f24b, 592,400,934,Avi
902f3384-66e3-42b2-a2e7-6fe3dc676d91, 576,664,248,Avi
447e2170-6c92-4004-b7ce-dc3fdee22fc1, 355,382,46,Avi
e86ac93f-e268-402e-a197-2e8869f7a996, 449,745,68,Avi
082b7715-b0f5-4605-85b4-de150e05b57c, 771,328,318,Avi
5e31067a-b024-4808-afac-2efcfb6b3e8a, 595,366,5,Avi
2d9f69a6-6c3e-4c67-a90b-f3f3ebe66c40, 276,479,483,Avi
0d41f551-d611-444e-86d4-f3a4cae41a4f, 177,413,936,Avi
6ef3fab5-957d-403f-ac87-cf7b6ac29a48, 863,376,183,Avi
2df88bab-cf64-4e85-8990-ba6edeb8295b, 372,397,173,Avi
aae6f865-131d-4b2e-b4af-2eb36dc19d94, 437,827,345,Avi
9c491fe8-f9bc-4493-9b05-7741ff7b86f8, 228,286,297,Avi
992faf57-657c-4bf5-b9cf-b20063ec39b1, 504,43,612,Avi
9bfeee61-45ad-4bca-954a-57a8f350e7f1, 89,495,677,Avi
ab630cc1-81bb-4e92-976f-2a18f155dd25, 252,382,314,Avi
17565c2f-d7a3-4594-8671-a0ccbffa6c73, 782,203,94,Avi
ec4fa594-c0c4-4df5-bbf8-dc218c50236a, 336,508,388,Avi
74e47efb-04a5-4f56-97b3-690019beb912, 420,198,747,Avi
b6e730f2-a6cb-41ac-b045-4f7a3e3fa65f, 897,415,985,Avi
e73cfe15-d01d-4fd4-9529-b804e4cf309f, 997,712,289,Avi
efca7126-29b1-4add-999a-a4710307b3ef, 65,982,984,Avi
f76d8e14-5dc2-4ab1-bbff-9d7db51f4bd1, 871,13,916,Avi
8dda88b7-b500-4ce2-b726-194fe4ec5f57, 722,543,42,Avi
d535856b-cde2-43ef-b740-b5a63b473441, 21,92,324,Avi
e4ce4ccd-9865-4d0c-aeba-d388257a5deb, 391,187,982,Avi
84713437-f305-4b14-a087-ab32a1d1489e, 805,923,32,Avi
2c64bd11-b3c3-415c-9447-28d7798f6475, 622,81,174,Avi
f590db95-20bf-44b3-88d3-89dbd0abdd2e, 90,36,888,Avi
594edce2-d940-4ea0-93eb-9c7cb17b43b5, 783,17,630,Avi
c5879635-df50-4c7a-a58c-74d0f0fc1db0, 596,329,869,Avi
d7374fc7-a1f3-4b77-9d08-50b889d8040b, 311,506,329,Avi
14fe79bb-3ab6-43f6-b8e3-0404bb011766, 324,25,512,Avi
c2dfa1f9-4c3b-47d6-b281-dcee2aa32eef, 692,380,370,Avi
e47d2ac5-0fd4-4f09-b57a-d0870dc3aa56, 396,61,658,Avi
2de9ef3b-427f-4ad9-97eb-48d76fd1dcdb, 52,316,417,Avi
4ed81e41-9103-4db7-9c5e-c30839ddd942, 65,29,11,Avi
a41c59fc-38e6-4d42-90af-2c501b35d322, 763,93,491,Avi
9846f504-63ef-43a5-8677-f43ba985394f, 953,375,632,Avi
b8addc24-9249-4e6d-82e8-7238b66daaae, 116,973,947,Avi
3894fc4b-071b-4023-8668-31b557655cbb, 96,88,994,Avi
b61cde6a-e453-4b4e-b31e-6c2819e98974, 287,126,215,Avi
fe925445-6153-4bd3-8ece-a374d9d25e2d, 172,709,584,Avi
43e2846a-f1ac-48c1-9fb1-bbee5968e827, 993,68,163,Avi
b08d3308-d1dd-4b0f-9ae7-7a53c7e3afdd, 471,113,544,Avi
339aae54-5668-4d02-851f-d590de0d64cf, 661,226,20,Avi
7d6a04ed-6093-4f16-8f80-56121f4d0d9c, 515,39,719,Avi
06ecbba2-965b-4be7-916e-5526b8fa916a, 472,719,986,Avi
b518d950-705a-43b8-b9e8-2910d2591bce, 619,832,237,Avi
e07d569f-bb3c-4ccd-bbf1-32e792387dd2, 379,356,131,Avi
75419fc3-ffb1-4c48-b77a-d73a2c1c4f5c, 696,209,50,Avi
1555d401-9177-4d62-b5b0-0a3983fbb06f, 564,596,292,Avi
ac34ee31-fc0f-4d2c-ad39-ce03129bb63b, 374,110,933,Avi
84468f07-c2cc-48e1-98c2-e16838073f24, 444,878,605,Avi
38443e0c-7e28-470f-ac29-8ac16423d152, 831,70,960,Avi
2b5e576f-8de3-4a33-bb9a-a5ac5c3d1e94, 846,293,978,Avi
e935d36a-e030-4c38-b46e-fca43d6bc8b9, 945,293,150,Avi
9d09306a-6651-4ca7-9947-1f612c72e721, 612,599,935,Avi
4cbf2ac3-3fb8-48ee-b232-bc094b5e100e, 228,623,368,Avi
35f7617a-1f27-4ca4-942d-8675971f1031, 8,666,293,Avi
6ebb0a34-5042-4d71-8883-bc63c2971bec, 976,792,354,Avi
c9d83816-cbf4-4c59-8b4a-781704059fca, 454,298,858,Avi
041701b8-766b-444c-a036-4001691c34d7, 113,905,515,Avi
68e6ece8-ba0f-4371-83ad-88259e4b60a8, 252,287,117,Avi
5a39c02d-22d6-4b0b-af1b-514af2b7f05d, 86,72,159,Avi
9174ccf2-fdc4-4d73-bbb6-90a04ca4bf09, 115,639,649,Avi
0e3e7043-7869-4450-89e6-5cdf4a331033, 27,772,540,Avi
43c48b06-b080-4174-9102-d629cb13fc38, 257,432,63,Avi
be0f7593-c369-4669-bb89-9c548b204e8e, 979,84,608,Avi
4cfffc0e-9816-407b-9e85-917e28776c67, 114,336,971,Avi
04de74cc-d24f-45cd-8a1e-2fdaf54615c5, 923,366,442,Avi
3f024ac9-7506-41b7-999c-c833f03e7985, 641,466,87,Avi
749c7853-edfe-43a8-b6fa-aaad8b1e581f, 251,377,771,Avi
9deaa424-a9ca-4553-beae-4cf1f2910b6d, 102,734,386,Avi
deb0f066-5a07-4dd6-bd69-8595f195f451, 463,694,6,Avi
5eed4465-88bb-4d41-93a1-176746730d2f, 34,526,528,Avi
25ccefdd-47a4-4107-b077-c493a8ecd510, 777,114,983,Avi
90aa506f-009c-4294-b398-db23fdb5797a, 717,979,893,Avi
e1e04402-cd1f-4e8b-8e6e-797dd3767ca9, 752,719,361,Avi
e9dfe9d4-c033-4c17-8d06-5a3d5cba7494, 291,473,214,Avi
a745aae0-2387-432f-a83c-bc6408681895, 250,998,570,Avi
73e56039-479a-4f83-90d9-3e0894769385, 542,327,920,Avi
2c6cd7d5-c146-4940-891e-3e777dfbf225, 673,444,604,Avi
4b57184d-f9a4-4704-87f9-a8163f4657af, 72,862,262,Avi
65bd249f-54e8-4bad-addb-2123b764f115, 876,924,38,Avi
11ba5cd6-8e11-4043-928e-88a21f509e93, 154,792,736,Avi
45a83587-616b-42f7-80e5-75808366b84e, 58,946,556,Avi
c7ce377e-6bf2-4ec9-8d61-040c255d8579, 80,336,222,Avi
349c8dea-2faf-433f-ad19-1b720f0586e0, 987,207,385,Avi
9da682ae-65a0-4850-af8e-2908bbb50369, 547,887,745,Avi
fee6df53-631f-4959-8e43-b9c8e6e9729a, 725,958,903,Avi
94c80cb1-141f-405b-a60c-cb54670bd297, 558,850,735,Avi
deafc9ad-310d-4065-8e51-1cdfd4b8d771, 815,920,368,Avi
cef2ed28-d50d-4916-bee3-91cb80159eeb, 85,359,83,Avi
57671af6-d8f2-446b-829f-5731be7e7166, 922,705,251,Avi
d874e9fc-88c2-4f4b-a6a6-697987a1f922, 721,840,56,Avi
0fdebcd3-88eb-43e1-910d-449ce00e2db2, 855,598,925,Avi
2587b3f1-9ec8-4e2c-853f-01b490526d6f, 623,234,525,Avi
2e4e4d9b-aab5-454b-ac58-1e2e378ab86b, 656,171,662,Avi
5f7ee8db-23ba-4b84-935d-278c9a7f4af3, 348,553,121,Avi
d2885b89-47e6-4f49-8c52-93eb2d15f081, 535,126,555,Avi
636c7420-a446-4795-b48b-4e9081522f0f, 857,346,903,Avi
74e35eb8-56ee-4045-8268-065bb5ad41f8, 358,319,74,Avi
ac3fe198-180d-47a6-bfb6-9cfb93162643, 302,338,871,Avi
1ad8589f-5409-4e21-862f-9f7d9dfb9f37, 369,972,588,Avi
27de1379-a470-4051-b219-7c7529040305, 474,156,630,Avi
be3816e4-c1e9-462d-88ec-0c5c6026af2a, 970,267,366,Avi
ba972a75-c9c5-4c8e-973d-f8a23c42c632, 330,691,290,Avi
d59ddf7e-2900-49cf-819e-e767818d6a21, 819,103,725,Avi
993c73b7-3bd6-4c79-a579-5b3588b8e256, 378,901,680,Avi
3482a2e2-d419-47da-abce-8a8ed7a52268, 73,467,367,Avi
b141077e-4b59-4343-898d-6131805b7fb3, 248,548,233,Avi
cf496825-e735-4de8-9175-d727854256cc, 526,66,359,Avi
9079d74d-a937-4cc8-9a4b-f7c33ff81bc2, 347,363,521,Avi
9ec3aa62-4168-4c00-8ffa-0a7f5a4cb232, 981,554,261,Avi
7c80bc4e-4609-43a3-af3f-aa79b3cc16de, 54,254,261,Avi
7b55822a-6cb7-46de-9766-95d613c16221, 935,182,15,Avi
d57c6c0f-ec7c-4309-9a85-5101273a97fc, 33,376,287,Avi
a14660ec-0fdb-43c2-8a2d-0c731b2ff043, 753,206,434,Avi
54b66d5b-4e3a-4f92-8596-8896eeee344b, 266,39,244,Avi
e1a00352-f9d6-4e7c-a389-7237b99377c6, 179,978,417,Avi
4fcb8708-1b2c-4ac0-a4b2-6d0275b10150, 392,230,869,Avi
ec55d696-4f2b-4713-802c-1fca209d51e9, 505,122,424,Avi
a776fccf-a89f-4a1c-9b0b-85a6e38a0f72, 356,946,91,Avi
58e01409-ccf2-499c-961e-98b7fa5f305a, 271,624,902,Avi
cbe1b96f-41a6-4cc1-8794-2bb5835154b0, 843,347,137,Avi
1b352e97-44e5-4025-b898-a29efbf9b4c1, 29,765,847,Avi
dea49706-8aa5-4c8c-ba74-4c82dc85e914, 464,441,719,Avi
da4801a2-47fe-4de2-b796-676763ee99fc, 666,40,92,Avi
1bfa7a2d-6015-47bd-bb7f-2bab0c9d6d40, 81,493,343,Avi
c3a75bec-fa73-4769-94be-9e81bf3b55f7, 797,261,27,Avi
cd500910-8b32-44fa-9fb6-a6aed02def33, 116,169,384,Avi
7cef4689-55ff-4097-9131-99256f42b5e6, 105,589,324,Avi
9a92a1a2-2910-4212-a292-216350762453, 390,548,133,Avi
dfe38110-0d46-4803-9f40-6c2611aec9db, 835,580,234,Avi
172ba311-5f01-49b2-9a8b-c10dbc426a80, 922,761,750,Avi
7ccb1fb1-9e23-43a2-bc3d-c0fcfeab1a77, 383,909,857,Avi
e6dafc42-589c-4480-a5cd-dc8df2837d07, 298,237,273,Avi
77d1a77d-2ba8-4a03-a627-bb46f9912988, 395,713,537,Avi
baeec12e-1e52-484f-8fb8-ce3fc74cac05, 696,725,190,Avi
f4902eb5-dec9-4807-bd5e-22b6826751ea, 778,425,628,Avi
8ec7c935-f0e0-4ec3-85da-d1f919cd41f7, 82,557,686,Avi
2d9b69c7-561f-40f1-aab6-f71f07a0cffc, 65,155,456,Avi
0bfae586-ec18-468f-9e7c-37c9cbc0e9b0, 519,738,757,Avi
65c656c7-3f64-4d34-b6a9-ebad7f8107bf, 811,638,217,Avi
ff6f4df2-67a8-4d1b-aef4-1208dfd56455, 714,627,860,Avi
e08ed8f2-7255-4e9c-b09e-d30373653b65, 485,742,278,Avi
884e67ff-8ba8-4ad9-b341-3b56fd3df838, 340,696,582,Avi
cf733423-eac0-4dd0-b5ef-c0189f9bd50b, 484,500,24,Avi
48f7c3ff-3ffb-4281-b919-5d004c69d994, 752,719,454,Avi
70158638-e0bc-4dd0-8ae1-954c9dbb9cef, 845,407,863,Avi
2dfd5b14-104b-46e1-bdb6-02450256043d, 135,610,123,Avi
77dd995c-39e7-4714-8cfb-6ada9d682021, 504,754,23,Avi
43aa3ae3-0299-43fc-9347-85b59c8b6637, 547,858,606,Avi
8a942df5-a8a4-4f45-939c-839481cd8a1d, 295,862,172,Avi
5f8b9bd3-059e-4dee-bd6c-90b28359bf9c, 101,485,598,Avi
51848f3b-dcd7-4531-83d6-188607a44d00, 57,680,86,Avi
05f02486-7148-4f68-8bf8-429a5f9fb420, 676,212,981,Avi
d3d8ebc6-b62c-4ff1-a360-974776bf4755, 910,439,727,Avi
250e773a-b78f-41a3-a727-d33d1606c7d4, 46,596,58,Avi
9964f707-13eb-4eea-8095-58c18f4ab2d5, 663,311,434,Avi
ab01ea97-b374-4025-bda8-b5dcad558dc9, 3,673,331,Avi
0ba76afb-af1d-4c87-9ab7-1cebfd5f8bc1, 892,677,28,Avi
c3ce22cf-2dca-437a-97dc-e8d410d914a9, 94,211,872,Avi
5085fb6f-fbed-48ce-af66-c0e15b907c4c, 837,937,883,Avi
74618ca3-ab67-4af8-b689-dbbf60ddb95f, 671,46,833,Avi
c9e851d1-2dcb-4546-aeab-887c57c267ab, 411,384,16,Avi
84e6582b-a9fe-48bf-b839-03451c6bc0f3, 425,696,40,Avi
adff04e9-c566-4689-8736-d706295cc3df, 369,170,196,Avi
4e9d745f-10dc-41c5-ba38-0e151da24073, 880,224,172,Avi
8578bc4c-3250-4b95-810d-1733b9a7c941, 395,458,159,Avi
e4c8f25e-bd09-4173-b2e6-c8e426211dd3, 964,883,547,Avi
9da6c7e2-2aa7-480d-a030-5334a7acfadb, 172,293,190,Avi
002bbc71-8a07-45c8-b14b-c117a33e749e, 839,207,806,Avi
9237d92b-bf50-40f8-808d-8f42c97263e5, 570,961,470,Avi
2888b893-90da-4307-b8af-a0855ca86ae3, 213,838,274,Avi
1c0cb142-2486-4c1c-8566-5eb662e56a05, 99,239,394,Avi
45a3ca0d-31e7-4acf-8e7e-ced900c09e07, 893,634,212,Avi
312bd4fb-954b-4a6f-9923-30ae5bf57c59, 43,238,613,Avi
c7e19acb-ed00-430a-9e26-fe36a71ffb2d, 395,632,504,Avi
1da0579a-fab5-4d40-a71f-a2eba368a624, 136,13,453,Avi
a3dbb1c2-5ad4-4eac-b117-4a49e9919bbf, 854,698,751,Avi
d92cbc72-ead3-429d-b23f-6de70615f626, 713,871,54,Avi
d4304abe-863a-4a83-90d8-3c4e5fceed8e, 336,500,751,Avi
8232aadf-98ac-4c30-96da-cf202e1ff040, 643,571,178,Avi
94a55451-a08b-4901-810e-9f681ceee520, 208,853,734,Avi
6a55d67c-c43f-4eaf-a209-44882875edb7, 569,156,330,Avi
335a2c54-8bf6-4616-bfa9-10039f1fd14e, 920,781,983,Avi
a46cf5ed-fea6-47ac-b8de-6fa5b6664a1c, 777,500,823,Avi
8d797ef1-84f7-42ad-b2aa-24f3718426b0, 945,922,645,Avi
de8466de-9208-4dfb-91b1-47e1e726468d, 932,776,659,Avi
545000c5-f968-4ad2-a3e6-c706b8352c57, 685,703,194,Avi
4c3249ea-7dc6-4bbd-a7f2-5585eac273be, 353,714,263,Avi
fd2ae57c-8059-4e3a-84b9-74369cdc80cf, 717,498,965,Avi
f6317b2d-4209-482b-bdbe-a9a50b0466ec, 220,762,738,Avi
889f865d-f380-4b45-9572-27179bf9ba2e, 641,250,63,Avi
a3b9de4b-180b-42e1-a664-d7d6e60d578b, 35,833,384,Avi
2e47882c-f651-489d-88f2-1e3f8ac84f5e, 878,824,477,Avi
b717ddd4-3c4c-40c1-b4c0-f34440e61e78, 174,215,230,Avi
e13466d2-7b69-4e4a-823e-7499002e5294, 469,78,199,Avi
18841480-c9d4-468c-958f-e25845feacf0, 926,766,948,Avi
f7d8aa59-0d89-479c-88a7-60f95c6f74df, 408,402,722,Avi
fd0eea86-9d65-4f33-a6bd-0697e89e3723, 93,957,866,Avi
9716c4da-5453-48fc-9d3e-953bc4c6acb3, 982,853,139,Avi
3f07ae94-ffca-470d-a641-78d0c1651c0b, 472,850,656,Avi
8c6b0d77-0056-494e-9108-77c02d95fe74, 363,700,20,Avi
08f73625-1cbc-46c2-9dd2-e08a2f0da3d6, 245,136,250,Avi
a4564c39-eb7f-46f2-b9f7-757ec9382f98, 760,911,89,Avi
06f15155-539c-41eb-85a2-f58b80ca8a0c, 262,55,950,Avi
8ba2160e-5278-46a8-9c36-499c173b4dfb, 182,511,489,Avi
6fdf5aa6-76d9-452e-9328-1b391cbc4a46, 962,883,637,Avi
ba859763-4b06-4c72-a838-e391f40509ae, 64,789,731,Avi
88bed764-13c3-45d5-9030-702eea6331b9, 18,811,360,Avi
ad64c9d0-f0bf-4931-97a1-8a0570e4dd36, 16,548,292,Avi
bc3d110c-8cce-42a6-b642-142205fa2a8f, 196,51,979,Avi
f502a2ec-a35f-46d2-9a81-c3a54a81c10a, 245,407,973,Avi
8e1f67b2-2e75-4d42-8018-116f44a4e6f5, 819,809,513,Avi
7712e381-cc15-4be1-8b5d-6923104ca8dc, 211,224,940,Avi
380387f2-9101-432f-a2ad-9e6e8776cf8b, 947,167,853,Avi
13c464b9-abfd-4fbb-aa14-cb9dedf02f8f, 859,147,348,Avi
236d59e7-ed7b-4d2f-9cc0-d7b5a2985cd9, 771,910,446,Avi
1e242725-4b5d-455e-a867-954483f54956, 378,20,968,Avi
c3e43560-1a1a-4d84-b666-774b1492a35b, 501,408,62,Avi
83edd4f7-e59d-4923-bb21-2b95dd66b60b, 924,345,888,Avi
cd46835d-4cd6-4ac1-95ca-da8bb5b155d7, 658,229,587,Avi
055622c2-e17a-4ba3-b353-f06d084f244d, 956,565,860,Avi
39efe248-1778-427c-9eb7-7fb21d221122, 109,17,647,Avi
73a05770-cafd-4b06-b557-bd5751701a91, 976,361,700,Avi
b4f75987-c3ed-4cd8-9aa0-da5b1f6a9fd1, 974,752,659,Avi
37befd24-bf75-4508-a48d-98e097bea875, 695,115,623,Avi
b9b24c8d-f089-465d-9e31-2567e895869b, 876,158,665,Avi
09fe5c1d-44e2-45dc-a498-9c86882d22c7, 13,244,637,Avi
9270284b-1f26-4235-943f-7799dee0efbf, 845,816,32,Avi
2f60e4c5-7580-4955-87e3-85e8590de4b9, 11,743,997,Avi
6280e810-9ff2-4d44-8b96-2210fbd90084, 911,894,465,Avi
a69351b5-3d31-49c0-b42a-719246e322f6, 623,552,994,Avi
88a41deb-7b09-4864-885e-08ff3b16c037, 354,990,600,Avi
a4a73be5-b3c6-49f5-a1b6-747045f54b93, 992,751,130,Avi
1b8e19c6-5360-4981-8283-600526d61586, 700,794,549,Avi
e104b32f-2ce5-4abb-bd6d-348696666d45, 744,402,267,Avi
d15b18e9-2699-4da0-bd1e-ab5c55d2b05a, 310,804,293,Avi
e47ffda4-9081-4e88-9fd3-203f95b6c264, 437,48,188,Avi
01446f0f-6556-473b-b34a-d898634fadb5, 224,645,984,Avi
509acda9-a820-4e6d-b890-8292c8149b48, 948,112,747,Avi
72539e59-d1a8-4910-ad2a-475a72356e08, 829,98,273,Avi
18d52e6f-19a2-4cc6-8285-be67388a8b7b, 648,65,466,Avi
fc046381-b03e-428f-a2b3-39763148b213, 236,351,201,Avi
37d133fc-ed22-48b0-a32f-0fec857517b0, 664,341,124,Avi
687deec3-f4cf-45c6-b5a3-5737aed7f5e7, 23,883,406,Avi
75051547-07ac-4fcf-87fb-563f345f731f, 535,312,448,Avi
b152ce52-41f0-45d9-b473-e964b6f72fef, 89,101,414,Avi
a1183825-cc5f-4611-9e5b-f3ef8fb2193f, 764,699,937,Avi
3627c057-d880-47e1-aafd-0d9f5c935e2d, 705,474,846,Avi
183a10a4-3553-4932-baf2-971c2a568036, 277,400,905,Avi
aad9051f-d5dc-47cc-8836-b090e75a1d32, 10,404,878,Avi
20021667-6551-4778-b2df-5da3cea72683, 851,164,653,Avi
d7f504d4-92cc-4059-aa48-ff98c3554fcd, 856,52,730,Avi
6d0c68d4-e953-406a-97d7-d9bdd277e0ed, 84,508,51,Avi
fae9d406-163c-4ac0-8c52-87159f0fc139, 67,645,464,Avi
603a8bdb-4082-4fed-9288-0990b5f674f2, 169,415,164,Avi
5031a4e7-7f88-4140-90c5-5d5d41272039, 781,687,334,Avi
5b35df41-6ae5-47f2-9b4a-8748612d9d4c, 536,860,11,Avi
51d17499-0e5d-4ed4-8a8e-bd85addf10fa, 333,65,397,Avi
c42f9c13-74ec-4210-a0ea-bc639fe18e1a, 335,942,589,Avi
13081582-e9eb-46ff-a191-527301ea59f1, 618,958,950,Avi
a48e43c8-fd69-4d0e-938b-7d60965c0970, 294,654,936,Avi
aea9faa4-63b4-4bad-af9c-5a8770bb4858, 244,170,720,Avi
7b5e5057-afa6-464b-9a66-284bfc9d3f90, 751,678,260,Avi
cc47ec85-cbd1-4673-bf32-a4e456fb8726, 717,5,592,Avi
9f450a67-9442-461e-82bd-807f38db2ed3, 364,698,55,Avi
3729bdad-0026-432c-8d5e-cbbf7b00d0ed, 474,536,60,Avi
610588e5-b71b-4fe5-bc4d-284dd340c0cf, 683,495,711,Avi
078a10ac-863f-4f41-a3f6-749ac2250f50, 572,472,542,Avi
2e238194-e2cb-4564-aa4a-e09a52836748, 868,518,99,Avi
4b5eaa2c-3946-4fee-a06e-a942527c589a, 256,521,109,Avi
401eed1b-271c-4854-a55a-2d4d0943562a, 141,464,549,Avi
aa6c70b7-afc7-48a9-8557-bd003d3da82a, 100,771,989,Avi
1b1253f6-e90d-41e5-a125-3d876fff1d89, 526,924,246,Avi
75f35383-cd15-4f78-b9a4-a0c4be273433, 443,30,10,Avi
82b1c0b0-92c6-4d0d-a564-3a0b8f67567b, 74,818,856,Avi
9b675f89-e8f7-49e6-88a1-1efbe147c850, 418,968,366,Avi
d9d72aab-a4d5-4c40-ae9c-c830c48de85f, 343,860,406,Avi
dec38f47-31a1-41ed-a949-0ced99120f5e, 530,934,463,Avi
75ab6da1-dd04-4b75-a75f-2fb2e69b2c47, 239,721,183,Avi
40690217-f7a2-40ff-a50c-6c4d50bcef69, 395,375,650,Avi
569332e6-322b-4900-874a-25a1263f4812, 621,496,157,Avi
2af29650-9653-4d04-ab1b-e38d030bfc09, 152,577,540,Avi
643669d5-45d6-444d-a5aa-b004c79f13b0, 43,265,925,Avi
f38f0373-893c-4a8b-b5bc-23d17ad05895, 65,946,611,Avi
b0105660-bfb2-4307-9493-a649927ccf47, 812,240,466,Avi
dd8a0126-a086-476b-a797-daa478813407, 701,498,653,Avi
3a82e899-1d9b-4814-848f-342fb8f6f034, 685,450,549,Avi
48058354-16d6-4271-92cc-1f87b211d8d7, 731,912,660,Avi
8fa7f85a-42a3-431b-adec-8997aafbe3ee, 701,609,529,Avi
1deff6cb-8e32-4a29-bc47-b3519eae1718, 86,859,51,Avi
f4307ed9-719c-4bc8-825b-9ce9c0e16001, 806,132,549,Avi
7b1da50f-9599-4872-9117-49a86766880d, 594,820,532,Avi
5188412a-7d51-4387-a028-9130f638121c, 852,921,241,Avi
5fc16077-8a8f-4442-83b1-ae0c8f10f7fd, 316,375,704,Avi
5ad99f67-96b2-4269-8299-d89588f71041, 439,278,912,Avi
6c8fe931-a989-4d41-a8b9-cf917b237894, 794,716,695,Avi
c426dba3-c680-4653-b390-ef9b7667b4a0, 996,536,223,Avi
091ba7b0-8650-4007-8a19-6696b1b82315, 528,708,924,Avi
cf3dd262-67f2-49d1-af5b-ecceaae04ae7, 102,888,583,Avi
36111c15-b59f-40c4-b05b-4be2e5b4a7ba, 495,449,966,Avi
32dd57f1-0826-400a-858c-2d6c69a3bdb7, 12,955,404,Avi
78c83093-61a0-461d-b3ce-9cfda1933f27, 875,257,815,Avi
47e6709d-8c40-44ca-96b3-03b86ff77abc, 63,219,418,Avi
2ec5406e-0e22-4f5f-86d0-25d5365bd553, 932,848,576,Avi
f6c5a889-4613-4992-9565-17d4485924ff, 412,369,75,Avi
2fce4a47-9e9c-49ac-b8c0-4262518098cd, 843,293,635,Avi
6aa16d77-53e3-492e-895a-9e386b28664a, 747,906,892,Avi
2c4e9bc7-4ea7-497d-8e10-3401d4002bda, 833,89,323,Avi
0f22fa0e-7bbd-4d18-8003-9dc740bfacd1, 826,279,422,Avi
8cd45d62-8af4-41a9-81eb-38c6493a6967, 623,493,930,Avi
9f301f59-79d3-40a4-8244-afaa2822f97c, 948,358,473,Avi
162e6c5b-f965-40c9-b11d-23f05201cebf, 274,305,419,Avi
49f33a7e-1139-42a9-bf6c-d2bd8e886bde, 301,563,21,Avi
3a2c8aa8-21c9-43c5-bcc8-b43fed4b6cf5, 98,732,498,Avi
c92e02ca-23aa-49fa-bdca-c435396c51b8, 277,65,687,Avi
96ea85ed-efc0-4e24-8136-0a9a55048d3e, 645,117,340,Avi
64bfc534-5e93-4129-ab05-197b464c7240, 849,257,596,Avi
e3c379ca-4e47-442e-a9c2-5de7678cf43e, 947,746,541,Avi
2af99aab-692d-415f-9fc0-c12891541d85, 75,177,867,Avi
01ba86e7-ed76-4a6d-abf1-b923a57abba2, 81,49,977,Avi
fd2e4146-1dc5-4e53-b55e-afca19a68f37, 393,438,724,Avi
9d5403e9-e869-4e10-b7ca-5f63e58bf6de, 486,982,491,Avi
2f7acf8f-21f5-4c01-b4fd-52f15b586592, 104,139,64,Avi
21b66214-21cd-4d76-a726-700c6c91c2f0, 655,543,728,Avi
495c7249-6ee8-4865-a831-00ba93e6f38d, 614,650,174,Avi
968ecb28-4b8e-427a-be03-1657bae611c8, 394,556,25,Avi
69592fc6-1131-4485-83f6-8d1b74bcbd3c, 635,182,163,Avi
1855c03c-a542-4a39-9816-0be70f09ea4c, 83,773,237,Avi
bb113f96-eb5c-4e31-a637-96de399793ad, 334,2,610,Avi
0c88cc40-1b6b-43f7-be70-12a46709dcbd, 930,200,128,Avi
1f3ace75-6757-4a14-bd0c-d5a789380b78, 550,220,514,Avi
38335457-2420-47e3-b85f-47b91ed0c586, 42,703,295,Avi
a9b19844-09ff-4415-bfe3-785aa9f6c21e, 772,790,81,Avi
60894f07-70c6-46d8-acb6-269cc252ce10, 197,542,976,Avi
4e3d58e2-0f55-4b83-8890-9feac28a40ad, 276,195,712,Avi
c6f5c87d-7b32-4b9d-9408-12da9d83558b, 867,333,97,Avi
2d0d569e-b8c3-4f1d-a25f-b84895def677, 368,679,620,Avi
40441e25-6b3c-47f2-86ec-acf1a7ab14c5, 843,444,866,Avi
55671952-fddd-47b5-8930-928da82a1fd9, 815,310,664,Avi
fb05950f-4eeb-4d81-aeb8-b6d64c621550, 488,152,980,Avi
a783fcfc-37a8-483f-b5f5-16805fe9da57, 879,172,938,Avi
b53ee58c-3aa7-4d44-82ec-a5013d4338a6, 934,105,324,Avi
e2d7fc48-be8f-49ad-8662-904c1c105842, 215,572,945,Avi
9419a3b3-358a-4061-9d55-4210d7fea2c4, 878,620,765,Avi
4bcd62d7-d20c-4899-8c82-1736f1d17b4a, 942,439,638,Avi
2795f193-9ac8-435e-bac2-b9da6251844f, 185,806,578,Avi
aeb9c9a3-32d2-478b-b705-0d6e442c218d, 523,466,668,Avi
581a0f92-7d4b-4c69-9e37-2558faf4457b, 513,563,519,Avi
fd67ee55-f6b7-47f4-b8e7-f6fbb8a5d69e, 507,706,774,Avi
d555f865-43f4-445f-a3a4-c1216254c810, 647,226,394,Avi
53853ccc-d1e6-453f-a5a3-73de35cc14bb, 630,285,638,Avi
6fdd2893-2d92-4482-8afb-33341320ca95, 100,316,370,Avi
d778f4c7-5e8d-480c-b043-b22ca3c9d481, 39,340,90,Avi
975a9eba-ee22-4751-b127-8680309b6972, 389,652,759,Avi
2fa9a4a5-39a3-45f3-8bfe-77735d10845d, 151,488,59,Avi
fb8866c2-c672-4d0c-b91d-5e4e5a10d054, 853,900,6,Avi
1911018d-1ec1-42df-a4a2-96c001e00dd6, 228,630,502,Avi
1c5413dc-2acb-44be-b6e4-37ac61dfb042, 86,963,684,Avi
2f57ec6b-19f0-4c27-8b1b-42b768e90ffd, 313,367,608,Avi
318316e6-faf8-4111-a597-994598ec03a5, 419,428,398,Avi
d5ddfd4e-3e28-4bfd-b51e-632def9dd5ba, 548,567,347,Avi
cf495681-43c6-40ea-aba0-9e9a7d0012a1, 551,249,336,Avi
e07c45ed-04e8-4f96-bb0a-27f5f8412896, 127,843,124,Avi
98e8dc16-539a-40f8-a339-3528a4291bf4, 269,147,467,Avi
03ea6788-2c9c-4cfb-829d-f8d510e2cd8a, 489,135,813,Avi
88ff9b4a-67a4-4e79-a4d0-c0e11154f681, 907,362,75,Avi
09e1330f-d453-45f9-ac1e-8a192cbb9fd8, 461,652,805,Avi
54cacd5d-e0a5-48f3-8ed6-bfcc199ed6a3, 769,419,594,Avi
17696055-2620-4f5a-9046-a9e642af49ed, 890,544,321,Avi
6c461ae5-4d7c-46d6-8757-29c96eaa6a72, 953,785,947,Avi
5be9dcd3-bea0-4fe9-8548-8043e3d438eb, 761,618,911,Avi
f1df95e6-7b6e-4c30-a98f-3a0675bec9b9, 691,840,86,Avi
48feb4ab-1e56-4451-8996-115f5bf69023, 413,599,240,Avi
2558393d-6732-4ab2-b88b-ae1cd70027fa, 722,727,57,Avi
09a509b9-b79e-4d22-b0ff-5245093f15a9, 881,958,484,Avi
877abd74-d49d-4dd2-a909-f65ffdbf27eb, 36,595,829,Avi
4d94559d-02f9-45c1-a8c8-39b9f7875a24, 870,404,5,Avi
69f99258-dd0d-45da-bf87-35c780a23217, 533,957,774,Avi
fbb11786-b12f-492e-9778-d0cecc0d662a, 591,778,149,Avi
581e1fcd-230f-4f51-acb1-24cbb7933094, 751,659,703,Avi
84ebbc59-e5f1-4437-8f06-18e97a62d6f5, 16,173,58,Avi
99e05115-264b-49ae-b6d7-0c7811f5465b, 175,506,527,Avi
93a0f4a5-88b9-45d7-86c2-c49a87e8e5b5, 554,797,293,Avi
c023243f-e9a4-483e-9f97-f3e535ece54c, 728,494,762,Avi
2a66bd85-83f6-470b-9360-e55047f4168e, 834,737,924,Avi
c53193d4-8a18-4fa6-a77b-406221c9bf4a, 748,886,459,Avi
3942ee52-e632-4f3c-83b9-eb956ae46c10, 111,855,948,Avi
6a59ec6d-2c07-45cc-bca9-b19b3ab80fac, 490,83,381,Yossi
26771838-dac3-44e2-94d4-280152d0ce11, 942,228,659,Yossi
29dbb324-d404-4552-8a38-c25e0e752a51, 137,100,63,Yossi
c8542b59-88bd-4a5f-920c-0501e0dff012, 936,661,938,Yossi
a145489e-4db6-4db7-956e-cdfe39aea525, 536,707,554,Yossi
882d81a5-f098-4519-b40d-b5e32fddbd43, 998,707,452,Yossi
1cf1ca9c-f34c-4a72-83d3-074ce9e092c8, 956,480,797,Yossi
8cbe9532-7a16-426b-bc65-f40ce122707d, 536,143,909,Yossi
15cf6c89-c323-4d17-a463-eb774cca5e97, 242,698,220,Yossi
0eaa48c6-b43c-40d6-ae0d-9c703dce7077, 848,842,890,Yossi
ced9113c-bc81-499b-b6ab-735d8b8edab9, 688,641,803,Yossi
68a103da-54f0-4684-9b6a-1c3a64618304, 753,524,90,Yossi
b10e3784-1602-464b-8261-5f7bab4d7115, 675,231,279,Yossi
eeec4092-84d4-4d28-a1de-1ac7facc863c, 866,418,697,Yossi
d26ae150-e294-461c-b0b2-2f6d0cd25dfa, 231,791,832,Yossi
1248b954-9c0e-45a0-96b7-ccb5a7146539, 822,298,31,Yossi
3424239e-90cb-4555-8884-a35d9a75bb96, 371,749,180,Yossi
4b197e3c-4f57-4b51-bcee-fefcfffbc8d9, 7,154,375,Yossi
8b69d82e-5954-4b9a-b281-20d4ed934c18, 151,953,939,Yossi
c246029c-f505-46c9-9262-1faec3065ae0, 471,701,529,Yossi
bad39395-4ef2-446c-bae8-1f1b1c8aa5ea, 440,288,257,Yossi
d92e5fcb-fee7-4653-a1d9-791b4044bd96, 171,248,21,Yossi
6dc6124a-bc54-48d6-94a6-33f7d0ee5bed, 136,781,183,Yossi
713bd55d-9d9f-4284-bd99-fa4101d23503, 464,323,476,Yossi
71fb0c3b-5e3e-4871-b116-9c9b0046e9f1, 174,90,63,Yossi
ab09dd98-7b86-4cc8-a19e-d875954c7e21, 101,305,351,Yossi
2db5ca00-3f8e-4465-9b08-262e3edb36a6, 77,418,400,Yossi
a919f9de-282f-4ef2-9022-d3ba8708bb8a, 189,478,93,Yossi
c19c8a15-7c93-49fd-a3d6-0ee98cdb1a48, 710,682,488,Yossi
3e0bf2f5-1e04-484f-8e74-b1207bdb34cc, 428,603,569,Yossi
26c10d6d-1fd1-4f30-bbb6-d1622f93f9ea, 149,205,529,Yossi
9173ada8-25ea-4b2f-8bee-825e54ad4863, 749,427,130,Yossi
01c37352-893d-4229-8117-e9026e64cda9, 440,61,543,Yossi
8a5c9e57-489b-401e-b765-3f6471751b7d, 812,687,516,Yossi
6a200434-2751-40f7-abb0-ec560efc2a04, 846,905,426,Yossi
9b2e3ec3-ed08-42e8-8574-ec80369c371f, 702,831,64,Yossi
05955de3-f9c4-4ecd-a66e-c0e2e9c55e71, 313,51,648,Yossi
473b3d9b-bc54-4ce6-8491-f0b5b8952bb5, 589,394,283,Yossi
f5cb472c-1ed9-4179-b801-82b770f55a79, 129,251,808,Yossi
c08722ad-f154-4e4b-aab4-be01b1a219d2, 164,459,565,Yossi
166b2cc7-43fc-42fa-985d-9169658b8409, 532,706,179,Yossi
612fb402-1de1-4f4e-9e01-fc4f452a8113, 613,315,119,Yossi
f4bdad77-945e-4d58-b3db-03e87bdde06e, 946,424,662,Yossi
42308905-7bb7-4667-bfd4-45ef26c2abe6, 931,659,245,Yossi
542a945b-9bd6-42d1-a942-6e376e79d124, 806,264,730,Yossi
8b563d9d-f686-46c2-8b6b-804c77e02bd1, 882,342,572,Yossi
2b97b703-804a-47fb-889c-1b2e7d38f72d, 666,9,849,Yossi
3e61f50a-90a3-49d2-8054-e85f682abb39, 424,116,552,Yossi
ab05d618-972d-47cd-ba4a-2ba3cfa311cf, 919,559,809,Yossi
f2807c1d-6c27-4223-a47e-355b97bda55d, 246,620,177,Yossi
dad0eaf6-fb9d-4f15-9477-f0e57b00235c, 321,276,600,Yossi
e424dfe5-dc6c-4929-ae3d-c3b4d1668def, 977,280,980,Yossi
2c62b6d3-3907-40bf-9607-73827a09acaa, 338,234,590,Yossi
0fd1f55f-cc56-4e8f-a20e-15330046f812, 307,754,408,Yossi
e0bc2b3a-82a1-4821-97d6-ea42836cdd68, 401,380,390,Yossi
d34c784c-4bfa-4355-bab2-26c6a82457f0, 404,782,131,Yossi
bf9904d8-b5a7-44a1-8711-377fd74b1146, 552,245,908,Yossi
5e965b89-5f0a-40e5-9e3a-7de91b2dd6d5, 237,497,451,Yossi
2c82bc59-52b8-41fb-882b-704bf4e5dcef, 714,108,590,Yossi
e5a74bd1-7766-4487-8d54-d6f4d55a43f3, 625,692,755,Yossi
9c6c5772-1b69-412c-aed2-091d71983b92, 309,701,802,Yossi
9a01d1bc-cffb-4be2-be44-b8222eb885db, 485,611,383,Yossi
f4fe9615-163a-43ad-80ba-ce26b2ed9e1b, 644,827,982,Yossi
6c23d8da-0d02-4022-a547-0dc3d6bd3083, 748,545,108,Yossi
33632554-47dc-4225-903b-47149a63f4fe, 980,360,253,Yossi
6abd288d-bb5b-46f1-8955-e60aba9698ea, 441,24,735,Yossi
a11d3af2-b860-41fd-b2b2-70ecaec235f8, 162,516,775,Yossi
661006e1-8ca8-4b8c-9d1c-41ec5878ae6a, 679,692,376,Yossi
5ec978e1-fdfb-46df-836a-787862c489f9, 268,85,778,Yossi
9ae0cf7d-7b03-406d-a036-7119bcb0e52a, 149,263,173,Yossi
54c11548-0425-406a-a0c3-a0c839490750, 390,712,541,Yossi
3130b364-227d-4aff-b088-9748a70c8e16, 833,997,54,Yossi
fbe157f8-7e48-4d3a-94ec-229f58585f5a, 605,914,768,Yossi
8ec14f10-c4f8-4881-9d84-31280657e5a4, 7,759,953,Yossi
af590b5c-5fb0-46a5-8dfe-cd0ad3b427f2, 147,802,699,Yossi
8c879f63-cc0f-46c2-9a9d-6c43490e085b, 800,255,138,Yossi
4e1cc495-8773-4182-8868-0c42f6c3419e, 199,274,85,Yossi
c54a939d-23d7-4ede-b094-dd50c1e625f2, 854,463,176,Yossi
3b03db1f-4669-473d-bfa9-6159918f1c96, 978,629,9,Yossi
f8abb727-8360-4e09-bf23-cd5d59fcb499, 427,218,527,Yossi
6dba4474-798c-4446-b278-5fcb00773362, 604,495,565,Yossi
93965fed-2ac0-4222-9855-1d9225908b48, 810,359,832,Yossi
7efdbe43-97cd-43e0-9b77-e62a0528c871, 565,148,361,Yossi
ab05bed3-04dd-4e5f-9d01-2a5dbbd89a7f, 199,835,108,Yossi
6535b69f-5cb6-4a55-9af7-9cd36a73e605, 965,155,756,Yossi
bdd0962c-258d-4f83-9e88-8174f4b17948, 821,532,889,Yossi
58b28388-d392-4b25-be8f-f02d38bd1cc1, 675,466,828,Yossi
809a0afb-d0f4-44bd-9f5b-58aba6a48655, 641,948,988,Yossi
ec69f1c5-645f-451e-96f7-9979782fd7b0, 88,534,249,Yossi
1f2c2e62-6dc5-4ad2-aec2-c9198b0cd575, 365,853,368,Yossi
21a8782f-cbd1-4b92-800d-102fd71086d3, 46,178,696,Yossi
78792675-4905-4dc6-9b5c-6260a1ef1d96, 242,402,264,Yossi
d28eff76-a921-4707-8395-768b2dbd25de, 389,335,444,Yossi
034fa17e-6a47-4190-8771-eda17455a9e4, 865,236,107,Yossi
af0577c7-72de-45e0-9d2e-f046c982b75d, 775,1,437,Yossi
872e1827-3472-471b-8af4-6eb8c59e0a03, 976,887,308,Yossi
be5206aa-cf6e-4ad4-946e-73c45d2613ea, 419,158,97,Yossi
28698147-8ff4-4ee0-8b90-e2e94e4036cb, 119,750,751,Yossi
25aa1c2f-c473-4d48-9cf9-61e392cd84aa, 697,961,546,Yossi
355e9727-510f-4df7-9c59-bf136dc24405, 575,723,823,Yossi
cd585eb5-d1c8-4433-aea9-3e3b264df619, 583,201,293,Yossi
1517ee5d-4460-453e-b225-6fbcb513aa04, 991,153,658,Yossi
88704f5b-ef2a-4a2d-b478-120bff274189, 410,724,752,Yossi
7595393b-6a92-4205-885b-2806b71a5332, 493,432,198,Yossi
bdc01fd4-0a5b-4dfb-b061-124cbec20b37, 446,809,231,Yossi
87ccdcc0-b638-46b6-b9d3-4e8ede4a96ed, 721,865,948,Yossi
0d5d89e5-bba6-45ef-afd3-efd3dcb3d9a8, 552,111,645,Yossi
c089f2b1-5953-4945-a0e5-c20d78086412, 939,945,695,Yossi
b1e0b865-de02-4897-964d-9aaba6c085d3, 272,926,427,Yossi
28f6e2a2-7197-40fe-9df2-0b6ae15d1d8e, 944,544,440,Yossi
73e10762-5c57-4e4a-9582-987d0ea65649, 717,813,611,Yossi
d50de9e0-f1b1-4ca4-93ff-ee1f1b437626, 619,282,35,Yossi
a749e98b-ffe4-4a88-8cda-34324b5deab3, 813,782,846,Yossi
da3f163c-132b-449d-b9af-90000f0c48ec, 778,566,163,Yossi
af24a620-704b-47f9-b937-a904e8f25bc8, 555,925,725,Yossi
5e5210b1-c000-4cc5-973e-73bd668e6a3a, 898,671,940,Yossi
25cf26c3-6318-4406-bf37-d5e513e553a0, 521,974,97,Yossi
163238ba-52bd-4ce3-a7e0-a1c1aa7d6cb5, 596,23,613,Yossi
7d01d68d-ac26-455c-9345-c71f83064574, 178,643,255,Yossi
6ffb21f9-0d20-42a6-b93b-e63561aa1efa, 596,720,226,Yossi
cff5e685-87e1-46eb-8f02-301034f59cbe, 231,465,181,Yossi
736cb17a-89fe-490d-920b-a3ab3d24a5c7, 312,774,618,Yossi
67575ec7-0d30-4c86-ba60-6c5661560b5d, 585,825,527,Yossi
9b1f7f9c-f503-4eeb-a297-ce2a0ab4fb0a, 196,907,84,Yossi
a1118df0-11fb-4326-ac4a-1503f2c3e756, 103,773,543,Yossi
fbd1cc6e-1dfb-43e9-bf7c-67178690c2ea, 482,385,20,Yossi
d1efe73a-6dd7-4b02-b2ba-527764ec9204, 969,372,255,Yossi
8c2e74d4-7447-4f3f-a1f8-2ed7f9dd9f40, 485,423,568,Yossi
ef86cb84-bf60-4889-9e15-4cdc8f5f378d, 344,121,790,Yossi
f5b84683-0f82-498e-8693-46460924b5a0, 997,441,638,Yossi
6a118824-fbe1-4278-9064-4fc5f6256df7, 779,217,62,Yossi
5eb2e77e-4e45-469d-88ae-2841fecb3f9a, 620,547,102,Yossi
a60fdbe2-2f5e-43c2-b674-a73f42809be1, 981,243,151,Yossi
8ed6d078-ae74-4e9b-a22c-77cd8350f3d4, 107,313,845,Yossi
af79c538-57fc-44f7-9fbc-e0245ff9dbb0, 414,326,67,Yossi
77bdf517-b308-4d42-b91d-1ee39d4d671a, 13,494,249,Yossi
5e1b101a-342a-4a6c-b687-5378ba82afa3, 70,694,258,Yossi
a72405b2-80eb-4605-920f-7cc66286c986, 235,625,349,Yossi
533ed222-acaa-47d9-b5dc-26ba7c05b929, 970,745,42,Yossi
430945f1-aaa3-4151-b2fe-424efa98755b, 611,967,654,Yossi
fdda0816-f374-4a27-bbd5-e7225bdffcae, 826,587,385,Yossi
25655ce9-39e3-40c0-84b0-ad32f922709d, 887,415,690,Yossi
022a2675-9013-4706-b0b6-dc13257dd7e9, 22,481,227,Yossi
7ac01921-0dc6-4d6e-83c9-fe11d2bbb051, 441,500,142,Yossi
7344d5a9-7e87-4e9a-a4ae-7e6848a5571a, 868,863,59,Yossi
65754c38-9a5f-4e45-b431-2ab043fe2ab5, 409,72,98,Yossi
97abc25b-377d-418f-b8ac-aacd08afdedd, 502,331,626,Yossi
f6dbc749-23be-4f48-9ccf-232dbeadd911, 542,927,745,Yossi
b4744ad4-904b-4f6c-adeb-35398a5ef441, 380,545,590,Yossi
ed99eddf-8127-4a6f-9339-35c3682afde5, 712,649,800,Yossi
899904ea-cc31-4a71-b370-2facb73b5b5d, 61,370,275,Yossi
8202f370-f1c7-4853-a600-034a1079b237, 496,279,725,Yossi
f0065281-7575-46c4-8eb2-7d48e7e41893, 460,526,910,Yossi
cc1affa9-6ae3-4e45-93c4-204713fee1ad, 375,990,13,Yossi
14503f6b-d1f2-4b67-9c47-0c5caaa38d83, 22,628,195,Yossi
d1ea0d9e-62fb-4521-921a-71a13cf5f3c8, 117,366,761,Yossi
d853f646-2510-4565-9e81-dbcb44312cbf, 290,562,673,Yossi
c4f6c8da-0ab7-4753-835e-3bff896a4ba8, 942,110,636,Yossi
a4b4030a-c308-41a5-8e29-260a657f088a, 28,285,659,Yossi
ddbb10af-9c5e-4e65-a242-092430a15470, 638,507,868,Yossi
3df89dd3-c99a-4098-ae8f-4e71ebb3ecf8, 101,309,831,Yossi
9154c142-6b83-43bb-ac3f-a9ab0c9ac0ce, 425,381,131,Yossi
1a7d66c2-0275-403c-ab37-4f6262b337a3, 865,372,584,Yossi
d4d528b5-de25-4830-bc81-ba6a6253a1b6, 333,947,545,Yossi
bd9c201c-3a0e-4e99-9f13-da61f7895e62, 187,127,340,Yossi
1206ddf8-64c6-4a7c-856d-aa8ae4e27f03, 614,520,300,Yossi
fbecee41-ce6e-4262-8a98-de7aecbde54b, 551,264,179,Yossi
f3c39138-68dc-49dd-97e0-540957e5dd4d, 828,422,88,Yossi
6f1cc13c-2da2-48d5-bff7-e0b08d1b121c, 128,117,260,Yossi
26728f34-2604-47ab-9f26-8a1d5f86e24f, 637,468,993,Yossi
65b9b535-c0f9-470d-88f4-a9cb051e284b, 67,821,19,Yossi
5bb92880-102f-41b4-b3c3-9c3c8ef7d6d8, 42,275,681,Yossi
9dd51772-62d6-4850-ae73-f07f284b8e91, 180,596,247,Yossi
388811a6-f436-4e0e-a5a3-72396e44881d, 64,250,992,Yossi
64dc41d5-979d-443f-be05-d5bdf6e828a7, 177,956,613,Yossi
f831b740-e122-4880-a8cc-535c61a5c1b3, 129,756,981,Yossi
947d27b6-bcbc-46b7-a8e0-fed33fc545f2, 297,413,764,Yossi
2d96bb48-2eec-4d2f-957c-aa4ba6cafdbd, 359,88,243,Yossi
146e70ec-ed5d-46e2-aa63-8b9500fd2636, 689,272,886,Yossi
378e98a4-8fa7-4417-858d-29e4a52a970b, 744,298,264,Yossi
055f8bde-1077-4d23-93a4-7b55a9cdc7c0, 869,229,903,Yossi
3f8a978c-ba61-4133-a4b1-ab4a9cd72fff, 590,267,127,Yossi
cfb92249-bc41-48af-8f69-ef3adfcc75f7, 526,146,851,Yossi
1859addc-845e-48a7-9473-415af9f52cea, 657,434,923,Yossi
3d859ddc-836d-4007-96b6-85c0b70641eb, 53,487,14,Yossi
8ea52044-4bde-46b7-95a2-e2f766372d2b, 186,651,465,Yossi
19615787-39ee-4cff-b2a6-2e436498c3d3, 473,997,360,Yossi
e325ad2c-23bc-4c2d-a4cb-2eddfd754567, 277,340,55,Yossi
095af902-8aff-472f-baa0-2db7073e94b2, 229,706,733,Yossi
ec5fbb7d-8a07-4c03-99d1-af6151ce29bc, 775,351,4,Yossi
99a5c638-ff80-43fc-92a5-36e2daaa6589, 794,435,298,Yossi
21245906-1fdd-4897-a067-6c889cb49b31, 982,194,22,Yossi
19ff7fa9-da45-457b-a32b-d4ed4a7280fa, 89,586,690,Yossi
4093dd24-214c-4d27-829c-8276ef010a48, 487,602,611,Yossi
f28ccdd3-1858-437a-9d74-a5a8d0c2e89f, 131,639,978,Yossi
525178fc-0bdb-48d4-a940-6bd4b65b75eb, 840,307,600,Yossi
5a346efc-2ab8-42c1-8f5e-e8ee9328b621, 230,504,619,Yossi
e70467f6-b45f-4e5d-8af2-38ff6ca7f0e6, 422,271,300,Yossi
03f5248c-e6dc-43d3-aa22-568e0398a641, 903,592,887,Yossi
8f44cc36-5abe-4f68-bfd9-b02b0ccec4d6, 848,361,559,Yossi
6228d32b-ce2d-4e3d-8034-2b3c43099c9d, 392,750,793,Yossi
88585c7d-8b45-4181-a76d-5b0ca3416579, 848,861,997,Yossi
f4f11631-2434-4ea0-b590-ff097cc69b68, 625,70,293,Yossi
743c6ed0-d762-4c7e-b688-a9b21fd505b0, 990,97,66,Yossi
391abef1-0c50-40f0-b74f-7d3aefd4c5f5, 773,984,395,Yossi
3b3df6dd-ae18-45b3-8d88-497c9c24a7cb, 747,147,700,Yossi
fa5d906b-115a-4f5e-ad9c-f03818cd7327, 76,388,400,Yossi
be36593d-b611-4852-a824-8397753801a5, 134,545,845,Yossi
f947840b-b12d-4378-880f-4c673e2cb2ce, 383,373,164,Yossi
9bc3a2ed-4459-4dd7-a9c7-2a28ce5c07d6, 997,79,601,Yossi
2274bc83-84c9-4d87-9b86-1fde989ffbd4, 134,239,225,Yossi
59d867af-c508-4fd0-824f-859ff18c699d, 131,96,851,Yossi
f3dc5830-ea8b-48a1-b47c-c8f5ee236d15, 816,282,777,Yossi
a4e25b10-20e9-4539-bc24-cf6c9ea671e0, 979,215,237,Yossi
67c79af7-e747-4a15-b070-0fcbdd426952, 307,238,407,Yossi
9faccc91-80c0-43ec-92d8-740f0e079eab, 554,647,286,Yossi
7d663bef-a1b5-4d97-bc34-5a4d46feeaf0, 903,156,446,Yossi
960212c5-aedc-427e-8a85-798630c1334c, 187,773,971,Yossi
d2d761d5-dfa1-44fc-bc3a-55e2b3006c84, 159,259,205,Yossi
56128cae-7999-40f9-8aca-8929454db8d4, 947,465,488,Yossi
21e356d3-5ca4-4fcd-ac9c-b5bcfeaa03c6, 834,626,989,Yossi
5e61ccc1-3760-4fab-8a68-236233d79fcf, 691,857,856,Yossi
928dbd3f-4ac4-43c2-8382-75448b2ae99b, 839,643,889,Yossi
32a319f2-031f-4f9d-84ea-af5c6c5ccd80, 543,930,863,Yossi
5f9701de-dbbd-43a4-b2d4-fef09284255d, 922,96,173,Yossi
817c1195-4ae0-455f-a240-63d226f4334f, 163,825,308,Yossi
b44e56a7-837a-41ff-80f8-d3f755316615, 438,827,725,Yossi
7e5623c1-dffa-477a-9916-b6237345da03, 877,95,922,Yossi
2f85e0aa-3bf5-49dd-885c-2c0f2451d15e, 156,946,465,Yossi
cf259c74-a7bc-46cf-b891-92db450cce32, 253,970,835,Yossi
c85bca98-b0e5-435d-b40b-1e09e4c7e3ad, 647,868,816,Yossi
c411b912-7bb6-46e5-86f7-fbca9182c56b, 289,146,588,Yossi
a90ca339-3351-4f32-8a3d-081eabac6e31, 247,614,380,Yossi
dc54b1c7-72c7-43d8-a5b3-bbe00717c22e, 550,714,5,Yossi
508463b1-dc50-4586-923f-b5d1d4febe36, 395,360,224,Yossi
0b1d40b4-4088-4677-b155-964a4268a465, 581,264,678,Yossi
98ad3545-78c5-4592-9cfd-facdda876b45, 798,995,432,Yossi
b3cf3b33-a93e-437a-84b2-e0ce2fcb006d, 895,509,636,Yossi
69266c7e-bd42-4b03-a995-c4bc2033d9be, 762,955,531,Yossi
8754f7b1-a12f-4979-8150-9863c4cfd60f, 67,536,910,Yossi
82392910-4213-47dc-9150-63792b71fbd2, 392,587,671,Yossi
c7a71c80-fcb8-488a-ab54-34358a10ad95, 54,895,63,Yossi
9756a716-ea91-4332-a903-62a22b66c67f, 48,634,949,Yossi
3dd2911f-c639-4957-bc56-59b251efbae9, 584,914,211,Yossi
0aa36f87-fc55-4f55-98fd-05183d9cf377, 927,887,114,Yossi
23240e5a-fb41-44fe-9877-3dd8ec9aaf6c, 721,482,733,Yossi
a9793d0e-5e99-40f6-914a-c34a83a34aab, 698,573,682,Yossi
3d358716-16ff-4d8a-83b4-3fdc0fbf3ff0, 786,453,974,Yossi
d874dc48-1f68-4059-be25-62700d54efce, 403,750,359,Yossi
573d9d26-8a11-4076-ad2e-235b9e704c19, 180,525,189,Yossi
25fed7a8-c2fa-4da2-9cd2-993a05fd0b78, 58,180,79,Yossi
9c0e2ae6-12eb-48ae-9004-95ef666fd113, 468,158,128,Yossi
6fa2e36e-d99a-4343-945a-1ebd7b99fe1b, 332,342,464,Yossi
49a59348-96c1-4469-9628-d05b1665065b, 162,533,628,Yossi
9dd57fc3-1bde-4234-b23d-4e0c27758886, 727,215,81,Yossi
f91917f0-d749-478b-a4df-c238f3cfb0c4, 222,967,620,Yossi
c50f247e-fc12-4017-a08f-6d948263fdd9, 523,42,474,Yossi
34c66b27-ba1b-495a-98ab-7484004f5048, 796,368,961,Yossi
064ab382-2021-4406-859e-a512ed46baa8, 228,604,135,Yossi
40e993aa-3aaa-4e47-a6e0-5197b1b6f7bb, 695,649,145,Yossi
58d482ea-e39d-46a0-83c5-9ad4cb3b0889, 702,867,109,Yossi
5ec29a59-355d-481f-8e32-d0c0b1fcd374, 761,527,735,Yossi
0f0098bd-eedf-402c-9302-626a548cbbcb, 133,459,729,Yossi
ea49cc8f-7054-4615-b82c-7606ab5a6cf2, 985,389,141,Yossi
489b9db6-75ac-4f6e-b312-392ff66923d4, 270,537,40,Yossi
5abed539-77a0-4c66-85b5-4b3358047167, 54,59,238,Yossi
b2bb22fb-25bd-4e90-a5a6-f43b39de77e1, 894,182,782,Yossi
d142d70e-9e2f-416b-90e6-e1d2fe45df41, 738,656,484,Yossi
49c85d29-41ae-48eb-8b81-f4e4b3175ad7, 713,260,811,Yossi
39124239-e24d-4c0d-bc8c-68f6b3e9bff7, 116,241,553,Yossi
c0608734-6cd7-4fb8-8f86-57a61418ef85, 991,636,691,Yossi
1c75ac06-fb73-4410-85fa-229901edbddf, 319,458,665,Yossi
2036bc7d-d9be-4a61-9de3-a9488b70e9a8, 520,965,687,Yossi
77191299-b4bc-4f36-a7b9-ce995a36d135, 345,89,508,Yossi
16b9c1e7-94ab-41f8-a0dd-46d7e1fc4b8f, 889,536,651,Yossi
ed06c6ae-222d-4357-aecb-d4d23959a8c0, 334,527,830,Yossi
67aa9a1a-debb-44d5-9ced-9fd4c0f2e02e, 921,174,546,Yossi
f691da6d-a37a-4cbb-9478-7583875545f9, 895,800,468,Yossi
580429ea-315f-4010-9183-e1fff8469d4c, 362,963,211,Yossi
d929e4ee-f7ee-43d5-a803-ebcf75ec48d4, 623,48,268,Yossi
00dda317-81e4-44d4-98d7-10ba388e77f8, 922,17,218,Yossi
85010b69-0761-43b7-9050-d003d25e726f, 177,992,752,Yossi
6ef7db30-dd0e-4c41-a459-64797f42ce68, 449,949,79,Yossi
1877c0e8-2365-4d42-b5b1-d0c2654e5999, 374,533,92,Yossi
0db067ba-b39c-49fb-aece-bbe28e42e44b, 550,550,93,Yossi
f57b021e-f977-47a2-acb6-72c94977e5e7, 274,847,121,Yossi
52cf3bed-4881-43ed-8fd4-64fa3fc97ff8, 832,380,731,Yossi
4519acc2-44a3-45dd-ae01-eaf3eb76896c, 980,193,68,Yossi
86215f79-0ad0-4244-9f33-cef3b738b600, 7,97,834,Yossi
c71b3ed5-af24-4385-a057-bad50840da81, 224,955,494,Yossi
d7b06a0b-5448-4e91-b666-1a2fd45deb62, 455,896,918,Yossi
ab63ccce-500a-4501-96ae-268c7c9c3615, 420,421,73,Yossi
d55def8b-e99a-47d9-bf0d-161b25ac85aa, 291,713,543,Yossi
8283c17e-7f03-44f5-971b-670430bdec63, 897,884,576,Yossi
28ed8fe1-59f1-4211-b832-de2ca3da6731, 752,548,639,Yossi
acf32d83-b19f-48c0-95b9-dca2cb4e9f61, 454,346,251,Yossi
eee42d29-5187-4614-9143-7131def1c6b3, 375,89,117,Yossi
0b2ea7e0-ce00-4e1d-b8db-d2432dcfade0, 91,790,666,Yossi
6506709a-9bff-4e25-947b-f65a60e5ff6d, 535,940,822,Yossi
20986a73-aa71-4880-99ea-2bbbe12878b4, 151,171,896,Yossi
7b87de43-f7e3-464c-9967-5940c4a9bea7, 916,226,992,Yossi
46d68ea9-82b2-4404-bc37-192eea09f8ee, 583,917,636,Yossi
20c72555-7a55-44c0-a7e2-913ea241c1a8, 173,130,129,Yossi
bef073ba-8c51-4ccc-a3d6-b7c3188eba18, 21,981,134,Yossi
7f4f0fb0-f733-49cc-8287-2d911e94ef47, 576,933,495,Yossi
98f91721-5f74-448c-8fb4-b9ef25d50788, 155,229,643,Yossi
9096efb7-5be0-4e3e-b71d-e8caf0f3c588, 427,551,750,Yossi
c227a66b-9823-40fe-8994-f9fd6794027f, 584,847,867,Yossi
45849ef0-24b8-45c6-a8ff-19ea467166d7, 378,364,107,Yossi
768bb219-92d6-4f17-a3d4-82a5e7575631, 252,883,480,Yossi
6cd8602d-c7a0-47cc-9e28-1133951b5b5b, 249,141,543,Yossi
3ae72652-56db-4853-a346-18d95e501913, 645,980,659,Yossi
895ca855-6c76-4dde-ad10-15e9dca9bd90, 583,169,629,Yossi
4f0e8018-c9fd-487c-8694-dcddc07b30dd, 4,282,216,Yossi
87a3eed7-4f93-4f89-9508-19fe766e7fb4, 122,355,106,Yossi
55b51c21-c382-4beb-81c4-77427b9eb99f, 981,513,855,Yossi
efa50c27-d63c-4576-ba37-878a2f33f5a4, 172,381,712,Yossi
11145cce-9c31-4981-b1a5-2ac9b20cca07, 180,722,618,Yossi
1d8d806a-279d-4bf2-b07c-4401696af054, 146,333,377,Yossi
0059ff00-f415-483d-ac6e-88fa51d7c384, 126,205,553,Yossi
603acb04-e6ab-49a1-80ad-70394eeb355c, 530,919,245,Yossi
01ea22f7-d99f-4880-870a-694a4ebea752, 648,770,841,Yossi
