0097c858-97bf-46b9-b775-b9cea6976886, 863,516,671,Yossi
0ce5df55-5b50-4d09-b19b-b96ae8b2bee7, 604,847,79,Yossi
5ad39807-29eb-4b9d-b202-9399826e6bfb, 162,84,758,Yossi
c23ecd9f-4ac8-4bba-aba7-290ea640f994, 8,467,593,Yossi
3de37bff-4dc6-4350-93dd-631a4c78d585, 786,551,123,Yossi
9572860c-27b6-49f3-8a56-6056bc2407f7, 723,835,495,Yossi
64bcd403-ea15-434c-9794-abe0c3da33ac, 163,695,336,Yossi
0719409e-3c81-410e-bcb6-067c9cb3a27e, 372,135,763,Yossi
dbc2fb09-ead7-41ab-bb4e-03c5edc5ce10, 748,938,930,Yossi
34de5f31-f6a9-435f-a879-7dbe4a3e8e33, 28,406,210,Yossi
f04fe595-7365-432f-b376-19922016e903, 991,80,40,Yossi
f14ece50-8b08-4e4f-a661-b3ceb78f3def, 860,913,376,Yossi
aa079a7e-cf57-4954-ab20-a9626dc5d20e, 817,783,18,Yossi
43c5af46-100a-4e1e-8f9d-f68acb01a4e9, 237,379,879,Yossi
e7a5b565-d084-4135-a953-f23f43f93757, 773,64,644,Yossi
586fb435-8a1f-4dce-a597-ba37a296907a, 913,870,812,Yossi
89713b4b-fd36-45a4-b352-73d04ce4542f, 20,839,562,Yossi
b096ed91-96e9-4196-8534-2b246591d37e, 308,785,539,Yossi
b04fe25a-de1f-43c7-9574-4c100ae7f8d7, 620,491,381,Yossi
f95df0ad-965f-4b9d-9683-f7ffe3b57160, 906,855,908,Yossi
9f49283b-891a-4b81-96e9-e3d73a26f252, 147,135,676,Yossi
9ec11cab-27c8-4c53-bde1-006533e1f1c5, 548,15,387,Yossi
9f0beb99-72a4-4a50-a34f-4fec7fe1f7d2, 553,925,637,Yossi
c75115f0-0965-4898-afbe-a29e73c8eb58, 745,905,52,Yossi
e8bfdaa3-bab3-46ca-aee2-3008c507b2e9, 478,924,317,Yossi
c9f13cd4-daa0-4314-ba24-6a6060552d22, 456,598,72,Yossi
af2fa853-4f55-4767-aae2-4dafda26375c, 120,833,68,Yossi
e533e377-b950-494d-a40c-9c73ed8b8388, 118,8,566,Yossi
069ac390-282e-4f64-a974-7f2fc84a8721, 647,684,294,Yossi
bb1c3f57-37d5-48bb-b674-1e4023ef8cef, 500,240,423,Yossi
130ac121-6a7d-48c6-9b1a-a87bed82188d, 994,909,927,Yossi
ab090a94-67f4-4990-a574-408bf6d5dfc9, 108,90,244,Yossi
42d99623-e1b1-46c9-9b97-bd737ed85f0e, 203,225,49,Yossi
9c3ba8db-589d-4589-b10d-e43cfb4a5f3e, 257,361,944,Yossi
aed90ff6-b65e-4f48-b325-9d37a890b02c, 176,274,933,Yossi
2829a117-e48f-4528-8f05-7ac2052b4eaa, 511,829,859,Yossi
4528b312-f8ed-4c7e-bf2e-a2a122c278a3, 223,165,891,Yossi
bd19497f-0562-447f-b6fe-fa29600b2899, 310,787,22,Yossi
6204fe1f-59f8-47a7-b1cb-608641e5bd3d, 841,30,127,Yossi
96a359c5-534e-4f4e-b406-082893c932b9, 111,900,329,Yossi
75ca4786-05a3-4e12-af22-175f2027b875, 93,53,685,Yossi
a462766a-7c98-4c31-ac0a-b6a35e960016, 215,750,994,Yossi
52b3b322-0470-4d6c-a51e-ce50e48692df, 123,370,834,Yossi
27661f69-edc8-479a-9b26-9da4301b0df9, 73,254,374,Yossi
48662001-86a6-4e20-a4ea-86a1a0cad735, 23,861,473,Yossi
c3fd0804-0888-44bd-8aa7-f6c31f0670f7, 122,941,733,Yossi
a8b660ab-818d-4b64-96f1-1e8d40fc6d56, 632,137,854,Yossi
478d6225-a1b2-41d1-8a53-91efc027b034, 433,278,76,Yossi
717c51e9-cf65-45bd-ac9d-36704fdbbba4, 530,685,122,Yossi
e92d4ce2-e42d-4753-9aa7-2a12ee52be27, 905,266,61,Yossi
f1552924-e1bd-44d8-ae69-5e6901963faa, 118,92,324,Yossi
5c7c172c-0361-43ff-8c04-f4ffa9cbc3e3, 719,165,308,Yossi
5750d77f-4522-4545-ba94-31bd7ba07ce4, 260,959,522,Yossi
9cdde6cc-6f94-482a-914e-e7e2578c4b76, 937,388,459,Yossi
62d228d7-ec44-475a-9176-28d50705431a, 26,150,909,Yossi
9bbeae72-0111-4d2f-bc96-c37731ca11ee, 518,287,925,Yossi
5cef8fae-466d-46d2-9357-77fcc70fc70b, 548,719,87,Yossi
b8172437-5ee9-487a-a01a-e1f4654dd084, 392,478,764,Yossi
13344db5-08bd-4bc7-b11a-74fc2e5aad09, 474,658,773,Yossi
5aa62890-ef8d-4907-a14e-83662e4f3e1f, 609,683,66,Yossi
e783fd62-dd91-40f1-9d8d-e057c099ae4e, 872,217,104,Yossi
41950ca2-b4c9-4351-8c1e-6cc6ee4fa3c2, 774,954,162,Yossi
47d8c478-ba09-4abd-aeb9-848226c323a0, 51,303,696,Yossi
943a669e-6a0f-4c7d-a415-60ee232b887c, 165,860,980,Yossi
bbcda5ab-91bb-4277-a24a-a283191bb410, 211,693,748,Yossi
9bb5ea30-4bac-4b2a-9923-4640f7985bf5, 395,408,128,Yossi
f4bd8d2f-7301-4e55-82a6-4bed6e5ee1f7, 166,13,399,Yossi
778339d8-6487-44b7-8725-e6f0faf39dfa, 196,358,546,Yossi
bce2e131-6dcd-40e5-aa5f-a46ba08d990f, 972,724,613,Yossi
bef92d86-7870-4afc-b49f-6bd899bee7cd, 559,245,505,Yossi
f34111fb-8485-4511-ba6b-ffad223f3523, 533,650,276,Yossi
01951bf7-36be-43ad-bb20-59bc6dd6a0a5, 457,65,171,Yossi
1cd8e75b-6cc6-401d-b4b2-b2b78d94d8a1, 356,251,195,Yossi
6aab4f69-faae-42dc-8ff7-3d895fed3a68, 748,467,982,Yossi
5b4a7152-821d-423e-b056-0568ad18034f, 229,383,858,Yossi
80838973-af0f-4f42-a3a0-eb60274389e0, 106,182,783,Yossi
e2c452cf-1ad7-4466-b92c-8534fb3bd678, 16,79,251,Yossi
55d135cd-1c17-48f0-aafc-0b7852268453, 646,443,671,Yossi
6ae3e1ab-f2a3-4106-b044-fe409622ce60, 666,677,857,Yossi
d542f489-35ac-4edb-8ea5-a1bec60064b3, 557,800,230,Yossi
394d6fdc-b7c3-4fa5-87fb-1625a956f9a5, 547,491,58,Yossi
3f1c3387-fd3b-4177-9717-cae9c75addb0, 192,630,210,Yossi
942a8a14-b345-4640-93ae-0bd701db7e6f, 704,753,628,Yossi
6ffb5583-70a3-4c6c-b99c-fd17f2a44135, 577,39,157,Yossi
e53c9c7a-9d53-46d5-acce-3b6d55cbce4e, 932,417,544,Yossi
a418cf2d-fa46-4832-9982-4c0ec07964be, 415,965,973,Yossi
b36feb4b-6aa8-482d-a172-0e2c3de4adba, 687,866,543,Yossi
d4c3947b-9100-4809-a081-33c91f67de33, 829,543,167,Yossi
952a2618-0d06-472d-9a90-bf306ff1690c, 254,886,207,Yossi
f93fde1e-6695-43a4-8f9a-25bd3e1a73ad, 604,790,387,Yossi
39837a1a-219e-4ae8-9ae7-9f351849507d, 313,798,449,Yossi
34084f6d-7b96-46a9-90c2-68736bb90739, 963,201,975,Yossi
0025815d-9010-4d85-839c-1259f5655f9a, 924,38,752,Yossi
04df7bd6-9efa-47e2-98b3-00baca7b1954, 648,401,427,Yossi
5781740e-6951-433e-be43-07958d49d436, 155,438,40,Yossi
51f58f1c-7562-4f82-badc-c1532ca59a27, 94,712,27,Yossi
1ef8d6fc-7c9e-4318-b6bf-f7b197cb4913, 128,251,711,Yossi
8e00c888-355f-45e8-b486-740aa5f7c370, 883,868,932,Yossi
40fb4ca6-988b-4e73-87fd-4b4ce9d1add4, 686,717,946,Yossi
5343585b-1512-4c12-9372-3bc14b8f409b, 890,936,742,Yossi
bc3f04c0-5b83-4664-9a8b-50e6b0bdb6b0, 4,101,961,Yossi
aa35adb5-8431-421f-b1e7-189d69776ea9, 242,265,240,Yossi
b585a372-6396-400c-8dbc-63ef6e0395f5, 707,967,216,Yossi
7d7d1039-c038-4eca-9278-4ae4eeb9a08e, 567,490,927,Yossi
6ed3b464-7ee3-47f3-be63-8e06d893dae9, 222,40,466,Yossi
3db75868-10dc-4a7b-a6b3-8e00d79e1a4b, 116,674,105,Yossi
c03d84db-a970-4b70-a12b-25be99787871, 127,161,175,Yossi
786eda13-7569-40bd-9119-87d35ebf9434, 181,476,540,Yossi
5155b580-f961-431d-853e-dff01ef1ae3c, 674,428,928,Yossi
f7c6c041-125e-457c-a6bd-59551d36ab58, 516,278,482,Yossi
fcb71721-3c38-4f67-b657-abd2ddf5e2e9, 29,34,100,Yossi
9fc5f354-b938-4e26-9da6-c74a10534dca, 10,645,300,Yossi
4a9d0b11-2071-4023-b4b5-e29a0d377a51, 465,912,174,Yossi
8417b23d-46f3-48ae-a240-d5c0d4122e5b, 799,386,743,Yossi
50ad55e9-bcef-4529-8885-78d86979bc7e, 810,560,759,Yossi
e928ea98-4df0-43d4-be40-da4e04832c97, 782,662,829,Yossi
d4b24103-0e60-48c8-a635-ba937ef452ea, 466,571,43,Yossi
dd10fa01-90cb-42d1-aadd-1b6be81d8548, 842,763,776,Yossi
fbfd2c08-1615-4664-8819-41fa40a2f2b0, 568,821,623,Yossi
35c69285-1c69-43e5-ab56-9edbbfa1fdea, 421,566,835,Yossi
75c2834a-503f-483b-a508-cc24ebe50d85, 310,191,690,Yossi
b6815c7c-c8b9-4987-9c7f-c42f5e897695, 732,538,456,Yossi
f7c3b25c-8afe-40e2-84ab-8553c24b6871, 827,212,393,Yossi
3709158e-1114-414d-8372-a32ea9cbd880, 167,649,761,Yossi
48e03da8-6c13-4aff-9a66-f2a845d5418e, 930,327,773,Yossi
31669e22-af04-457d-99a5-87052013cb4f, 430,369,915,Yossi
aaaac1be-0d3e-4f13-8301-cadd15a078b4, 779,891,765,Yossi
f65229f0-7b05-4b3a-833c-dbeca12f0fd1, 99,50,705,Yossi
aab9fb85-eb03-45e6-9b66-681e780feff1, 439,186,270,Yossi
ad639a98-5a5d-4b96-ba6d-311a60abba8d, 323,441,822,Yossi
d7313c87-6422-40da-8b24-297a9c575c96, 676,44,346,Yossi
230c9be2-5936-4fe0-ac59-c33fedb9c892, 337,489,195,Yossi
8bc82c2d-3dc7-41b5-a047-fea3e3676bb5, 53,78,22,Yossi
02ac938c-1383-484a-90e9-6b1281f5eb87, 304,953,450,Yossi
c00edcba-db71-4486-b489-14a8e6c01cd8, 436,300,920,Yossi
961d0837-a2d1-4b0b-9bf2-418c8bd1a06b, 281,910,437,Yossi
2cfff42d-3a0d-4641-a5eb-0d728659bc56, 3,138,453,Yossi
450238d0-9b8e-490a-a953-bab4247877e9, 707,641,674,Yossi
fc0bb0f8-7e9b-44f4-ab5e-5b0c216ca1c7, 71,211,142,Yossi
4c86fbf3-b6cf-475f-9ad4-fadfa215fae5, 984,293,352,Yossi
80e032fb-0043-4069-85fb-c018173b81c4, 187,505,770,Yossi
15109050-76e4-4ab9-be6f-fee6fb42356e, 570,490,606,Yossi
3e815c7d-72b0-445c-a39d-000ef7cae00f, 415,594,836,Yossi
c10f2eb9-cce2-4177-a915-ad77c6293613, 579,377,292,Yossi
dc29a3ad-7bf9-41c6-9d35-fa744ca7c13c, 893,476,936,Yossi
66646a3a-5b00-48fb-b0c7-7250b5bb9930, 315,661,749,Yossi
c9213b62-801d-4ec5-b59a-75687ace6ef3, 784,159,275,Yossi
df9bfd4b-d1cd-45cb-a9ff-c85ccf223400, 831,320,303,Yossi
4bcda59e-6838-4b07-975e-b9a3a827a5f6, 370,968,402,Yossi
b3b9b262-a1ea-4cd0-a33a-62ff82d488e9, 671,267,278,Yossi
9b4bc5cb-9074-4c85-90cd-e3281c2d743a, 54,68,783,Yossi
b8ad9a2c-44dd-4ef6-8be1-ad763ddba7c7, 669,117,449,Yossi
6dad2408-a766-42a0-9893-80d5fc73d3b3, 679,865,809,Yossi
a06a667b-92b5-4b1b-982e-51fcded641d9, 315,864,317,Yossi
915e3978-aa87-425f-b12a-1fac3c8d722e, 600,423,759,Yossi
548d792a-9c4b-4484-96a3-64ae8ee9bc3a, 161,812,165,Yossi
902a0474-427c-4670-8eef-26a46203dd66, 736,755,549,Yossi
6c4ba2b7-a7f3-483a-b1f4-4853fbaf702f, 391,200,135,Yossi
37913fe4-83cc-44cd-9bba-33b85df4f4f8, 78,355,186,Yossi
12494115-1e21-4216-8ea2-cd39faa2b00d, 468,201,520,Yossi
90138717-18e0-4eb5-8339-db7d2413e133, 204,743,328,Yossi
ff957bfb-f5ee-42f0-add0-df303a5b1032, 558,525,310,Yossi
211f53e1-74d9-4e3e-8659-8eec11385be9, 507,225,360,Yossi
8e65b96f-a00b-465d-af1f-27a1473f00c0, 488,635,795,Yossi
93a40081-2d53-4bb0-b54c-2707776c7631, 938,469,293,Yossi
bd80bf89-3610-4246-8e27-34df89b73622, 957,232,896,Yossi
a228d0ac-d415-4d8f-9fcc-f9631de17770, 542,209,157,Yossi
41cb35f8-024c-4315-84f0-88425f19b734, 237,933,510,Yossi
ae5661f3-3b0e-4fd9-8dfd-edfa6e83df9f, 728,661,866,Yossi
2e89a242-9824-464f-b01d-9a0705fe7927, 649,592,761,Yossi
cdbe9e07-de0a-43d7-97ff-44a6184b2f13, 263,212,664,Yossi
b11a1d8f-6759-4f2d-bf61-8611ce29753b, 289,111,122,Yossi
643137e8-47b7-4cc0-b568-64b16ca45f98, 988,43,896,Yossi
6c43668f-b01d-4f3d-bd7a-5df16582e2e9, 450,652,587,Yossi
fb9b5781-ebde-4500-9ad7-c12332b2abd8, 804,249,120,Yossi
410422da-985f-4ced-8988-bcc4d1450740, 752,452,729,Yossi
19fce857-3e58-4f8d-828c-98b778d95553, 840,119,124,Yossi
c9638fd6-91f1-4cd2-89fc-6bbca85a9bc8, 289,924,991,Yossi
c2b60aa8-5298-41a0-ba87-963cf0ce8872, 364,965,808,Yossi
4a8916b7-9da4-4991-b5d2-f9160ef6890b, 816,828,863,Yossi
9d58a330-115d-4873-8715-161bb5a38e18, 442,857,632,Yossi
90f22cb8-ec51-49a8-9413-885ea97e58d8, 598,225,424,Yossi
c975f30b-eafc-4f7b-b53f-86806715ce2a, 132,650,358,Yossi
65ad7205-13ed-44dc-ac81-a42987194d51, 172,967,189,Yossi
c000b784-bea1-42a2-a3b0-38ac6f32e291, 998,92,555,Yossi
f02162bb-e5ac-4720-86c5-b0b6bf112ac7, 568,432,685,Yossi
06631f95-7be1-4eba-ae0d-9c090b35e67e, 391,975,210,Yossi
84fa8bbd-c628-4f0f-aeba-ff462a8fb39e, 137,807,473,Yossi
8d035d3a-a8ea-4476-825b-52dfe92af9e9, 637,973,286,Yossi
65c7e981-ad7e-455b-906e-629b0714be8c, 671,923,145,Yossi
7f032d00-16b6-4cd4-a7c8-516990b7e33f, 312,173,213,Yossi
44fba6b4-70de-4d24-a043-18253a897a1f, 34,9,794,Yossi
2ca186b9-d052-4dab-ab61-5e5f9dd09ddc, 953,207,24,Yossi
7a6155ab-b881-4549-bb2e-92bf75485594, 695,621,800,Yossi
d3ea4058-e7f6-462b-9f9e-cc8c123b6c3c, 371,669,151,Yossi
67b064b5-b283-41da-b58d-3b604c9d9224, 933,289,833,Yossi
4f425b45-b40a-470d-8b11-e47acf0f314d, 436,794,533,Yossi
ae870b23-0050-433b-ae80-4db487a70f3a, 124,425,852,Yossi
4a64a19b-8402-489a-b23a-7a86a4593bce, 653,305,50,Yossi
60650fff-d01c-490a-98e3-f9374d82c3f6, 160,959,250,Yossi
b3522f99-79a1-4278-ba7c-35a04b004250, 138,459,725,Yossi
8109060f-95ad-4e0e-a44a-2df084e43dfc, 214,858,795,Yossi
05806be4-5355-4e10-bd6b-652b002169ac, 975,964,84,Yossi
408c1996-dcea-477f-bb9f-c696301e0aac, 760,614,226,Yossi
175f3095-f984-4afc-bd53-51fa335fa6e7, 661,694,354,Yossi
65d191e6-67fd-40c0-887f-5591b18742f6, 408,764,139,Yossi
6c57412d-c057-404d-b780-df25aa123507, 323,703,685,Yossi
75b238d3-cf36-45c5-907d-df57ebd22a76, 452,236,129,Yossi
9842c582-f004-4914-b578-52198edc670f, 610,189,746,Yossi
aced3ff1-fb5c-4d08-becd-0f78a02e2c45, 359,379,702,Yossi
0f85fc5a-497a-48fc-96db-4204f3dd9c19, 744,793,246,Yossi
232debc6-ad42-4ae7-b6cf-c28cb8dff6a8, 773,557,163,Yossi
13bb95a4-e740-493a-99c0-90a9dc63b158, 75,158,809,Yossi
9fa78f60-b374-4015-b32b-0f1b49082eeb, 354,956,324,Yossi
91b2f407-e2ba-4244-8fff-a4186001c9ab, 749,675,181,Yossi
ac63345f-f5f0-4a7e-91a6-22d378a28b59, 308,462,730,Yossi
b6e04781-af66-4c76-8b48-cab48a5f1f8b, 498,246,539,Yossi
2d879f8f-8178-4d23-afd5-7c1716f11593, 910,836,256,Yossi
e1fa9218-0e61-4e27-85e8-2445a5bdae71, 564,685,224,Yossi
cf4b50dc-653f-4423-95cc-d8c4985bccc3, 597,603,670,Yossi
53df06ec-99d4-4a23-8012-c278a904dbbf, 50,616,586,Yossi
bfbf36d2-2d50-42a9-9d19-c8d4c4cd40d6, 381,17,819,Yossi
e021f407-0d21-42db-b430-c46ef6b08f35, 978,887,137,Yossi
420fe760-1eb7-4133-8ce7-54afec820d09, 192,334,607,Yossi
4507c9ad-beba-43bb-bc12-be25f2b4f827, 328,967,745,Yossi
60c54f90-453f-48c6-9bed-fa3d6d2dfa6d, 362,701,560,Yossi
eacf9225-503e-4460-b184-1aa7c66f59a8, 947,303,725,Yossi
8184b55d-831a-497d-ad69-c8e647034063, 16,860,134,Yossi
09988405-ca2c-4a71-821c-392e0e7dca87, 164,832,956,Yossi
f345cf79-d139-4f9a-97d4-92805ad8d363, 989,209,871,Yossi
12247ba1-55b4-479b-b3ca-307d0e050505, 938,477,554,Yossi
3aa98df7-355c-45a8-b444-f0941ba92b91, 140,304,341,Yossi
67ad6a1f-f428-421e-874f-874beb86dc5a, 736,369,658,Yossi
f017069c-8e81-4e06-8dce-c6c508e8a213, 360,328,574,Yossi
012e2484-0dc5-4ec5-ac82-5ac63e050e07, 594,307,910,Yossi
58ddc70c-c86a-4f66-9338-10adbb5dfd6a, 930,582,867,Yossi
70556288-2207-4ff0-97d7-029f2af7bf8d, 509,203,983,Yossi
f1e5ee1b-6a34-4711-9dc3-eed046dfdcbc, 662,649,301,Yossi
de63f9b9-ed4d-4574-9cbf-607c5e5fa75c, 943,35,755,Yossi
d76e10dc-56e5-4577-8932-0250b30dc62a, 452,218,183,Yossi
35d0efdd-3818-4bf6-9046-5374ebb4d6dd, 862,988,678,Yossi
c4494852-be36-42f7-b476-89b0e0953681, 265,253,855,Yossi
54adfb03-5d0a-4e01-beaa-d34998dbb880, 54,189,664,Yossi
ae49abca-c5f5-4f19-9ac1-75e457d905f7, 405,624,333,Yossi
82be60fc-b077-4575-99eb-94b120bb7289, 900,587,973,Yossi
fbabe096-79f0-47fc-b9d1-2b4a7c110dc9, 152,421,553,Yossi
75cbddaa-5e60-4696-bf63-d4449f76c916, 222,232,251,Yossi
f6a60a7f-1b17-4937-8378-96c0a45093f3, 89,480,7,Yossi
593735cf-c590-41bd-b0f4-553080b0175b, 886,276,827,Yossi
8d223490-7d85-447b-95b9-6dbff31d587b, 253,195,270,Yossi
987b2d7d-0d00-4597-83c1-a8f59b165962, 584,285,151,Yossi
ece0e79d-75fb-41ec-8e92-678fcaad308f, 476,496,338,Yossi
dcdecb6f-6435-45b8-8f0c-5942fba0c8e7, 895,329,54,Yossi
984690f7-24e4-409c-8b4a-8f405ae81cff, 56,877,393,Yossi
41620848-26cb-45ea-aed6-d6a2398e2688, 204,104,578,Yossi
fa828311-716c-4ade-bb36-71946e83f425, 650,761,62,Yossi
3ec3df12-517f-4dc2-846d-8e40d40ac111, 326,791,612,Yossi
53e2dc45-77a8-4f86-9767-2133fd8402bc, 202,231,985,Yossi
9a18fd5c-0dd5-410c-9b92-dc8104602abc, 930,774,509,Yossi
222240c2-9cc1-414e-9544-635f09616cae, 671,377,976,Yossi
f6e882bf-55cb-4779-9609-00ec501c553c, 29,799,993,Yossi
a3ae13a4-4885-4026-aa66-d176daea1cad, 394,820,340,Yossi
2bcf3b12-f3b2-498d-8551-c8991b477f7f, 182,424,91,Yossi
df3aca02-d710-43f0-a3ad-a98e836ab1c4, 636,256,92,Yossi
62935dca-866a-4496-9f31-048f1a3d6067, 500,167,353,Yossi
743f61ec-dcf9-41af-8260-c855d32cdd57, 857,883,376,Yossi
2bc34f18-1567-4737-8da7-3070db59a296, 428,237,513,Yossi
1d1e6f57-311f-40d2-8d36-4ddfece68989, 765,926,402,Yossi
4a7edde6-4694-44b9-a7a3-08cf4e4dc013, 656,383,55,Yossi
4a5a7c13-fe51-4d63-ba17-b03ec8a98a6b, 165,544,721,Yossi
4f46790a-2f72-4041-b659-88ebf5b1d262, 828,224,951,Yossi
c449ecf5-4d6e-47f3-a038-930c32df6a10, 77,27,78,Yossi
2371e365-ca4b-456e-9481-8ea6341ddab1, 399,809,283,Yossi
8be96ef2-541e-45af-acb9-496cc9c66545, 239,468,337,Yossi
f1333253-7788-4409-b435-f6177b15240c, 970,689,536,Yossi
359fcb60-0409-451d-b7eb-9b5b684043b4, 520,701,64,Yossi
3f17960a-57e2-4ccb-95b3-7df2a3c8b81f, 632,74,890,Yossi
f323562e-9feb-4cd5-85a4-c9e143b00a77, 133,244,141,Yossi
2c8004e0-cbc1-4d44-9a95-d3ee089ccad9, 463,262,872,Yossi
7378ba99-817e-41cb-ac90-725aca972ea9, 591,736,437,Yossi
c26660ec-5244-405d-bcee-c6a1154e243f, 285,17,879,Yossi
5e07ff7d-0305-4ccb-ba04-b00667fc3dce, 369,806,33,Yossi
2e4c42ab-015d-454a-83d4-27097608e104, 140,424,140,Yossi
02ae5ff5-0ccd-4679-8183-aa5d47840b3a, 276,459,74,Yossi
0dd5e191-d328-4c62-a22b-00d8d03cef07, 93,189,767,Yossi
2c4a16fa-5e3c-4c22-b45d-54823cb0d66c, 177,794,238,Yossi
ac22a417-c6a7-4d12-8236-583ee6ca2c26, 865,137,681,Yossi
dec49c05-8771-4678-a297-e566bcdc0d14, 989,532,471,Yossi
0cb1dcee-6d63-42b9-8f68-9d5ddf62b9e6, 829,695,978,Yossi
d20cae34-5eaa-41bd-85f7-7b79ac9db219, 811,612,764,Yossi
ed31ca1d-c9b4-4656-b757-fbfcd3ed0e08, 205,806,73,Yossi
b3e22ac8-fda4-4283-aa97-82ed5d6e006e, 844,952,452,Yossi
163af84e-e0fc-410b-940a-5224b438c640, 457,601,881,Yossi
b9c38b54-cb68-44ec-a53d-c05930c5c525, 503,381,277,Yossi
bd13128d-bcf8-4af9-b0d2-108324e96c16, 922,356,614,Yossi
a61576f1-ec18-4095-a8cf-9e3e2ab30bab, 816,40,55,Yossi
89e91a97-d2bb-4367-b778-de9173cb7dcd, 372,286,466,Yossi
b7b06bca-9a37-45c1-ac49-fb39aba863d8, 634,725,600,Yossi
956cf37b-797a-4ec1-992d-1be262ba3985, 755,295,483,Yossi
37acbff9-0aa0-4649-993e-dbc8ecb96ba4, 408,538,112,Yossi
96cb95e2-a582-411d-9ffc-ecdd017ca444, 54,328,810,Yossi
3f98db5b-c3a0-4e84-83f0-28cb72d487c2, 375,71,651,Yossi
618e6942-9263-4e6d-8af9-5c3d43bf9ec5, 1,247,236,Yossi
d429c5c5-61eb-4912-90c7-9004c7a21b74, 316,719,193,Yossi
7f79cb12-1cde-4e92-8aec-5642efa4f356, 356,362,755,Yossi
22fe7049-a7f8-43dd-8c30-bbbc4637abe0, 404,67,177,Yossi
52e823b0-17c2-4a7f-acef-7c2372d2d70c, 855,13,655,Yossi
d1a50653-7e84-4dd1-80a3-87c91a86935d, 923,439,327,Yossi
e55bc195-11c5-4ec5-959f-123bdbc71632, 298,569,82,Yossi
bb3d4d78-4e8e-401d-9d35-2aa422490787, 472,90,658,Yossi
3fc0e623-925d-4664-a427-f7d3d05fff33, 967,49,64,Yossi
9f0c56b7-59f1-408c-abe6-4c5298669b0c, 770,450,53,Yossi
df93e48a-6666-4be4-8885-9162879dd996, 466,548,285,Yossi
30473413-5629-485a-a880-3e1c7f772d4b, 961,815,792,Yossi
bf165989-79a0-46c7-8380-9198d08bf350, 818,57,566,Yossi
3472b4f2-eff6-4c38-8488-ee3e75e626cc, 273,279,363,Yossi
7f4f5ed2-f547-404f-9e8f-89d33b5e0546, 844,352,228,Yossi
137d4740-3b24-4c74-82a8-cff69ed61c06, 307,551,525,Yossi
b2bcfd47-a367-4deb-b787-ad4f003e6e2f, 455,129,887,Yossi
f7e11f67-339d-4cdf-9c5d-95c9cbaf2bdb, 484,77,501,Yossi
3037419c-0ad1-4f4e-88d9-accc85e7e277, 570,528,158,Yossi
43cdd180-eeb1-48d7-b014-29f8c658c3fb, 577,347,670,Yossi
97b06ffe-bd0d-4811-a2df-54954b874897, 130,584,910,Yossi
d633df8b-2d31-42f6-81b3-ed05c287a213, 702,936,518,Yossi
11f8d29d-dbd3-441a-aa9b-0e7a669045a4, 890,893,197,Yossi
d807e78e-5242-4016-b5da-18cb8852f1b9, 862,106,383,Yossi
ed9d1907-82a7-443d-8adb-26b04cd2d1f2, 759,26,291,Yossi
ee19675a-30d2-43d3-9acc-a30bb0eefc3c, 717,627,736,Yossi
37b12e8f-aa48-4125-b31e-9fd5d6978b84, 430,661,496,Yossi
666b025a-753f-41d7-a981-bc67f1a35bdb, 537,316,322,Yossi
b63623ad-2d9c-4d41-a4f7-59646f584415, 164,981,471,Yossi
808100b5-36e5-43bf-b164-979cad1e7698, 783,392,288,Yossi
cfcbe2e4-a65c-4fa2-9df5-efb4b9fee735, 634,241,708,Yossi
2d3c4a78-aa12-4b22-ad35-ba29d6c1874a, 894,143,693,Yossi
bc96449c-3d64-411a-afb9-b68e6d49f881, 451,142,414,Yossi
9d47cdd8-e5ed-4d5d-9bc5-d54883432215, 708,415,657,Yossi
a4eeea64-1c5a-49a7-b72b-da9871c7db7d, 329,591,23,Yossi
390dbd49-01f7-4f69-ba36-a1526098d506, 505,723,52,Yossi
2d7bf194-b165-45dc-bdbf-f5d25c431ff6, 210,852,900,Yossi
0679e37a-c289-44ef-bebb-ea00d5012cf7, 420,147,685,Yossi
e5ca6686-729e-4f08-bd75-bdd51e5fcfe2, 174,591,269,Yossi
74ce370b-8b08-460e-9841-1a5be39191f7, 589,538,954,Yossi
51fb3bc3-e7ac-4b75-a8b5-a9b6dccaccf0, 47,107,501,Yossi
a85776e8-0853-4cd6-ae93-015a37ac2b36, 907,229,863,Yossi
dd56d029-8610-41f0-bfd3-c50cb2776de3, 674,863,881,Yossi
9a348f84-da30-44f0-a16a-ab07f54b2aa1, 596,266,485,Yossi
6f84e7d9-2f52-47b3-ae98-6d7e92e3a3eb, 323,721,246,Yossi
5d6b4254-0058-4122-abed-a6a49dbcc440, 838,209,723,Yossi
1f117045-1f44-4b66-b289-623fbf570916, 299,658,258,Yossi
d8afc78a-8ed3-4f8f-b1fe-62c7cffb456f, 420,574,539,Yossi
1dbc5b7f-b210-4e21-9e1a-6ee1decd5ff5, 387,214,95,Yossi
3d6bb7c1-8fd6-404c-8e0d-5cc549cb8136, 23,721,551,Yossi
06d2c073-3221-44dc-a603-0c6a938cd532, 424,861,602,Yossi
353345c0-9348-4adf-ba01-dfcbbc6e6323, 458,661,308,Yossi
e107d3aa-db99-4555-b8e3-f9cf9e019f13, 156,420,363,Yossi
94e0bedc-1d73-41b9-9b3c-e53629167611, 158,830,859,Yossi
4d595dff-cb21-4127-94b0-b71475e315f1, 170,612,586,Yossi
9220bcc2-539d-4ec1-9d58-c260c52b4147, 415,98,425,Yossi
141f386c-6fba-4585-aa68-6a859863f7a5, 440,335,383,Yossi
89b7c01b-905e-49bf-b080-c2e094df5b25, 545,290,879,Yossi
ae3cdfbd-feb1-4fe5-8e2b-82eebae483dc, 697,626,532,Yossi
e032dd5b-65d3-464f-84af-7a920f2d79fb, 961,521,15,Yossi
095b0199-7ade-4d7e-a590-3716f21e5d18, 769,651,143,Yossi
886a8078-a2ef-449a-a67f-aa15d02a864e, 331,172,404,Yossi
338d691b-aa72-4c09-828f-bc83340f518a, 881,863,60,Yossi
548d99f7-5ecd-4ec2-994d-b9e0dae39dbd, 936,682,787,Yossi
6b2eb11c-967a-4dda-90b1-93ddf8b902ec, 361,141,827,Yossi
424f639c-8264-4b2a-bf3d-aade6be04ee6, 398,250,960,Yossi
893dd941-75f9-48ef-9624-7311d703f348, 951,970,117,Yossi
22f57016-02b8-474a-ad5d-a2b948d4cf88, 668,582,386,Yossi
deae795e-f2ff-4d51-90cb-490621e092e8, 168,878,571,Yossi
689f59fb-e46f-4837-9240-811859aa6e84, 722,760,36,Yossi
7f2016c6-fb4d-4688-8e03-5757e854057f, 774,194,898,Yossi
1144a579-33a0-466a-a8a5-2d5416af9ac6, 348,388,179,Yossi
bf1b76d2-4894-4441-a2bd-4f2c51102ff5, 716,838,440,Yossi
c888f70d-ae4d-493d-ae52-b7ae4bb88e25, 182,532,233,Yossi
8b997cf8-de24-4149-ad76-fc3099b05f7f, 366,503,651,Yossi
3c5c7fea-ac31-4fc9-9653-01190605294f, 594,184,150,Yossi
22717a3b-0a52-468e-8f13-a121a3d97e77, 53,299,376,Yossi
233330b5-09e4-4a05-a5cc-adabc022327a, 571,10,549,Yossi
4fce2c8c-0f55-4e89-8b93-41a8e638ab63, 897,102,70,Yossi
cce60b53-8533-47e7-b674-915ca845204a, 755,163,293,Yossi
be1cb63c-3275-4b13-a21e-358af1650247, 831,160,103,Yossi
ebf1bc3c-8f38-4aba-a641-642cc1bbdaea, 24,162,489,Yossi
48c4ff60-3d3a-4a7f-8cc7-c93395ce3715, 888,13,752,Yossi
1a702f5a-59f3-4358-9ed6-45c383c22c8d, 648,680,411,Yossi
d6e240e1-af67-41de-9d9b-845b998bf691, 520,770,438,Yossi
ee19e2f4-8a4e-4502-9874-0491ed10a6c3, 883,303,79,Yossi
023fdc84-c572-4220-9121-15d1316452a4, 734,572,694,Yossi
39e56ae8-7696-4ffe-b0a6-b068c5e647b8, 422,670,462,Yossi
6ccd0637-c306-4b9b-915d-66686f7c382e, 659,204,184,Yossi
caa3562d-c6ac-466e-8b82-d2370734cdc4, 350,450,287,Yossi
7b62eb06-463c-4021-a9e7-474e78cb7282, 110,960,675,Yossi
1c388d1b-db99-499d-a35c-a0201bfce2bf, 148,349,373,Yossi
9d8546f3-58c0-4724-86e5-0b8e5d8b7ba4, 130,342,342,Yossi
5b7d86b6-405c-4e76-b063-c4b492e76743, 163,705,172,Yossi
54907ab4-41d2-4f48-88d1-6f6a25fb58f9, 396,403,618,Yossi
8619e969-cc3a-42ab-b368-c16fd1713fcd, 963,51,239,Yossi
0576fc4e-0596-4107-89f5-04080ced09ce, 111,14,797,Yossi
0b872ede-4e0f-4c2e-8f51-a439d1e01cce, 989,22,589,Yossi
7d5f2ec2-8a7c-4fad-80e5-2d231082fb5a, 597,410,488,Yossi
b3b1e799-9d65-4897-9399-7fb748f3dc3f, 640,364,956,Yossi
08a5b687-7160-47a9-8a92-a412649152d4, 306,538,562,Yossi
45c489a9-3cb4-40d5-a92c-bd9d841cc37e, 466,539,719,Yossi
5a679576-0a37-4772-8573-7c676895b786, 734,373,421,Yossi
ec93020e-5562-428f-a236-7b251ac5aff7, 65,753,959,Yossi
852e5bcc-92b1-425d-99b3-85fae452bef3, 736,571,865,Yossi
9ba2c25d-b6ac-4f66-bd1b-52451ce48b5c, 523,26,267,Yossi
e919f6f7-04a3-4413-8e8f-2e3d041fabec, 842,694,153,Yossi
80405fd1-951c-4169-a6bc-12cd3847d717, 943,240,436,Yossi
cc8349a6-c411-4284-aa4a-ad67a0f49f7f, 488,119,938,Yossi
8b992731-acac-4faa-b97d-999ef2f3621b, 87,549,938,Yossi
65340c18-8f6b-4ca6-af2a-17d4c621ea14, 884,488,977,Yossi
5425f56b-ca62-4feb-a187-f26043947159, 384,855,168,Yossi
1ce018ca-2cf4-4106-a72a-22a36077b842, 608,929,863,Yossi
a548303f-2f4d-4fe9-a2f5-74f0454f5529, 897,229,677,Yossi
85636311-b7ad-487d-8138-d3bf46451521, 817,46,260,Yossi
be6adfba-64fd-4495-8bff-49cb9e938904, 836,253,449,Yossi
837eccd1-595f-4356-a149-11ddd746bb72, 722,75,385,Yossi
b0a3e9d1-100e-4cf1-ae3f-5851317e3c64, 221,797,668,Yossi
f1d3a846-82d6-4b9e-96ea-200596b8f1f8, 804,361,299,Yossi
2e2ee2a9-7048-4d5b-9ebf-85b09f7da35b, 126,976,420,Yossi
28ab65b7-67fa-4099-8daa-956d27c45ce2, 779,648,822,Yossi
9546b5b4-69ff-4494-94cf-89a333854bdd, 481,180,266,Yossi
339fdf91-1892-4316-a11a-cfa70e0f28ad, 981,353,715,Yossi
38fe61a4-278b-4ee9-b782-2827ecd8fa30, 698,913,95,Yossi
34f9cc32-3a59-4d99-b0f7-64e8f891f65b, 403,944,465,Yossi
5f90031c-172d-4031-aa3f-5d770bb783c1, 474,127,194,Yossi
9f65df57-2e56-41e3-8f49-e22155106344, 177,651,865,Yossi
1e276bbf-7ad4-4a67-8156-eb9193d620b1, 489,363,475,Yossi
e643d57f-0e0a-4378-904c-20bdc94c3c1a, 554,663,690,Yossi
9c42a6f0-c67f-4f27-9853-e9b573c8f485, 309,579,495,Yossi
caf72a4e-23b5-4f87-ab30-f5fd1d831fd4, 867,483,952,Yossi
7c35c3bf-e36b-483d-9102-220ad57598d4, 443,118,579,Yossi
829ae8e5-4357-4d3e-88a5-6b6cd4beb151, 853,336,864,Yossi
2e16565d-4a14-4e62-b695-f6e4130fdd8a, 992,853,899,Yossi
80690fca-8ccd-42b8-bffe-c124b28789ec, 733,25,160,Yossi
b2f331b1-6c8c-499f-a750-2e7a27c0a30c, 290,817,851,Yossi
9b6e2f56-1a93-4c97-900c-809a80f26e6d, 204,330,235,Yossi
326ee831-04db-4bd9-b875-a8fbebbedc42, 105,948,326,Yossi
6c3cd0b4-5baa-44e6-ab21-e6a8bdff3c95, 554,291,286,Yossi
0e9f106d-43d9-434e-922c-677ea094853d, 348,926,516,Yossi
c5973ee3-a670-49f0-8ac2-e4df44b3820b, 574,673,773,Yossi
b5973653-f807-4d6e-a0cc-ad248ae2cedd, 221,829,431,Yossi
0eda5492-d827-48ed-836b-9fc411467f31, 142,958,826,Yossi
3dd81611-c1ba-48f9-ad71-e7d70099b0f9, 884,620,789,Yossi
b8f5a1b6-b97d-418d-aa68-83c9342130db, 328,183,796,Yossi
a94b0057-8715-4d51-a408-515a68aabec7, 964,755,338,Yossi
4fbbf1c4-abb2-418b-b52a-d3c2d9e3bca4, 315,264,845,Yossi
d2e99830-d05d-400b-ae23-7a483714eadb, 837,105,249,Yossi
5443ba16-427e-4a5f-a8a4-d00b5eb1f6e1, 260,762,533,Yossi
bd8e0788-7a80-453a-9de4-57cfb875f8a6, 626,888,826,Yossi
9fa53564-3004-43b0-a66e-4137733e3cf6, 294,506,409,Yossi
c6528827-5a94-4a31-9a85-e1916a87eef1, 349,418,181,Yossi
260d4796-5100-419e-849c-4737c42ce144, 127,513,194,Yossi
42bb0747-5d6f-462a-a58a-47200569738b, 728,148,857,Yossi
aa87b659-7160-4df4-9246-182b2808bef8, 26,318,709,Yossi
d928c98e-f171-460e-bdfa-159f21fb84c0, 445,775,765,Yossi
b694cbf5-ada2-4211-b4d7-6788c5886f78, 529,588,534,Yossi
fa9f6f15-401d-45b4-b4f6-ef114d8a598e, 946,34,662,Yossi
f38dc0a9-d937-48bf-a6fd-faf86727476c, 669,736,568,Yossi
d5fda594-779e-4e18-b465-4b5ba6df467f, 524,959,68,Yossi
026d3974-0775-4b37-accc-f448cfbd253e, 896,514,70,Yossi
1106487f-b584-4282-a51f-9a77e73ef313, 998,591,114,Yossi
9fc9c2b8-7350-4c80-99b8-bbb08ebecaaf, 381,978,764,Yossi
e6113657-fb5d-4785-8618-13cc1b3e5b26, 615,838,243,Yossi
d2ebc1e3-47dc-42f7-a9a9-71b78f4b077b, 145,585,117,Yossi
2bf2b62b-3958-495c-87ac-13645e3d727b, 986,811,786,Yossi
be9d0df2-ac2a-4894-ad23-5d823201d5b5, 539,814,985,Yossi
f331f370-ca06-4cc3-ada5-5dc6f2d2905f, 767,98,300,Yossi
09a62156-ee26-4b73-b7dd-9a1ed0e05e2d, 292,346,473,Yossi
a5fd5fa5-546a-4ac4-80d7-0317b9221c29, 745,679,681,Yossi
19b04cc8-4970-4d27-900f-060d8e3e0903, 611,601,552,Yossi
4838c0cc-2734-4c91-b029-19c7ef13fa2f, 126,831,632,Yossi
ec89897c-9236-4dc3-94fc-e8df61240c14, 787,27,726,Yossi
a90ca071-4242-45ef-8e5b-26525401d683, 595,65,796,Yossi
bb1b038f-18b5-4cc9-a100-e321c64bc771, 2,912,749,Yossi
698b34c1-dacc-458e-98cb-ea6a403b0555, 292,802,447,Yossi
63b8485d-13ec-4203-a40f-14fc2feae7ca, 546,681,923,Yossi
5ebd5e2b-abc9-4214-8108-cb375a010823, 781,984,145,Yossi
8f75d02a-4773-46c1-801a-6073c1e159ab, 81,129,417,Yossi
d310b594-0309-4899-be69-b6f654a73988, 768,706,246,Yossi
71ae889e-057a-4fd3-9190-8bb0670a63d8, 640,634,300,Yossi
39b41f28-41be-446c-bf83-d36eff8fc3cd, 83,4,238,Yossi
c0195119-5475-4109-9489-7b9f9a1ab370, 689,19,753,Yossi
9e0b08b5-7abb-4c0f-a3ec-bca6d5ae8cfc, 483,200,785,Yossi
27919bbf-78ac-4252-abdf-24828784b95f, 61,942,750,Yossi
2f422841-6592-4604-8ae5-7cc0911a1bdf, 189,766,185,Yossi
76af583b-ec0e-437a-967a-daac81cb8837, 550,1,543,Yossi
efd77aae-d8db-493e-a2e7-89ba6a9ae1b6, 26,200,996,Yossi
42099fbc-19cb-4e15-9b48-3d6ea82270af, 756,829,615,Yossi
4fb4a8ea-dacf-458d-bf6a-2679298155e2, 408,46,702,Yossi
ff366c68-b046-4a13-b7bb-69984d9e6ad2, 216,19,319,Yossi
005c89d7-b1bf-4f9f-a940-10936b8fcde4, 481,953,429,Yossi
4aced65b-c2ee-4633-a7f4-bfb0a23e2637, 497,917,908,Yossi
f20e3046-5828-4021-9a39-abeb5fbc31ec, 512,602,783,Yossi
780b1bad-e07b-4c90-adb1-bf1a53ea2b24, 692,63,482,Yossi
d861f6fa-facd-4857-87bb-d4c953694c2d, 139,721,42,Yossi
6e58b6cf-040b-4ccb-8fc7-197c01fc2c54, 394,890,362,Yossi
f327e24d-523f-44c6-9ef1-f8ee87617bd6, 232,219,706,Yossi
589fc890-3fbb-460c-bc7e-5ddd5f45953c, 701,614,435,Yossi
40b342c4-e238-4e51-ab35-adb550eb36c1, 302,326,174,Yossi
63839fe0-219c-41fa-b210-6f354f97cca2, 621,282,972,Yossi
98505dd2-5129-403e-b935-7bb9b0ff99b3, 52,268,181,Yossi
901b4bc8-3150-4408-b615-1b94d48a116c, 466,578,987,Yossi
c0aa149d-e829-41f5-b5b0-0da2d633ab5d, 322,691,848,Yossi
4647a3df-398b-41d8-bfcd-933371be04dd, 275,39,397,Yossi
4c39f211-8e5f-4cd2-8c43-e05bb6512938, 758,333,137,Yossi
272d51bf-c9ac-490c-8844-ab15b14074df, 514,617,109,Yossi
03e3c289-26ab-43cc-8b12-b80e693356e5, 574,14,154,Yossi
e0ca04fc-d598-4f5d-b409-5dde8a1c3022, 340,982,799,Yossi
709e9b09-5491-4606-a02c-6633da8c168f, 612,778,340,Yossi
a69207a9-c880-4769-97ac-fee629ad9986, 992,196,591,Yossi
a4e6fd3b-d1e8-4f10-b7f1-85b8f23b2eb0, 735,890,321,Yossi
86344014-2929-4baa-860b-f83763320b62, 810,641,794,Yossi
23c11432-2477-46be-a064-62c1abb27724, 302,672,143,Yossi
e6950637-b286-4b00-949b-878fbd6f8925, 53,72,200,Yossi
b4b0a688-cf80-4e79-bebe-ea645ecf2272, 513,955,180,Yossi
2f4b2485-b9f6-4b91-97cc-0b3b0e29f517, 309,942,282,Yossi
73f596bc-0641-4a69-b73d-7a30a305b0cc, 299,786,707,Yossi
02759d05-1e61-47b0-9ab1-e90d24a27e1e, 65,47,268,Yossi
f65435da-11a2-47b9-8eeb-cc367416390d, 818,710,284,Yossi
a9ee300a-012d-4656-a9d2-3b1253e4918e, 380,852,799,Yossi
cf11df48-4f4e-4935-9398-0364f5a482a2, 648,328,496,Yossi
a75a3aba-9529-40f8-85dd-36c013933bf9, 257,539,148,Yossi
362d07cb-45db-44b5-936a-8eae6d66a43d, 77,946,691,Yossi
cda89c55-0ef8-46dc-b4b5-2595a0184986, 341,213,944,Yossi
0e1330f7-c089-41bc-8894-f46c87f3ff42, 965,521,940,Yossi
b8f2a226-85eb-4738-83dc-9f7c74bfd2bd, 953,826,27,Yossi
189f2602-2be4-4e19-86a0-797ed0150760, 619,304,834,Yossi
2ef3312d-16cb-4d0e-8121-24df808ad7e1, 58,694,408,Yossi
4f8ffc39-9d80-4983-b3ce-cafebe96dbfe, 883,670,843,Yossi
c903a0fe-fea3-43b5-9b3f-aad208c8663a, 54,991,929,Yossi
441be013-5221-45f0-8695-cba4f1f2dc05, 511,920,818,Yossi
c9b96e5e-c728-4f29-9c3e-a5384777c10c, 342,404,743,Yossi
a5227845-becf-40a4-a5e6-d2a1cb436e30, 702,257,417,Yossi
3a11b95d-2f60-408a-a686-a55feefa129f, 33,233,994,Yossi
60903dc1-8634-497f-b4c5-57c1e6125ae6, 590,956,573,Yossi
db8d4738-9d50-4af6-8888-647ec90a3434, 761,99,525,Yossi
5f326bdf-9d8b-4107-a67d-820a7ad0e41c, 326,863,882,Yossi
2bf8204c-56dd-4d56-8bc8-900fb4127cbc, 257,760,549,Yossi
d4a15ee9-4f3f-4ab3-b06e-34252122c0a3, 963,590,632,Yossi
2883192a-f725-49e7-8027-030d975151e4, 88,372,867,Yossi
1ec9893a-ccc2-4a42-ad0e-2a946e3a90a9, 303,24,954,Yossi
bd79f037-24f0-477f-a0fb-9f6b4397dadd, 760,829,292,Yossi
0d47854e-6cba-4c76-8444-c603917b5881, 127,623,118,Yossi
550fde42-78f1-4570-b0a9-7572f3aad41a, 198,251,570,Yossi
9cee4d7b-966d-41ae-8f52-1dfde738a4c4, 609,587,72,Yossi
192355a7-db9d-4c72-ba49-41edd618f2e2, 839,467,736,Yossi
6f7dea61-df8b-4834-9840-b7263a1dfc3d, 833,122,572,Yossi
a111b6ab-6ed6-4f86-abbd-9e34beb7ae38, 319,727,128,Yossi
c869568b-59ec-45c8-b75b-90d3f43bc933, 48,254,160,Yossi
242fa81b-8f9c-412b-913a-19673523b05f, 269,378,812,Yossi
d3866db8-c3a8-4c65-834b-a17ccf72fa0a, 111,615,883,Yossi
dbcc21eb-b881-49ea-aae2-c7a08237daf5, 548,728,209,Yossi
cfbb0316-6e82-4e9f-b718-6df1198e11e7, 40,829,128,Yossi
815fdf40-eba5-4cb4-b723-96b2e2c58c90, 282,635,474,Yossi
f65336f0-ca5f-4004-953b-4186928842cc, 408,128,612,Yossi
1136ca9d-cf80-4133-9c4a-436b5c77718a, 313,647,174,Yossi
769d2c86-9cec-4a97-8147-2683351da08f, 478,125,124,Yossi
23890230-39b9-4207-8af1-db67f43db353, 895,254,250,Yossi
a9a46bbc-16cd-4096-a749-224578f43213, 296,983,295,Yossi
a9f0e4e6-4ede-474a-876c-e556146a72df, 827,713,576,Yossi
3777c8b7-78ec-4377-b5d8-6300b81bd01a, 132,856,246,Yossi
44b6bd9b-b88c-482e-ae2e-93603eda0a61, 304,87,635,Yossi
e16863d7-64fa-4d1b-97ae-ea2f1adb7564, 686,62,857,Yossi
934f68f1-9a44-4f56-91a1-32385ec264b1, 861,799,637,Yossi
9b7e4311-384f-4aa5-a105-747568418624, 609,552,486,Yossi
c64911c4-115d-4455-8e01-4336b1b08cda, 99,909,599,Yossi
5aab4bf3-ab75-4509-9a74-a8bf27ad114f, 514,733,605,Yossi
b3751b0a-c016-4934-b0ad-e02fd0c7e41c, 985,790,253,Yossi
de16daf0-ea78-43d0-af4e-2015566c0589, 689,215,361,Yossi
16bbe1a9-d7e4-41ed-b8ff-8937d08c105a, 633,253,743,Yossi
2837d08a-ee22-4a9b-b32b-577e73e2fc51, 913,212,116,Yossi
0609500a-1156-4de3-9abf-a2af30554c83, 551,150,777,Yossi
83510722-6048-4d07-8429-48a25a2a8997, 228,104,42,Yossi
1b79c8c2-b1ab-4be6-aab9-0740cb654632, 976,626,586,Yossi
b9a10bc5-a786-4fbe-a9ab-cef6280c2139, 315,615,324,Yossi
cd749c23-55fb-426a-9824-2ada322cb485, 486,287,701,Yossi
30217fed-ae03-4839-b400-445a36f5e088, 763,198,74,Yossi
8d856605-6d75-43d6-b3b1-9dbdcc859f68, 695,313,978,Yossi
7c7e4c57-e9de-4d23-a819-2ae04aff1493, 969,146,67,Yossi
c4d38316-b0a4-4337-a344-764765467360, 991,614,870,Yossi
ec875da3-b946-4a9c-8c74-0bf4191b4f08, 275,53,807,Yossi
fd57f6e5-a0f3-4ca2-9c59-e5656c4a99e7, 114,947,588,Yossi
83e0109d-0eb0-4d60-8975-033952f96a63, 521,58,403,Yossi
9e1eb837-f77f-4155-8695-6ebb81169605, 708,869,806,Yossi
6138c655-2c7c-413d-af9a-1b1bf1a1e007, 557,537,108,Yossi
60141959-bc6e-4060-97aa-eef74f11ab1e, 20,670,175,Yossi
00844c5c-353f-47d7-a666-4376d6d184c7, 928,204,927,Yossi
c36beb49-8be3-4422-8c83-7bf62ae3861b, 659,869,56,Yossi
2a29fb2d-5a33-443d-b221-dc7be3cb8dca, 670,218,898,Yossi
42a428c9-f021-482b-904f-b7e5eb38dab2, 137,580,4,Yossi
f145768b-e046-4234-ace2-a28c761525f3, 710,236,489,Yossi
15d21117-8c16-4d28-bc8f-d1f73a08023c, 170,701,573,Yossi
8b395040-f106-4b4e-8c87-daad24684bd4, 777,202,667,Yossi
e19e88a8-9c8c-4b2a-8d62-69d8df5f68e4, 735,963,229,Yossi
1e181bd2-2702-45b3-8414-bfbdc993c465, 299,55,327,Yossi
32f0f0c8-05c7-4ae5-95f0-a2c50955fa50, 267,138,774,Yossi
e92a3083-b53e-438b-acbd-675f9689ec5b, 870,950,474,Yossi
fd621d04-7543-4745-a85c-e983648e63ac, 890,64,411,Yossi
4c6db0b2-9e43-4987-9439-e60e283079e9, 942,614,183,Yossi
73fff6e1-6aea-48b8-bee6-eed191d451ea, 752,443,729,Yossi
6ac0867b-507a-4ef7-8c46-f39d25ea7879, 688,384,476,Yossi
93493614-90e9-4048-90ed-c51ff148252c, 399,996,633,Yossi
109065cf-bc20-4357-954e-77892f6020ba, 318,388,834,Yossi
e39000fa-9e6d-4c5a-ad80-34bf589d4bc9, 534,241,469,Yossi
8019d866-89f1-415c-a5b1-cf42dcf9dd11, 507,194,239,Yossi
8d6260be-edcf-40d7-92b4-5a46002f2cd9, 699,361,814,Yossi
9fe6686b-35e9-4bc8-9c64-bcc08054bf66, 727,403,80,Yossi
925c5820-d3f2-4df7-80f0-bc46c2447ae0, 125,266,629,Yossi
054addbd-8aa0-4635-9a73-b958ad847f4a, 529,819,172,Yossi
3c635a27-bf20-4464-96dc-d17dbfd59801, 78,227,88,Yossi
406276b8-bb03-46dd-bcd2-1b98799384e2, 391,26,757,Yossi
d3a841a9-0351-4f07-a6f5-af448e9626b3, 936,47,580,Yossi
9cd05f20-e5ff-4039-a10c-49fa5fec0116, 751,898,57,Yossi
2b82e3b1-bc2e-411b-ac51-72ad1daa4591, 692,948,749,Yossi
2059e431-d3d3-4a72-a4f7-d19af4a10add, 938,337,709,Yossi
55d4a100-dc47-4086-82f2-d399d80ec3ce, 5,384,869,Yossi
35da41f1-67f5-46f4-91a2-819797a97dac, 173,244,254,Yossi
65a282f8-7aa5-4ad8-b31a-dc0f95352cf3, 367,25,40,Yossi
c5d5eeb0-de7d-4fd7-9b9c-525e6f55ab4a, 649,564,119,Yossi
e052c1f1-a2b7-4d53-8515-bd1e89a77932, 846,869,178,Yossi
ec515ad8-a660-4838-8d11-6e54f369dae4, 462,240,161,Yossi
834017fd-dba8-4483-ab31-a5d1a9b7bd02, 747,143,216,Yossi
ce4dffd4-36f3-4875-8e06-5ee6f66e2d3f, 710,569,147,Yossi
baf81ab0-2a04-46a3-8b0d-978e9b0fddd8, 658,946,461,Yossi
7a07f77f-015c-4683-8a9c-4503108bcac5, 757,35,454,Yossi
943813d4-595e-4d10-8d9c-17ac2ee08fda, 330,185,928,Yossi
25d093e0-c571-42c1-8202-fa5216586cd8, 919,524,435,Yossi
fe63f038-b9a7-4042-808f-deee9e6d9b54, 302,904,982,Yossi
400a565d-f201-44a0-8246-bf822845e44f, 832,25,1,Yossi
66bbdeed-a0e4-4cf5-895a-fe0216f65795, 718,287,482,Yossi
564624e0-e665-4abc-a7ba-4621039cf0ae, 461,904,30,Yossi
69885fa6-3c8a-48ae-a297-73a34c9bcd5e, 878,231,708,Yossi
9fb6d457-c556-414e-8db9-3ad8bcb49748, 589,191,194,Yossi
f1c863c8-3e11-4ded-88d5-655d577da5c0, 493,294,814,Yossi
674887cb-614b-4ac6-bd06-866d4c9e6017, 722,513,296,Yossi
e43e0449-a861-4595-8168-b6d2dac9f195, 792,608,989,Yossi
869ace87-75a1-47da-974e-c257eeb9b06b, 584,320,379,Yossi
68eea6ed-84bc-4477-8d33-fc3ca5e51c62, 189,925,345,Yossi
6ee31885-dc27-4e64-9f81-65e7d02f33b9, 741,160,335,Yossi
c691c554-925d-46ec-935e-ca3e3090f371, 177,914,119,Yossi
b3749a0b-c2b8-4983-82f3-87a412288c74, 215,991,282,Yossi
f1cfa393-cf5d-4a3b-9966-6e52d5a948ec, 664,197,43,Yossi
6516254f-c87c-4678-a243-e84bbc0facec, 431,878,802,Yossi
23c065e9-472f-4c73-9c51-e86af1ef3366, 745,739,993,Yossi
56d452d0-ad0f-4210-8253-b55466e70772, 734,426,231,Yossi
3a94f65b-0541-4d0b-9d43-28c946794f33, 620,578,391,Yossi
785d77b6-edad-4332-a8d3-8a862ba63673, 687,41,416,Yossi
12eb31c9-765b-4746-8479-46a6e7bc4fde, 10,134,966,Yossi
613d66c4-79bf-4118-8bc3-330466e8560f, 103,272,977,Yossi
00451ccc-800e-4e7a-8641-0a17ae91e2db, 684,137,72,Yossi
1851871b-6f76-4000-86cb-c53ac3f2d8e0, 374,412,276,Yossi
0a901818-3fe9-4623-92b4-e2d0be39dd30, 76,279,301,Yossi
b8db5f19-7eef-4e9e-a37a-37a44fdcbf96, 533,59,317,Yossi
c3e98db1-92e9-4b34-a843-a7937de0aab5, 254,361,728,Yossi
f0df9b02-d679-4b66-b31d-6c0e4d6cee5f, 187,838,579,Yossi
bb388f46-4705-436e-a986-7a3791ea2a50, 385,454,500,Yossi
9dbd3eec-edae-4f09-837e-8568e8780e22, 115,122,580,Yossi
4e2dba95-3bda-4068-bd94-0a62e7638c00, 942,489,874,Yossi
2c58447d-5289-456b-87f3-79df59b2d1fa, 702,205,858,Yossi
4d7b9158-057b-494b-bab2-6ad2ba4ccfbb, 315,562,923,Yossi
da2e2cb4-e9b7-4ef3-be7f-28db07bc5c48, 64,746,741,Yossi
3de63a6c-9139-4ae5-9198-3b0afbd9b50f, 731,371,328,Yossi
86fdb8fe-8437-404f-95d0-f61197039819, 717,659,148,Yossi
f65c4c1c-d30c-4e7b-afaf-be07ad9da034, 928,88,520,Yossi
d726b34c-741a-4e8f-a2a8-0c5cdca29bca, 75,433,678,Yossi
32d97ea3-296a-4205-89a3-4f24ef96796c, 686,822,294,Yossi
ff6c930f-a13a-49cb-815b-9de791a9cdeb, 387,716,817,Yossi
c3644952-7155-4a67-b778-1bdc74fb4a36, 478,569,15,Yossi
76dc465c-89e9-400e-bb80-e62f74495185, 490,430,922,Yossi
a461ee24-2d55-42ed-814f-5e7a9f526aed, 401,373,74,Yossi
091c134b-2792-4065-ab1f-32d4041733d4, 442,218,495,Yossi
211c4fb6-982d-4fbd-97d7-f5d81c60c4dd, 393,190,614,Yossi
34778149-512b-466f-90f5-2bb75595f738, 985,455,467,Yossi
bc8a32ac-2533-4675-812c-642e0aa04ad7, 252,666,793,Yossi
3a7a1bab-e1e9-4b9b-bbcc-0ada03a3d888, 352,185,35,Yossi
6bf9c33f-1979-47ef-b74b-682f7fac3cfa, 61,868,56,Yossi
25595d33-1b8b-48fa-bbe4-8601db4c6887, 196,16,382,Yossi
7b4b3559-2fd8-408a-ac6a-06084f2fc970, 564,926,844,Yossi
ccd30eed-0592-4f74-905a-575b43335a79, 106,584,177,Yossi
6bb9d9aa-bc03-4316-b74d-88e8e62de3f0, 726,242,940,Yossi
14a49bc1-8025-40a6-8966-6738c25f49cb, 405,317,287,Yossi
d1eed367-f1bc-46d1-8c5b-509273c78f2e, 75,487,868,Yossi
47b6bbe9-cee8-47d5-985f-1ea8bc1b0b96, 25,680,244,Yossi
948530c4-eb8d-476f-882c-383b225742bb, 64,699,367,Yossi
d50b2cfc-d086-4df7-9edd-e09fd067c5e5, 825,136,50,Yossi
75f338a2-c1a0-4ea5-983b-0aec398b269f, 24,127,384,Yossi
66a21ae1-2aa1-4201-90bf-8deb5578a7ac, 979,430,561,Yossi
8b193171-8483-4537-b29e-10d6628cf162, 866,205,357,Yossi
6d19a6f1-0c19-4be9-b6c3-5e6924a8bbd9, 690,876,291,Yossi
1d594173-be79-4f35-8976-364ebeaf6615, 650,287,604,Yossi
6360417f-2188-4246-9af8-54af6f15ad5d, 437,259,214,Yossi
5e32df68-95ca-4af9-9e65-53599ef72bfa, 526,845,349,Yossi
63df6524-0695-4ff9-b659-a4720a6edc32, 507,278,697,Yossi
9498bccc-efb3-4a98-8718-cfe4fde13a50, 166,36,188,Yossi
d80f1236-2003-4eed-8c47-1e5c6eacdf83, 811,133,316,Yossi
d602dbd8-110c-44bf-ae93-a79d893eb432, 16,737,791,Yossi
69d4655d-7b67-41d2-96d2-8d79d8979340, 794,83,458,Yossi
79f9825f-53cf-4580-bab3-695e9dc62b3b, 792,746,810,Yossi
8b0c0ef2-ce97-42eb-b122-8a8356e8f788, 380,537,113,Yossi
d3ef39ef-b299-43a3-a3e7-9afc313ddf7f, 928,384,609,Yossi
aebfa9f8-7dc1-48f9-a1e4-597880949035, 578,374,394,Yossi
d0f97e98-5fc1-4401-9ec0-bd0ac33233c1, 638,625,440,Yossi
3d3e08df-e7e2-4df4-a9b9-c7069d60d2c7, 154,300,289,Yossi
8b3df3c9-7ebe-48e1-88b7-e02227b47ebd, 700,516,848,Yossi
4d758ff4-71b0-49f0-830b-3c6bb36f0f9e, 686,814,395,Yossi
e3de2439-203e-4ac9-92d1-70c5083863c2, 373,56,73,Yossi
f2645faa-300b-4a90-9e34-0674aeb77449, 42,675,139,Yossi
20dd49a0-5c08-4fd8-b221-e69c5aa59ca2, 498,854,205,Yossi
de7685c1-58a6-4ce7-a7eb-425133cae5cf, 147,644,512,Yossi
5d3c67d4-a9aa-4693-82ac-1e1e0afa735b, 402,147,309,Yossi
a9417363-dd17-4a0e-bd9b-8e83334b13d0, 237,578,893,Yossi
7c72c889-6029-4be5-8d76-6255b50ae793, 88,587,660,Yossi
f5a734f8-26fb-408c-8a5a-7922e2643b27, 792,174,506,Yossi
0068f9f4-3ce0-4bb6-97b2-514512abe553, 874,860,438,Yossi
fe38b509-7768-47f9-b5f5-a2410c997eab, 503,95,565,Yossi
c321bd92-cc44-4e6c-ab14-92ab89d68634, 609,107,931,Yossi
0df24553-78c9-4020-96b8-59a0c70b72ee, 416,7,482,Yossi
122a57a1-c510-46e8-ba8d-fefc10325015, 41,887,707,Yossi
9441d28a-b28e-443a-8420-ed9a8d6c20db, 471,80,518,Yossi
1a16800c-abc8-446f-8d0c-b6300d21f8c1, 190,492,979,Yossi
c2040ef4-8e0e-4a3f-9901-67e0a63c3cfa, 927,751,153,Yossi
ce356958-4b85-4548-b29d-64c3d230417e, 979,464,936,Yossi
41f1ac59-c34c-4b86-a7e9-e837c41ec805, 953,598,227,Yossi
42444cbe-85bb-49c1-883d-a1526d7b0dc2, 733,579,881,Yossi
8eeb8b11-7bd7-4dde-8005-4aa09c547a34, 565,166,813,Yossi
eadf7058-fb84-487c-8ce0-6bfc54907e55, 699,994,760,Yossi
5183c1aa-dcb9-43d6-8f71-d29d8ef80e8d, 638,536,538,Yossi
e5e5012f-51ec-4eca-8f1d-558ae5c33308, 579,984,140,Yossi
251d13f8-3554-43d9-a359-dbbad39dedde, 825,196,689,Yossi
e94bad3b-39d3-482b-9cdf-74bbee07cd69, 186,616,507,Yossi
fe7cf19a-aca4-4a4b-94c2-2ad2cdea5cbc, 142,603,681,Yossi
ff7d11e3-3fd8-4b6f-a13f-5b411d09fce8, 525,946,109,Yossi
f1dab834-edc5-4d03-8055-e20ad8f416e0, 285,522,630,Yossi
4852e9f2-07ae-4353-abe6-a024c2f0f914, 628,654,507,Yossi
6c91194a-0d12-4c0f-9a45-52bd3c78b1b4, 704,682,427,Yossi
54b963af-24cd-4cfd-bc2a-10b664fb9afe, 600,475,722,Yossi
936a676d-35a5-45dc-bfa3-27d461630579, 893,770,84,Yossi
3e8b7524-3b56-4556-b3f9-3539726491a1, 757,551,954,Yossi
8471f629-6e03-4fd5-89d3-72f1251a18e7, 441,348,765,Yossi
b5229560-e9f5-40a5-8983-64677f3578d1, 14,154,268,Yossi
b154edbe-307d-408e-a0f9-f93e4c98a647, 248,768,980,Yossi
8da5f86e-5bea-4146-a2fa-32cf62518197, 719,591,974,Yossi
b7edd534-88a6-4a5a-831e-dabac50b0fb5, 200,41,218,Yossi
1ad6b347-ff5a-4a6b-a2d9-42dd9e618f9d, 704,415,472,Yossi
6446097a-dc11-4ee2-8f57-590f17c34a03, 130,11,880,Yossi
e0a77e58-c17d-46aa-9896-5d69c67f2fe1, 32,873,303,Yossi
0c13cbe8-c585-4c10-90c7-9782877672bf, 712,225,720,Yossi
ce829071-348d-44e0-8bd2-6b82e31bc6a2, 966,292,845,Yossi
9dd531a3-0aec-499b-a83c-5f953ade9613, 424,384,53,Yossi
457dd066-afe7-4815-bf5c-20e21ed29952, 725,84,599,Yossi
eef18396-f1d8-478e-b86b-9a5050f1d45c, 343,272,369,Yossi
05cafb23-c47c-4225-b70b-5fcfa8d23712, 362,380,884,Yossi
51181f0e-ad3c-4884-af81-e3821e554241, 526,984,91,Yossi
14f27324-a0df-45eb-b81a-3306e84e096e, 451,400,434,Yossi
cf23036b-c7ce-4e5a-9b66-4d1e19d4ca93, 504,189,356,Yossi
a75cdc63-7313-405c-9505-ab049cf7897f, 610,627,541,Yossi
ccbd07e1-ac4f-4b3e-b8c9-455382242e58, 74,410,473,Yossi
4312b7b5-1c04-403e-8596-f635e084c61f, 463,301,927,Yossi
d6b7b78d-58f8-4280-8d03-78447328a46d, 547,280,477,Yossi
eec33806-e94f-482a-8070-652d1cf2f72d, 136,296,208,Yossi
9f3739e2-eaf4-40b9-a407-1fab49beb091, 922,474,955,Yossi
0f73a72a-e8b9-41b1-929e-946a81b9fe41, 618,362,143,Yossi
2f649781-2c7d-4e03-badc-f340cd4c8cd2, 104,767,629,Yossi
8d01d638-81fc-4bce-8ced-a2d45838615c, 995,504,888,Yossi
183f08cd-f6ca-471c-9a28-60bb97653817, 213,261,824,Yossi
97bc0a02-12db-4f04-b021-4db7a46ad0ca, 286,462,103,Yossi
b1cdef42-d3d1-4c05-a8b6-264a9883f8a1, 490,812,755,Yossi
6a6d4caa-2436-4a29-beb2-eee0c14b42a7, 511,652,672,Yossi
49e1d521-2e3f-48dc-b8ad-8836b250cf51, 126,878,969,Yossi
7ca8c507-2209-46ff-9718-1ae865addfad, 440,813,100,Yossi
66c4b608-f4bf-4e0c-bc4b-e74515c11c5c, 408,391,689,Yossi
e3afde52-41d6-485e-a79e-d7ea5921bc5b, 881,527,925,Yossi
37e621c3-f520-486a-87bd-aaf79a13ba64, 478,885,825,Yossi
7dd8b3cc-2a6c-4a54-a103-22631e88c3f2, 213,506,859,Yossi
06ec5bac-ed0d-457b-add6-6980f42940d5, 910,78,904,Yossi
69f86f76-5fb5-4796-a433-dd797b0e460e, 584,251,40,Yossi
273e44d2-ffb3-4f5e-b298-db88521f83a4, 104,262,817,Yossi
b1be91ec-b0e0-4614-a095-d98a9c5bbd73, 374,645,482,Yossi
e7f67c96-0db0-45d0-822a-d2307fec9df7, 452,412,821,Yossi
a9ff425a-17c6-44f3-88c1-c0a1c9862a66, 283,492,483,Yossi
0b136672-6e14-4ce0-a16d-b618686c62d3, 172,663,952,Yossi
13eeb898-8314-4a49-be56-f675e7fea240, 529,588,114,Yossi
33972407-5d07-4867-ab57-9da3f6b0a165, 199,330,732,Yossi
58b3ab5f-2a75-4991-897f-cec786354a86, 897,806,575,Yossi
bf2e967a-3efb-414c-bb30-9cc3635ab109, 277,277,306,Yossi
b181aa1b-686d-4022-b101-13dd7e017661, 895,599,574,Yossi
66af9e58-a438-4a22-b5b6-07847dc54cab, 767,541,628,Yossi
2c35dc58-33a7-4b45-8ca1-cdb4fab5a2ec, 930,336,552,Yossi
73e2f356-e8b3-4e53-95fc-0a3093d498db, 282,34,745,Yossi
4eb61141-ba3c-47fe-9a11-3678f4bb5c93, 208,430,116,Yossi
212d975f-32fd-4f87-908e-c4572a89844e, 105,196,393,Yossi
27f415db-beca-4bb0-bb10-fb9a5e635d73, 343,41,842,Yossi
f4548b28-22f5-48b2-a176-29c4e8c23565, 905,382,489,Yossi
51d3c77b-1641-49ce-b48b-f45ca6d48292, 791,385,920,Yossi
fb9047b7-eb73-4e04-afe5-c85b3ed9e47e, 307,206,454,Yossi
bb8f420e-2b8c-4bc8-84e6-c766304893df, 242,98,368,Yossi
1c921561-b9f1-4da1-8b53-938140566e85, 176,556,811,Yossi
8fd97bf6-1a19-4d0b-9ede-11d54ca0b7b9, 247,515,950,Yossi
aab8783b-4fc5-4ca4-bae3-5fcc13bc1a1e, 853,241,328,Yossi
1f151aaf-3fd1-413f-8661-9d48f0a27614, 401,248,554,Yossi
3ce2e818-5f65-4b78-9bfe-eede71787215, 368,990,899,Yossi
c12eeba6-761e-43fd-b982-e85c05581c0b, 616,793,611,Yossi
cceca8b2-21bb-4c9e-8885-6e0b9bae7545, 183,932,237,Yossi
c950f894-8540-420b-937a-422709d5231f, 463,988,218,Yossi
572e41e8-a252-4535-ae78-6a0dd5a14fb7, 86,974,156,Yossi
23a2f02d-abae-4776-9762-94917538292f, 707,623,131,Yossi
1845a35e-f0d3-4800-9dc7-c36d689a062b, 99,40,934,Yossi
14ae99fa-3c20-46a0-9c89-3a354c871b78, 377,32,873,Yossi
cf3c329d-4704-4a7a-b87d-ff6ed31c2874, 303,857,679,Yossi
2e047a89-f3c3-4fc8-9c9c-6ef9ba0bd0b2, 441,488,798,Yossi
8f873986-54fe-45b5-9090-6929a12e351e, 515,505,134,Yossi
e04a089f-9a44-43c1-b882-3e7bc8c546a5, 933,423,393,Yossi
7a88e760-0673-4b12-82c1-38baddfe334e, 21,689,412,Yossi
ac3a98df-b76c-43e6-ab1d-d885860ef6e1, 841,60,164,Yossi
8b883dc7-37b1-4325-8e0f-424652189933, 132,712,566,Yossi
78b64d9f-6bc6-4954-b396-103c379c5547, 594,162,539,Yossi
7fc269dd-c890-4a84-bc52-e44773cc0850, 795,147,616,Yossi
feb28524-475a-41bf-8336-8c22463295ae, 197,302,208,Yossi
b95a55da-a2e0-46b4-b42e-d25a9d084cf6, 619,990,959,Yossi
b53c15ca-0308-40b4-9c0a-f6d8d336e377, 27,314,935,Yossi
8d114ff1-daed-431f-8ca0-f7a73b3a8d9a, 930,740,445,Yossi
aa51c476-c457-4ea0-b1c5-5addd022dab3, 437,947,484,Yossi
7feb505c-de94-472e-bc26-f1723dfdd392, 84,151,552,Yossi
f589d0b3-1d21-4f38-8b80-e37d056d1069, 762,686,933,Yossi
75e51db7-6ad2-4942-890c-944f5ea0f5ac, 717,256,979,Yossi
7c667a91-5eda-47d4-bc22-0e997d2d8e08, 770,246,319,Yossi
bc2b8870-5ac9-474b-a352-6cecb63f49d3, 307,708,696,Yossi
b7655fee-4815-412c-a821-fa1868ba8244, 141,645,341,Yossi
4d584add-5d75-4e08-a0eb-fd2aa15d3dea, 183,318,203,Yossi
3e286e07-c491-4a82-8b39-7bd4b0316e38, 925,314,432,Yossi
5ab6aa75-aa94-44a6-bcd7-4db4ca972a37, 432,993,376,Yossi
116705b9-2190-4944-8d40-51456057526d, 476,910,319,Yossi
1da2a20d-7772-4d45-b5d6-edb853728b2d, 718,694,763,Yossi
4a826e9b-d7b0-45a3-8c67-94eaca7544ed, 82,510,11,Yossi
7a2e8296-ca66-4901-98b4-42fb157bc674, 985,33,460,Yossi
cb62eb6e-a570-4497-95e2-58696978dec2, 682,479,47,Yossi
14f1462a-b2a2-4c23-a8dc-cf5a4e886bce, 228,847,744,Yossi
da1eed65-548b-46b8-8ed6-3050114d0563, 641,718,604,Yossi
dcaa30b7-0090-4ecc-9f07-3962e020a61f, 239,790,95,Yossi
2669e875-664b-437e-a39f-63f3148a7763, 104,255,630,Yossi
04c3c787-4bed-4312-89e2-bcbed73e1d61, 282,158,836,Yossi
8e346e99-fcfc-4e9c-87b7-9adccb6ac2f6, 121,330,691,Yossi
cdbc52e0-caee-4182-a0c7-f577733a0dfd, 558,242,345,Yossi
1c77ae1c-3bc9-4c79-85be-52913bb11c9e, 660,53,551,Yossi
ddfa8fea-58dc-42d8-a969-2c478b11634a, 554,226,199,Yossi
88f09f87-8cec-45a5-9bbe-e8ca0cc974f1, 685,154,613,Yossi
a2d14d17-1109-49f4-ab0f-e12fb054e768, 880,499,838,Yossi
27808919-5905-438f-a493-a5286f094b45, 157,698,466,Yossi
092cffb5-bcd2-4866-a3ee-94812ac48b6e, 686,790,276,Yossi
45d578e1-ab94-4f54-bd66-5df93c3261dc, 770,237,120,Yossi
eedad1f3-3507-4d45-a248-cf59ce6ff177, 224,614,439,Yossi
c0be6f5c-a01f-498d-b7b1-8a2d4e6d742b, 134,799,353,Yossi
276e6ae3-300e-4bc9-95ab-1258f1c66736, 174,865,702,Yossi
25d47dbb-d540-4164-a022-4251a4001585, 767,124,237,Yossi
fd5562a2-e8fd-43af-b033-c09b0b62a31b, 700,566,795,Yossi
664aa852-f1e1-4eae-9583-85e6d1138503, 194,87,492,Yossi
c5b33bcc-571a-45f4-9eba-efdec87e922a, 406,553,636,Yossi
b55ee1c5-905c-41eb-89ad-0d9382ccdf63, 481,223,754,Yossi
1ebeeddb-f189-4b6b-9bcf-4b75131031f0, 790,125,459,Yossi
a3825503-5654-468b-b2ef-338c85ceabe7, 370,433,538,Yossi
56e834f3-1b65-45e0-a066-69e49dcbc444, 416,786,6,Yossi
b3dbd7ae-a2df-419d-942e-c8a2e0d63e63, 225,437,438,Yossi
de7d3496-2ca3-4ccd-9e50-9de64be93957, 112,420,426,Yossi
a558defd-cfa9-4110-881b-41505f94dd8b, 844,512,287,Yossi
c675a34e-3f9b-4ab5-a474-e64083c8ec5a, 910,113,375,Yossi
c648b065-4b04-4e2a-af01-9e0bef250f2b, 601,455,132,Yossi
7bcf7a2e-c252-451f-a69a-2f8499c7ebea, 669,492,703,Yossi
6ec52e6e-87a7-402d-aa4d-8fbc4123daff, 782,365,683,Yossi
7532135e-11f7-486d-8410-78e4b50012aa, 483,742,391,Yossi
513bcf40-624f-40a0-b91a-1d77d5a15500, 684,342,674,Yossi
