9f92d69f-891b-453b-b8d2-cd9431fffb7e, 831,20,517,Yossi
64248450-dc53-49fc-8337-a07378b5ec84, 785,80,878,Yossi
0a3ddf29-955b-4df4-ba21-fd063aa4afa8, 551,6,68,Yossi
f0adc0e0-c294-4e56-8ca7-c716635fa7ed, 45,577,679,Yossi
e2020712-9a71-4f18-b6d3-9c341106fd1c, 165,619,922,Yossi
b16bef0f-745a-4585-b740-4ff625089da9, 995,499,974,Yossi
e8fad8c7-2bfe-44fc-9989-5ea4342800ce, 916,883,224,Yossi
ba30bcaf-fbd6-48f3-8d74-32eb11f4f3e5, 87,361,693,Yossi
2024a5e8-f9b4-4cd6-a6f5-e4a418583546, 240,352,382,Yossi
f95183e5-6b23-4f71-b788-46024c4aac5c, 525,700,164,Yossi
6e16e1b4-59da-43ec-9641-d899c54d04e2, 11,962,542,Yossi
caa78ac9-538a-4e24-a017-7da5fc1fdafd, 707,851,383,Yossi
36f80967-e54f-4b57-ae51-f23cdda861b8, 713,435,140,Yossi
3fe77e2b-aab6-453c-a333-779d4cb9b361, 119,65,100,Yossi
068ddf71-8fe8-4581-93ce-f79d58ea20cf, 454,857,391,Yossi
ca7830d2-1458-448b-a7b8-50839f5096ba, 405,221,93,Yossi
07526b4a-9d50-4323-b2b4-c00b47e1d516, 525,759,218,Yossi
d1509285-cf5c-4fd5-901e-64b3fbf3a03c, 575,355,168,Yossi
9b702275-97f4-43ca-84dd-1f1099b2365a, 410,744,658,Yossi
b35c181d-5171-44ed-a687-894c53f72f93, 823,545,726,Yossi
4d305423-fdfa-44db-a51c-cdb9f33a08aa, 497,27,305,Yossi
3cc00160-f7eb-4dbd-a7d0-fab56d3ca8a9, 903,34,613,Yossi
8d6829a6-9f07-40d7-95c8-b56763df2d1e, 138,456,767,Yossi
aae5be7e-7897-48e2-9b8f-7cbf9d7b51a2, 540,282,64,Yossi
19c64ea5-3fc2-4269-bed4-ff3bf0e3d1f1, 834,798,818,Yossi
6f3b01bc-5dab-41e2-af05-9c97f05ab998, 125,632,503,Yossi
c05d06ed-89a6-4df8-a5a5-7eb8f279ff8c, 302,834,131,Yossi
d234186d-34ee-402a-a289-69500a794d6d, 289,998,939,Yossi
e0460d61-1533-4079-908b-5cc4004e6dae, 944,435,608,Yossi
8692d4b7-a0c4-424f-9827-478cb044adfe, 374,298,107,Yossi
85bd374b-8e1b-4c60-898a-7656fee8db91, 724,889,888,Yossi
96a44554-7160-4120-a121-888b67a5d4bd, 412,620,39,Yossi
c390e7c5-834d-4aed-a544-838b8d17e51f, 793,550,823,Yossi
b88e287f-1651-4610-a184-71ed16431ea6, 776,267,764,Yossi
418e062f-9fd3-4b7c-bb8d-fc50791eeedc, 324,983,478,Yossi
a2bceb31-4abf-4d7a-9125-80d1da1de8d5, 155,739,555,Yossi
73daf6f7-0bf6-48f9-abd8-98a12642d67d, 348,286,113,Yossi
c1064a82-eaf5-4a66-ab23-7c976255462f, 155,521,710,Yossi
4ead7a2c-0bdf-4fb1-ae72-ef53c3a62671, 595,208,27,Yossi
d4e8c39b-6996-482b-9dd0-21947e41d0b7, 365,958,598,Yossi
16ed7b90-da6e-4ec7-a8d2-25eb08c54ec3, 6,763,159,Yossi
a246d711-19da-4f26-a72b-1f63c0d43e0f, 661,815,392,Yossi
a2896f9d-7a0a-4f4e-a39a-82786c142305, 175,423,178,Yossi
4f8cbb9f-b645-4f12-b952-aba1b3b906ad, 779,330,82,Yossi
a2b3c130-da05-4ba5-b559-1a531bc9d803, 679,524,568,Yossi
3f7416d7-f83e-4dc7-b2ac-81a55dada201, 366,963,15,Yossi
1a8c4af2-f925-4544-8761-2c2d10f3cc32, 462,790,694,Yossi
cd15a2b2-c210-4011-b74c-b3d8990b3f20, 53,26,12,Yossi
b3fcaab8-8b21-40fc-b9f5-bce5a940ec94, 992,569,368,Yossi
45c676eb-92ed-4c27-aea6-a1455f02a29c, 179,815,413,Yossi
009a7abd-da82-4b70-8bc8-15f32fc2ff15, 13,429,591,Yossi
2b74165e-52f7-4d76-8461-e05b9342e4e8, 225,771,503,Yossi
c5a79a10-4867-40b2-b55f-75458d08334d, 606,662,169,Yossi
c063c74b-f25b-4d5b-9d59-a566cd46a003, 86,978,317,Yossi
ad50757b-844b-40b5-92d4-939fff0b2955, 378,567,955,Yossi
3ee7990a-8dd4-4852-a16e-69c4359ca63e, 32,475,996,Yossi
e465a27b-0d70-4637-b652-cad2d4724bff, 142,230,243,Yossi
8079de60-b91b-4907-9098-d55d7214e429, 12,901,168,Yossi
60da9883-5f20-46db-b702-fc73d141b752, 902,952,737,Yossi
dc7b4f78-d45f-4382-97db-691a0b825553, 147,667,247,Yossi
6ef8b26c-d0eb-48bf-8dfa-7f14452f8346, 25,994,606,Yossi
a80c884d-7358-4b3e-a6c1-81957e15ac64, 763,767,899,Yossi
289f4969-2ebe-4664-8635-b71203e030c7, 490,454,752,Yossi
3d437ea9-e981-4de4-9c26-361ecffb9a48, 66,759,302,Yossi
1bc2dc36-fe32-40ad-bf4f-794e69fb1fe4, 845,376,810,Yossi
e49bbf6e-e03d-4859-bbbe-ebc6dba6f221, 378,673,458,Yossi
ff1d31db-328e-428c-923e-5d1828b4375f, 56,961,94,Yossi
85416246-c8b5-4ebe-b4f0-3579583e22c3, 371,38,586,Yossi
58e0c7d8-e0cb-459a-8cae-3e183e6e5336, 170,2,526,Yossi
a5ccc089-40f0-4da2-bd74-0da3d6659030, 423,321,817,Yossi
b2a43bc5-6a52-4347-9a86-25dc590dbe54, 764,459,994,Yossi
52309f4b-20c4-4947-8436-9602576e09e2, 921,62,983,Yossi
42e69b5e-7dff-4548-ae90-247b05754320, 709,613,799,Yossi
08c5a889-ecc8-407b-b408-20e470dbe460, 56,541,22,Yossi
a87c31e9-d283-476b-8060-16bb54a403cd, 244,76,470,Yossi
c1f366e2-7f2b-4170-ab8b-2b51a4e61b5f, 940,165,525,Yossi
86e09971-373d-462f-b559-4cf5e8a617cc, 357,525,280,Yossi
6a833475-6a7d-40d3-88ac-28eec1084fe6, 280,91,704,Yossi
ff77dc9d-3c46-4272-aad3-ba98e4533122, 154,652,957,Yossi
1fa7a9ae-a5a3-4a2c-b271-95c3c6f0f395, 21,593,766,Yossi
0b0f42c1-46d6-4534-bc54-e8eb91dde75f, 373,67,134,Yossi
dd308869-024f-442c-ab6c-eed8a2fcb5b1, 934,300,300,Yossi
c2c636ac-a3f3-413f-a6d1-9065cb1ecd2e, 306,923,315,Yossi
0dc44ae9-325b-4ac8-b72d-740473d9f1d8, 825,667,60,Yossi
928b425d-fa29-4d21-97f0-4c76a8f25f5e, 657,1,421,Yossi
e6e68968-b059-4631-ba9e-a5e60c6536fc, 73,127,960,Yossi
e8b62de0-af6c-4f4f-92c2-d9d4472bdd58, 116,229,835,Yossi
af81fe0c-c30a-48ad-a5f2-91c70b162b00, 1,67,795,Yossi
26bc016e-7d73-4382-a8f2-217f11c321b8, 538,485,369,Yossi
2efa0674-f7b3-4f63-934c-3945b0ba29a6, 290,768,408,Yossi
9bece076-9a44-40ed-9548-1b519232f0f1, 27,689,20,Yossi
6855b586-8a3c-4e21-a208-8a29ef8c3da3, 34,681,474,Yossi
61db427c-c391-4f02-938b-51cc6453e444, 886,309,775,Yossi
ed759e26-b204-4cb1-b255-6e550623a93e, 170,634,241,Yossi
3af6a91e-2787-42a7-a00b-bf8f77f1f25a, 211,530,856,Yossi
151b8c1f-757d-4523-82f9-fd97909cbe28, 220,621,91,Yossi
ab25e33b-2b41-442a-a114-f17a426be27a, 284,81,526,Yossi
8af977f3-1efa-4fd2-95ef-4546e83bf46a, 996,903,365,Yossi
c73564e6-ef0d-418c-b330-138061486908, 929,372,998,Yossi
4f0469f5-c305-44b1-baf0-319f16e84c88, 338,396,814,Yossi
acad108d-23dd-4697-997c-0d068a9fff93, 930,17,156,Yossi
a8cf079b-e3af-4fa1-8b8b-e67c1ebb1b4d, 905,799,977,Yossi
bb72dac9-6d1a-420c-8ea6-1392e95f0438, 41,624,318,Yossi
010fca4d-1c31-49b8-acda-f9b96bd5fb75, 945,185,816,Yossi
e9daa548-94ee-49eb-aeeb-332cad59c651, 186,944,593,Yossi
e6560c3e-2572-4e6e-b038-0b8fd3a9aeca, 594,789,536,Yossi
c4e2c992-e5dc-41c6-891a-f6b40c3f1ce6, 937,319,862,Yossi
742db075-5dd6-48a8-b195-667159d11a6e, 278,6,687,Yossi
6d43435c-3a51-4c73-95bc-9d239901a5de, 881,30,784,Yossi
b7d8ab31-4ce0-4e89-ab2a-7c507d6c6afb, 654,103,310,Yossi
f11348fc-eadb-4143-af34-8bed10dc4334, 474,549,911,Yossi
f0289598-e79a-4dbb-8332-2709e2bedb56, 959,239,618,Yossi
fbc70dc7-d922-4fdc-92c9-b36ef9defba1, 86,305,729,Yossi
54dd6664-b305-4b88-a23a-57e6e24b5a69, 877,180,996,Yossi
04e4d209-1e4a-462a-b4ed-bb3999693901, 772,338,895,Yossi
6fa17d67-f8a2-4cfd-90cd-071ee448427a, 708,811,957,Yossi
b5a7f4fc-ec3d-421a-9e43-1991458abb48, 770,336,582,Yossi
ee5f4558-b20d-4b9c-992a-25a480b03a15, 463,399,78,Yossi
053eefa5-f086-45d5-a83d-1806386c737a, 950,652,11,Yossi
b33fa511-4ede-4ff7-b975-94a240d2cbc0, 467,25,770,Yossi
056dc44c-86c8-4a70-b7e1-a29afd12be33, 193,385,521,Yossi
c30ac055-9b23-4797-a455-d83190661edc, 9,471,635,Yossi
94658266-c891-41bd-a73c-49471db0d437, 903,225,706,Yossi
7666a2de-5ab3-43e6-b4ef-75c858f41f49, 974,508,484,Yossi
4ace4873-7d1a-4d18-9fd9-49b0392314bf, 805,60,140,Yossi
eea92820-0cf6-4b32-a3b2-300e5e662058, 864,505,667,Yossi
49601c2f-389c-492f-bd8e-3289a9c60e7a, 791,173,218,Yossi
f3a1bb7f-18f6-4ed9-aa8b-4b2f9a4a3868, 826,882,766,Yossi
35bf6ee0-6def-45e9-beb2-3a37d86ad34a, 726,11,150,Yossi
1b394dd4-52d1-4c2c-a6fc-219e65417b4b, 834,9,585,Yossi
481ca3e9-1c4b-4999-aa20-6585611fadf2, 607,618,281,Yossi
d5675821-538c-4fa9-94e8-9a44b903264b, 958,685,793,Yossi
c306dfcb-221f-4a59-ab8c-bc0055645dfe, 476,763,865,Yossi
fd8c8c75-266e-4b70-90ab-04fa157c951b, 260,803,586,Yossi
9cbe8aed-9315-4f92-b723-8c8327554619, 252,795,826,Yossi
a82c8d88-37ff-4952-8602-263dc70a82c7, 99,657,340,Yossi
cc7cae2a-c4a6-49ca-8889-700aad3b2183, 937,87,148,Yossi
e110a14a-02c1-4747-aa60-d6b776549d89, 343,675,850,Yossi
9742a2ea-1c6d-4fc8-ab77-750f286735d8, 553,366,502,Yossi
e3b3a6dd-6374-43f6-b877-52681d25af00, 753,281,460,Yossi
8609e09b-0a07-43b2-ab0e-6f38d16edd25, 485,70,216,Yossi
2ef3e7a0-f5af-41c3-9825-6ba5dadd35bd, 121,367,889,Yossi
30d671ec-5e6f-4600-97ed-773a7fc016ff, 204,846,374,Yossi
de149b93-330b-4044-8a61-5f57e2ed5bd4, 345,389,740,Yossi
ec28fb11-b5fd-4c0c-8db7-c1e12746bfe7, 801,531,368,Yossi
b456d1ed-5794-4450-b68b-744b8a9f2ad9, 630,575,87,Yossi
65229c5c-171c-4b51-adbf-a737d67a1d11, 939,628,353,Yossi
09d74c06-bd96-4ab0-88d9-0d98e5d219bf, 809,896,921,Yossi
d325b532-d60d-4ab7-977e-919dfac35139, 437,265,941,Yossi
031c92bd-cf41-43e0-9c09-0cf179172adb, 429,405,319,Yossi
35544e68-4670-4c8d-b85b-525071f41a82, 292,721,482,Yossi
2fa07668-7c51-41f0-b525-3639235af9f8, 405,774,734,Yossi
3e413b91-5e40-4d8f-853b-7554ac75022f, 371,131,429,Yossi
9ee7b3e3-75b7-442a-9604-31849a8e58f7, 935,894,810,Yossi
78be084d-77bb-4503-8492-411b1108ec95, 964,592,696,Yossi
344c561e-2428-4d25-a5f8-58be1038884a, 407,540,145,Yossi
c2c7fcd9-3b38-428f-a5f0-917834b06585, 483,922,790,Yossi
37d5ff63-0acc-4603-8f0b-e228fa10635c, 415,813,652,Yossi
1964b9f9-fbef-41ba-a87c-c729cf4f0cba, 108,675,172,Yossi
301d6a6e-3d1a-4907-96b8-ebfa9c8aa9e7, 294,682,102,Yossi
9b693718-8594-4e33-979d-dc7f58de88aa, 947,773,441,Yossi
082946c7-cefa-458a-9cfc-21de3bdef92e, 55,54,666,Yossi
427fdcb3-ec8c-4246-ac04-0dc9da00cc6e, 258,396,756,Yossi
065dbb4b-f8d3-4be6-865c-c2cdbca76463, 633,260,444,Yossi
772ad4af-2071-4165-bc7f-9cf406968b49, 657,4,733,Yossi
83cdfb76-2c05-467f-b8d5-43e69ebba08c, 541,844,304,Yossi
8f26ef50-8b15-438e-8e8b-5812fcf218a3, 225,30,723,Yossi
4e40839e-7487-42e3-8f49-0a18dc6a1103, 797,945,482,Yossi
824194e8-c491-4d96-879e-f0f8d4fcdb93, 528,875,907,Yossi
dddad38b-6617-412a-a579-418511275531, 829,297,99,Yossi
902e28d4-4ba1-4445-953b-63fc133cc9d8, 562,77,447,Yossi
339bb2dd-0796-443e-9a42-fa3e3308bf0f, 327,987,121,Yossi
5ddb0998-5b97-4343-9e94-86e363c34e0b, 369,909,539,Yossi
a7ffa069-fa09-412f-8b53-6ffc52a889f8, 31,150,145,Yossi
77928997-bf76-4f94-9140-4c71caaa6036, 388,848,662,Yossi
785e1633-3ea2-4ab4-a18f-80953c2c3feb, 346,756,809,Yossi
dd634c43-f57d-4d5a-93ca-3162db594a65, 918,565,830,Yossi
95f76f64-88ad-4014-9ca2-0f0e933a306b, 867,69,652,Yossi
b5387c13-d799-4d43-8c3b-01fba28ee372, 377,151,826,Yossi
056ed884-e85c-4877-85e6-f1594471e0c8, 957,525,177,Yossi
cd6c4a6a-53fd-40a2-81d3-0917d906fa6a, 758,427,100,Yossi
0a89bceb-98b1-4d05-b6ff-31dc11b54303, 657,71,183,Yossi
f9ea3f7b-b286-4d3f-a222-306f39454b0c, 995,330,16,Yossi
a79f723f-bfab-40ab-9d38-de35e119e1ec, 612,173,933,Yossi
ec1c0ee9-ae3f-4173-91e2-cd0e5d26a468, 764,195,879,Yossi
5f408326-4121-4d33-80f8-4fea17430c0c, 579,409,97,Yossi
fcc69038-c2df-4ce0-b40b-09546b5b3952, 818,183,120,Yossi
4b44b811-f279-4e01-91e8-d37e9fd66232, 98,909,731,Yossi
969a741c-a3b5-45ae-a1c3-ba32ef95b45d, 268,694,9,Yossi
e5c7e497-2951-4df4-af99-63a9808ae2b6, 793,949,836,Yossi
af07f26b-3b43-47c3-a257-346a4a813204, 294,410,384,Yossi
adec259e-7ac8-4af1-b780-c7335cd407c3, 362,272,721,Yossi
5fe49c96-5eb4-42ec-964d-6d108d6224bf, 45,729,778,Yossi
1f20d934-8d7e-4d17-83c3-d669e73febab, 480,349,426,Yossi
fdf10d50-6f85-4804-9525-a73490b1825b, 793,307,393,Yossi
d40b62af-1b05-490e-b599-c449481eee25, 895,103,873,Yossi
9c5a3e6c-b45c-4309-b455-4e48899ceed5, 772,796,740,Yossi
5ddc81be-40ea-4200-b5c4-e89a5824e145, 729,140,343,Yossi
9994cc76-5502-431b-abb4-cbd8e34ffd3e, 58,660,517,Yossi
3eee7f97-bf6c-4025-92cb-a164dce2dceb, 368,390,376,Yossi
d5c78699-8c2f-4cc0-afbd-ddccddf9a893, 175,203,380,Yossi
ac1cd4ef-a122-4726-b1aa-bfc6d07a3efa, 178,319,761,Yossi
8e6c25b4-8aef-4a79-b14c-e0ffe748b365, 549,402,922,Yossi
e0e3bcfd-8233-43db-9a16-8c0bbafdd90d, 158,535,679,Yossi
4b314617-3f4c-4626-8705-248758f63448, 318,339,832,Yossi
da1703c3-8cb4-40b7-8295-9c9558edc255, 692,303,603,Yossi
43b817ed-e583-47a6-837d-694223d24102, 338,371,591,Yossi
84f9aff2-34ae-4295-980a-4ec33fa06a54, 134,22,153,Yossi
696f64d2-2b13-4bd9-95a9-2cfc87816a81, 97,563,271,Yossi
f7130b1d-71a5-4672-8114-7494c9155046, 42,305,610,Yossi
b1e75eb5-c69c-41a5-958c-5adfe2059b2b, 205,676,340,Yossi
c23b5918-2b6b-46af-9136-3ee0e67dc33a, 403,306,147,Yossi
7778530e-28ca-4595-9e18-cc6ca63dc586, 47,616,986,Yossi
1eca4c76-6d11-4fb6-863b-fc3e840f8ae5, 631,347,700,Yossi
ba38ff8f-33a1-49b2-99bd-2df012840408, 950,615,262,Yossi
e80a3cc2-3153-4e76-8963-9eac98bf5a12, 62,412,799,Yossi
58166785-51a6-4b3f-8321-1382e25f9079, 509,364,357,Yossi
44c050c7-34aa-4a08-ad02-fa4fd179f44a, 912,30,19,Yossi
1fedc770-fd18-4104-b428-099136eb04ea, 783,41,181,Yossi
26095855-5412-4e3c-84f1-86471477e451, 228,82,755,Yossi
f4d12476-8eaa-42d8-8d40-ae23ffc8361e, 490,508,97,Yossi
0c1675fc-c4aa-4da5-8365-368730d54425, 312,951,857,Yossi
56b3fc97-b89b-4cb9-b9d0-3db435c7d0e2, 339,914,34,Yossi
f951b26c-3a4e-4433-9942-a96401df4503, 686,646,686,Yossi
3e72b193-8081-4820-918f-8b308f2b7560, 616,706,25,Yossi
895b5a7a-9ab4-406c-aafa-c16e1da5feb5, 890,183,405,Yossi
14aa14ac-371b-445b-9351-356db7a2c0b3, 889,36,152,Yossi
64803adf-0e58-47f4-8a4e-53f545e2b98e, 471,531,939,Yossi
aea0a23e-8c83-4975-a243-de1a42acc23b, 253,292,646,Yossi
c15425cc-ddb9-4cf8-b8b0-5b69a4097223, 321,618,265,Yossi
0ae32b2e-90b6-4d0a-9295-ad87eb1130ad, 964,817,534,Yossi
2f8b55af-2f28-4644-aa6e-6f794984c08a, 232,141,837,Yossi
fc6ec1fc-f4cd-4892-9d0b-acafc73f70d2, 603,638,662,Yossi
11ae7d5b-0375-4a99-9a85-46bcb95a09c0, 404,721,496,Yossi
093ee644-17df-4171-a4bc-d6508edcdbc8, 766,822,717,Yossi
1c0ae90f-a4d9-4064-adc5-6ca8e03b8722, 669,297,323,Yossi
646493e4-b444-4ec4-b30a-facfc5749d87, 993,892,857,Yossi
4a87e852-5f2d-47d0-a981-c1e9fd35aefb, 775,338,46,Yossi
9eb47c68-8c26-4090-90ad-0ea520d86da8, 604,20,975,Yossi
c3179359-4576-4aee-9c1c-12d5a328c203, 156,59,660,Yossi
a59ae07b-cb63-499b-8efb-ffabae09875e, 211,19,297,Yossi
14da24cd-bd71-4488-a52b-4b97a8948357, 767,720,827,Yossi
56c03499-ffa6-4641-ac2a-426852e88b9e, 153,384,565,Yossi
546a4c37-9ea8-4270-ab33-f226175af7b8, 186,287,543,Yossi
30162c37-0b4b-4ad7-b15f-a382c1cd562d, 742,486,314,Yossi
3f0d4695-9f5f-4445-bf7f-14220554da4e, 654,703,708,Yossi
f7ff47e2-05fa-4834-9c34-dc405bba34c9, 223,582,994,Yossi
a944f610-f157-43b8-9518-179183750a69, 324,326,724,Yossi
4f748387-b45c-4aea-84b9-3a5abb7cefed, 406,190,480,Yossi
6545ce7e-1eb9-4aca-955d-dcf175c12784, 488,627,122,Yossi
82f56471-9bb3-4bfa-b7e5-4185e27f3e17, 860,448,580,Yossi
9caa5634-2816-40a8-a33f-645dd290b740, 2,193,703,Yossi
f010a5a3-81ee-471b-adfe-4ade0ba58bf3, 200,997,102,Yossi
63642a98-7752-44c5-a7bd-9a487a8223c5, 889,517,911,Yossi
96f3337b-0a67-4b7a-9f7e-a3d223e31e11, 756,808,606,Yossi
b942aa5d-8557-423f-8f0b-db1de56bb65d, 315,33,850,Yossi
bd20d4f5-a911-4d3f-bd20-76a8c0595aa3, 731,948,315,Yossi
004fc9f3-3359-44be-a99a-1d58adb6cf24, 268,932,475,Yossi
98dc48f7-b333-421d-8ddc-d2c6b6b6aa39, 665,885,691,Yossi
1a482f61-34a9-46af-8501-1216f34b74c2, 571,362,531,Yossi
977ad011-b094-4078-a71d-208c02142d5f, 347,663,756,Yossi
1af1205e-df74-4209-b737-186e2816cc46, 444,324,837,Yossi
50b97a7b-c3b9-4f98-88f4-199dd907f990, 961,740,293,Yossi
c539ff62-0ecd-4ba8-a275-49e7b803f936, 609,455,705,Yossi
42c14812-b9ea-4ed2-b183-d138a6f870ad, 606,332,65,Yossi
b3d358c4-291e-4fe0-878b-7b1fb553bad2, 83,567,517,Yossi
c2263fd0-9283-4acd-8314-ae9dc983c75e, 119,92,158,Yossi
112f3f38-ec68-4588-9340-3de6f2c1c482, 628,755,677,Yossi
d978388e-ca33-4574-93e1-7e3e44e4eae6, 805,592,514,Yossi
67677269-0d11-4eba-b5b2-267eaebdb1ea, 105,336,306,Yossi
c235e39b-4645-4102-aa48-78bbed7a6eae, 12,627,636,Yossi
31aee496-b7a8-404e-bca6-72ea93eba133, 570,542,853,Yossi
50ee11c2-5da7-4e68-8d1c-f227c413c789, 155,312,484,Yossi
5f771d3a-20ba-4bca-8ee2-a9caf6788db5, 767,352,291,Yossi
766e4b7e-adc0-4ecb-b9e7-f8404dd61b52, 558,123,494,Yossi
15f6b67f-35db-4013-948b-d04182ff36bd, 609,661,600,Yossi
4a49dbaa-608c-453a-929f-5abbf230e254, 410,582,319,Yossi
b318170e-b0e7-4387-93f0-9705fb51766b, 174,453,270,Yossi
328ad765-8212-432c-88ad-3600122d066b, 373,718,906,Yossi
5ec68104-db15-4afe-8b4c-92132f3bfb32, 80,638,730,Yossi
254f6e8d-4ba2-4518-a94d-47c8eb07829a, 324,857,405,Yossi
db51fa97-314d-417f-824f-ccc39d6774ce, 985,598,826,Yossi
b75cfd6e-0379-4ce1-8f3d-65ab284c4f27, 70,36,789,Yossi
8e8203e9-c018-4d0a-b116-26fe6be72e6b, 211,926,256,Yossi
c843a897-4111-48fe-837c-ab0cd91e8209, 34,350,738,Yossi
4f6488ff-ae63-4fc9-b14b-dc6d99752695, 865,71,633,Yossi
adc6512e-7623-4dbf-bded-32c0ed49fe8e, 184,197,930,Yossi
65272da6-6e10-4e5a-ac30-9fb83335d153, 912,693,752,Yossi
2c50f26f-9d9a-4a81-89e3-a4bebc21c2c1, 986,837,175,Yossi
eebb09e5-ac21-4eea-91bd-c9cb72692885, 366,197,823,Yossi
4b41a2d1-2541-42e3-9aab-73fd175455e7, 946,76,672,Yossi
81b7e782-340c-46b7-b14e-e83c02a6cff9, 752,443,494,Yossi
98e9acbf-60ad-4687-8e81-8ea0d9f77634, 885,571,523,Yossi
9cb69d9d-3f65-4716-9794-83274ad6c89e, 666,539,625,Yossi
829c7aba-ef71-4b68-aaae-abd3381f683b, 810,200,654,Yossi
187e3086-26ed-4a20-b0c0-1c7079095a11, 63,140,103,Yossi
8ea65ae4-9c48-4ed2-be9e-e3d15f1ac032, 531,507,647,Yossi
bda7f1ec-3284-4871-917f-e48b741b5016, 273,894,442,Yossi
2cbc1062-2fe9-42b2-889b-1182a2bcaa4e, 799,410,165,Yossi
07356349-bbe8-4a2e-8ca4-c5a745a858f6, 651,997,760,Yossi
a577cb6e-27a6-4eca-96df-9de59a00a1d6, 652,702,837,Yossi
cc57d780-a582-4cbc-9223-4a7501ae860a, 965,264,851,Yossi
ab62d728-c25b-4097-b8fc-e8615692c920, 582,281,905,Yossi
f3b5ee12-0579-47f4-ac8a-cbe10d59eb4d, 245,978,499,Yossi
e5dd5a2b-6e8b-41b2-b09f-7c232b1d3bc7, 111,516,656,Yossi
a4bcfeaf-d949-43e1-b528-e2b0b95654e5, 305,103,493,Yossi
e251175e-e351-4bde-afa8-aebcf77b7d06, 99,923,697,Yossi
4a882493-0789-45ec-b49e-2f7aeef2a91a, 72,833,689,Yossi
2ea1998d-a4fb-423d-b88a-fef6d0f256e4, 176,673,181,Yossi
e0b08dd9-65d2-4932-903a-de722c311c33, 231,951,33,Yossi
482b13af-b2d4-4f7c-ad03-ceed6d17ee72, 330,235,572,Yossi
47727a8b-ae51-4eb8-ab1f-2738d76e7163, 762,15,836,Yossi
bf197887-36ac-4c02-b6a5-ea79b3145fd6, 786,844,935,Yossi
92d1b788-c9b7-40fc-a2a0-607b6355ade8, 802,480,858,Yossi
1e0227f9-4dae-434c-a9a7-1be280220dba, 196,287,528,Yossi
5176afa8-2c04-4ec9-94e9-4de49ed8d0e2, 149,163,379,Yossi
397f058c-b225-441a-b194-e4539b420b56, 784,494,308,Yossi
42f4e399-eae2-4e88-8986-5ca0e269fd20, 670,553,75,Yossi
8bc9d4ac-23fb-4fdb-ab4c-0ccd76a8ce73, 63,581,867,Yossi
672a8a10-81a6-485b-8da6-67260cd4fed5, 149,789,590,Yossi
32c36caa-e217-4aea-8307-241bd57af5e4, 671,352,328,Yossi
5161ec72-258d-4c0a-9a75-12d684e81c45, 872,914,743,Yossi
91236ab0-1ff1-420c-a0d3-a72c4d2e0cfc, 925,347,502,Yossi
6ba7192b-edef-4bf6-8f80-9549e9824bcd, 819,517,258,Yossi
7ff23010-3ace-475f-9379-2e4c1df512b9, 557,295,444,Yossi
c56f3559-2185-4883-b25f-e983723245cf, 838,874,547,Yossi
e6343231-2c48-4b40-8c60-9e3a5f64ad1a, 161,28,510,Yossi
3ccaa27b-1634-4597-967a-410e8580bcb8, 801,445,458,Yossi
17f11936-2d8c-4420-9379-58db30a8e524, 724,658,681,Yossi
f8c8613e-88a0-4284-939d-7e8f63ece26b, 498,700,433,Yossi
3cfc94d9-b555-448e-b8a5-67d0d024d748, 967,638,55,Yossi
21378db5-703f-4f96-91cc-2500f2203fc6, 345,132,129,Yossi
14cc266a-4827-4061-805a-89399e53cba8, 530,323,372,Yossi
4d51cc2f-b2f7-48a8-9a20-efd1aa9a5144, 783,222,815,Yossi
4d1ba03e-2aff-40f2-9575-ac5e85a08d11, 875,964,975,Yossi
fe956e96-ec6c-40cc-beee-caf4ced54fc2, 51,113,258,Yossi
e79eb55d-aab3-4848-bfb7-637296312178, 629,224,705,Yossi
ed2a1e61-03eb-4164-b86e-cad5b2c8c3c1, 321,986,762,Yossi
85f92273-b49b-4991-b9bd-3e13fb45c2d7, 80,869,905,Yossi
ae23a32e-b86b-4ea8-ba34-067d22cf5ef8, 869,149,256,Yossi
98a5d9c3-0137-4f0d-b802-9863f1835e7e, 63,427,646,Yossi
1fd90ce8-924e-4621-b6f5-0dd79d8bb26e, 70,850,878,Yossi
b991db52-45de-42cb-99d4-ea22d9dbd9d2, 203,212,164,Yossi
6860732b-1287-495a-a2b9-67893313cc8f, 315,308,552,Yossi
410e0ee5-3e6c-48e1-908b-b90ce209f7d5, 176,377,804,Yossi
3e8b9e35-4777-41da-85f8-6599c8401efb, 694,924,479,Yossi
3078b63e-b927-4d7f-b40c-0d5188557440, 481,673,546,Yossi
867e94dc-b8dd-4811-965f-007b35648778, 423,867,477,Yossi
2dbce3c6-5681-48db-b368-e9ed3235a7a1, 726,646,650,Yossi
f1b44ae8-a148-4780-a322-c138895abc4c, 291,266,262,Yossi
87e316eb-015d-442a-abd9-99082fd2d028, 222,660,174,Yossi
10791cc1-bc4b-45a6-9cfe-550b561c0799, 117,721,794,Yossi
48cdc9ce-1334-40c2-af3e-6c31612e49ee, 170,806,114,Yossi
440102b5-9582-41e7-918f-5fb8db6bf36e, 97,846,899,Yossi
e96633ac-f85b-490a-a822-93e5b0da3f62, 95,314,914,Yossi
d35228b1-fc07-4519-8f65-c52acbdc2441, 154,146,610,Yossi
5e1e8248-3e1d-411d-ba7c-9e69fba84685, 957,385,943,Yossi
8e1e820f-1528-428c-b711-55bb2dd58d1d, 426,388,475,Yossi
4f228902-e2e6-42a7-870b-fee6c7130467, 708,638,559,Yossi
80d0f1ef-0101-4e7c-9c7b-fa561b73a6d1, 169,342,205,Yossi
2fd8e12c-773e-4fe2-94f4-71c1422d093f, 229,911,945,Yossi
5c029939-30a0-4328-875f-402a339325c7, 901,94,647,Yossi
b0f9d5c5-a6de-4ae9-b0dc-b3fbc1bb48d6, 378,60,655,Yossi
05302974-bd0a-4888-a158-646c542b3d55, 11,524,119,Yossi
beb1cf95-2ed0-4bde-9b78-9d7d2eb2131d, 365,385,825,Yossi
13285b1a-bf1c-4f0f-ae5d-194754bac5fe, 646,328,553,Yossi
fa9ec7dd-0101-4b05-a232-bc83815b8f0c, 561,573,501,Yossi
5e138138-bd19-4bb0-8ee9-5222cf9f4ff1, 40,332,880,Yossi
a3a0612e-162f-46ce-85b1-09a51afa2b79, 317,795,273,Yossi
852ff25e-d86f-49cd-86b4-eb7f8004f6e5, 698,407,83,Yossi
0a0203c0-25db-47c6-913d-7804dc73f040, 235,1,464,Yossi
bc71b7fa-2602-4adf-8b61-ed0f041f9516, 908,867,934,Yossi
117f9272-7c72-4c7f-b29c-c8ae2cb664cf, 952,193,221,Yossi
66d5c5e3-a31f-4d88-b2c9-fe0ee5eef73d, 268,774,87,Yossi
2559f862-a4f7-4450-ab56-d3fe2b878ca9, 954,947,859,Yossi
8447f1ad-7288-4e80-96fd-09b98372c8d0, 825,62,4,Yossi
6e0f250b-88ad-441e-9d51-e4f343856b9d, 648,63,311,Yossi
1c659215-3e9f-4d36-b8be-9771e88220f8, 6,607,768,Yossi
30724977-34a3-48da-a5e0-d381a0754568, 702,189,579,Yossi
e8979c39-c2c4-4e55-b66d-b2d8b2208caa, 66,584,298,Yossi
227ba089-9399-4991-895b-de10c0e52b8b, 374,679,651,Yossi
e17b3e39-585d-45cd-97fa-7b16dd4a3546, 573,774,524,Yossi
d1424d1b-5887-432c-8a7c-4c16fab40c88, 654,455,516,Yossi
bb49cc10-1b01-4c67-85a1-27634256be69, 889,692,136,Yossi
863b9da7-a570-4315-b127-ffaacd70fb8e, 333,294,797,Yossi
93e33765-b734-43aa-90d7-edeea72f1057, 415,85,384,Yossi
9b03e869-491a-40ef-b25c-36a15ea7be2c, 21,491,733,Yossi
66ebb0a7-fdc5-4c19-995e-dcead1328376, 270,50,345,Yossi
b174097f-0405-43ec-9e7d-e9b48d716085, 770,230,393,Yossi
7c5051f6-9b41-4b07-981d-ddba54346753, 694,207,678,Yossi
948bf0ac-a510-45fb-8a89-5dfff5abb3e8, 355,887,607,Yossi
67002eb4-aab1-41a9-b8cd-45cb976badfe, 922,892,96,Yossi
d7bbd0d4-f9fd-4c53-84df-c97d82c5c1ce, 434,382,174,Yossi
2d61ec5a-b2d1-42ca-a190-ea3cfbb8b39b, 336,172,605,Yossi
a39e85c4-1512-41fe-90d7-74753628b5d6, 486,757,370,Yossi
7544c960-b5a8-40dc-87d3-9b9e5c7cb081, 175,671,313,Yossi
cea620fb-b7bf-474a-88a1-ebab3f1bf2b5, 970,287,105,Yossi
03de7b43-a1c7-460e-ac65-ec10285c7376, 196,46,94,Yossi
02027507-d46c-45f2-bc46-69662ca84e9c, 563,105,629,Yossi
dfef50e9-d1c4-4467-a7ed-690fac24383d, 307,801,544,Yossi
d8bdac54-ea42-4c87-a7c7-3e24ef4a0a85, 131,958,249,Yossi
ccb07c31-0ba2-42fc-bc6d-e6cc37972a67, 836,535,803,Yossi
eadd2885-7468-4514-8699-cc11f3793bb4, 527,409,401,Yossi
704b783b-75a0-4d4d-9f0e-c9ffa880fc18, 701,980,702,Yossi
a0055183-eafc-4163-a732-7b6e150a9571, 210,683,319,Yossi
88371c33-9741-4d00-b3a0-79af112d6e4c, 129,782,291,Yossi
20de8a47-410e-4c4f-a47c-4cb7a0bfac95, 973,596,557,Yossi
820a0bba-3b9b-4ccc-b4d9-bbf973e52e38, 81,723,918,Yossi
1c76cc54-8a7c-49fe-a39f-f0736779b29f, 574,160,842,Yossi
b83bba46-93bc-4006-994f-eb649a3b35c9, 514,360,787,Yossi
9dab251c-b6e0-4e2b-9350-e58887465f91, 465,127,579,Yossi
bb8719c9-e60f-4661-91f2-87440bf68858, 629,205,212,Yossi
d6ce5eac-84d2-4ecf-b5ad-89724f7d366d, 356,649,223,Yossi
f538b5c3-2f28-408a-ae0b-2e3683a3ce98, 565,647,263,Yossi
cc3a1eec-dbd0-459e-b55f-17ce72f2d413, 911,269,306,Yossi
2ab66fc8-1e1f-46e7-a43d-da61fba147fe, 402,984,361,Yossi
fa5c4eca-bca4-4428-8bae-7826433bb13f, 773,434,321,Yossi
6fd85ad3-546b-4e49-a606-66af4d7e2fb2, 339,332,205,Yossi
c5ff5343-1599-4247-8fbe-50e3efcb9165, 985,51,235,Yossi
017d044c-98fd-42fa-b05c-085c82dfa6c0, 329,262,375,Yossi
9fe6ee97-3baf-4002-8813-22d6cf321e9d, 960,14,49,Yossi
1686584d-8ac7-48ef-8acb-6a650ba9dc83, 612,237,853,Yossi
455e0fd5-3a89-4510-af15-401d7526535f, 123,580,479,Yossi
bbe8be69-64f4-4de1-bd17-355d3d8612a5, 107,771,134,Yossi
4cf8aeed-599a-4561-b772-aa6ccb5d2b5e, 68,409,948,Yossi
037d012c-73e4-4b5c-bec3-06280c75f1bc, 295,168,455,Yossi
7b7a28a7-1b9f-4573-95c5-cae20d16afca, 612,173,174,Yossi
9095dbf4-286d-4dfd-bc01-7284925b61e9, 481,739,924,Yossi
7e4246a6-b63a-4ffb-8f17-b95252d2817a, 466,127,793,Yossi
e1660564-a88f-45fa-9597-f1c02146fb37, 375,642,155,Yossi
f559894e-ed15-4e3b-aac1-3124396e8aa8, 976,28,387,Yossi
4f497ae3-5385-4818-9ed9-389c7ba0e728, 846,604,633,Yossi
31e42635-d88d-4fc8-8f5e-f96d74787ed9, 214,299,33,Yossi
e654d19d-8f82-4bb4-9d75-e79b6664be20, 452,280,404,Yossi
217a3667-4054-4a7e-b592-a0eb2b34a7b8, 881,666,662,Yossi
dfb8cccd-f9ae-4faf-af48-f277c3487c87, 188,271,922,Yossi
9e780487-3c9d-45df-85af-109422d67250, 256,691,881,Yossi
1ca5c28f-93be-4852-800d-7f7f60300f13, 779,715,90,Yossi
af61d91c-8fcd-4d9e-b824-3099ced7830a, 201,479,274,Yossi
8e8a51c7-5a11-4e17-865f-c30bcc6c6a14, 124,146,110,Yossi
3f78bfa9-823b-45a9-a019-162772b17ba0, 60,747,937,Yossi
1d5044e2-a69c-442f-bcc6-bbce7ddead0a, 324,130,744,Yossi
deb91b3c-10f1-48ad-823c-9d1d814fcd73, 745,221,804,Yossi
5384c24b-2d45-4be2-926b-f2ce4e511b7f, 315,81,868,Yossi
ae062ed8-1954-4249-9243-1f7e46b32c84, 423,161,892,Yossi
134a3a17-0e52-4b20-946c-bc265330e712, 768,599,73,Yossi
2849d049-49ec-4c61-9bef-d0835258ed8f, 263,279,855,Yossi
b53d8b71-9eb4-4c89-9286-5041522c4812, 870,119,950,Yossi
d4d7e9be-5835-4564-90b6-eaf08c0415df, 272,197,311,Yossi
c4183be2-2447-4cdd-b73d-b9f69e50afec, 297,645,125,Yossi
92b43722-bf56-4ab4-aedd-745806117334, 360,91,154,Yossi
5a0581d0-28f6-453a-9772-5add34d0638b, 922,392,532,Yossi
96a3cb42-9004-4f54-88c4-41cf97a68a5b, 466,557,537,Yossi
fc19ca33-5c91-4e7c-b285-8d8b8ba640c0, 916,441,50,Yossi
4ef9bdf0-6343-44d6-8bfb-50b4956fcc4e, 119,939,610,Yossi
432a1d55-ea7f-40fb-a533-cdc711c9fbe7, 14,357,555,Yossi
8ab9fc19-0db3-4ad9-aadd-5817fb6fbf59, 197,432,878,Yossi
6d844637-dc33-46a1-a2d3-244255df4f42, 202,859,865,Yossi
ccd062e3-52e7-4529-a377-2a4a8bfd6048, 253,189,628,Yossi
a3ffe6c4-6f82-4baf-bf49-995e542b6919, 985,53,932,Yossi
8a218e24-0d03-4592-966e-627638519660, 434,448,574,Yossi
548a0fe0-84f2-47a6-aeff-103b0a1c06cd, 679,954,989,Yossi
9f875ae1-13f8-487a-8d93-80da291f76d8, 714,500,768,Yossi
fefdeb6f-a581-41d1-83db-9248c75f0a0b, 361,303,43,Yossi
128aa36e-742e-4563-9324-b204848b3082, 534,345,836,Yossi
15d1b671-49e7-4a48-b7f2-c4a3d9abd298, 805,751,178,Yossi
a4cbf5b6-f95b-4db4-93c9-78300ac8482a, 340,258,839,Yossi
ddfa8868-2dc2-43f2-bf90-b78e4a7c9da6, 755,101,214,Yossi
7cf45852-3412-45b7-8175-09f2f73b7439, 245,158,230,Yossi
f78017a8-cdda-4e3c-b090-1a237ee55ee6, 287,669,204,Yossi
ec6dc3a4-6f0d-4858-a021-3c2941d23752, 902,479,504,Yossi
3f3e21d3-4e58-49ed-a53d-125b70802c7c, 604,483,991,Yossi
9cc9968a-ea2b-494f-bc09-5299b672cf8b, 475,439,984,Yossi
879b9301-62c4-4a7e-b590-231d22415372, 619,299,856,Yossi
1249522f-8e7f-4c83-8941-126564945a98, 786,835,129,Yossi
f1298b87-4317-4f78-90ce-1a62f21f46c4, 836,666,514,Yossi
5cd1e954-0426-447d-a456-3a6ed1df0621, 30,446,436,Yossi
7d0bfa9f-88a4-4ccd-813c-2d15cce3d986, 450,646,793,Yossi
eaeeaa45-0a6c-4493-90dd-84aa574d9a32, 93,678,348,Yossi
4857fe83-7808-4397-ab2b-08463be2b240, 360,434,796,Yossi
07b28d01-0ea7-4541-b3a1-afdcd5f60bf9, 759,427,829,Yossi
1915fbbb-b927-4825-8634-a0bab3f56dc9, 564,457,822,Yossi
7c29c381-ac70-4e50-ba13-abcf6d438eb4, 537,929,861,Yossi
b3a6f898-e6c3-4c0f-bffd-89d0e46e6e28, 843,331,313,Yossi
7c8426fb-3558-4478-8885-cfa6fde39493, 193,720,958,Yossi
a899c8ec-b64f-4de4-8517-d96b88bb7389, 982,968,265,Yossi
16901fa4-957e-40f1-97b9-ec457dd5eb71, 86,408,491,Yossi
8d5579ac-b396-4a82-b16f-06c7ee6cdeaa, 714,258,223,Yossi
c47ce5be-b8c6-4639-9c7d-0443550b4f5c, 767,452,832,Yossi
24a1cd5f-deda-4d7c-a919-bc5943372467, 710,511,803,Yossi
7b6bfdaa-2692-4ef4-8394-b7abebb37c7d, 644,116,5,Yossi
22f9d0f2-16bb-4013-bafc-a1b2a97a315a, 188,858,870,Yossi
58f143e7-6ef6-4aa2-a211-087458629aae, 27,222,378,Yossi
57d89fa1-8c8f-4fdc-a952-3bccef3a0437, 306,299,735,Yossi
681b6664-41cb-43d8-8f5d-09770c5c4d75, 651,185,116,Yossi
fa821b1f-122d-4111-a114-d26cb18897be, 124,258,924,Yossi
526c0407-0215-4eff-8f95-836aa933fd5a, 834,110,709,Yossi
cd986189-1521-4d69-8953-6938092980e1, 84,275,26,Yossi
6abc4b9f-2ca6-445a-b891-a657c33a4e2f, 305,45,170,Yossi
cc2d9000-7761-4674-a862-978f8f70625c, 606,796,5,Yossi
a79e4ef5-82e6-4c03-a6cf-7713d54e1a23, 988,826,419,Yossi
d6883dc0-07e7-4e9c-bb34-86f856f9e35c, 58,200,215,Yossi
36522121-4574-41f6-a021-edd2770530dc, 308,6,860,Yossi
d9536d8c-4aee-41c6-8a70-82408a0886ba, 89,955,746,Yossi
0c62b8b0-749e-41d8-af05-2e9b09d33434, 885,778,110,Yossi
fe4d76a7-3b07-4bbf-96b5-c1bb884bf03f, 755,63,73,Yossi
5bdb132a-1a4f-4d2d-a4a1-7084552a2195, 108,644,195,Yossi
80172997-f179-427d-8e42-b523ab2d8ce9, 906,874,401,Yossi
08001db6-dd66-46ac-b463-8b04ada9bf05, 95,561,840,Yossi
c57a703f-4516-47c1-9159-fc47b7625ed8, 978,881,813,Yossi
4a54250a-8094-4cba-8958-a66b8a895aad, 700,420,425,Yossi
fa8e59d7-3f7a-4374-a012-2e87b82deec4, 374,316,472,Yossi
13b4e870-6fd9-4837-b96a-8a03baba6f83, 316,594,984,Yossi
167111d0-8e73-4ac9-a4db-bda695fe4d8e, 900,814,253,Yossi
091f1957-fb69-4cb2-92b1-41585a510ad6, 65,746,154,Yossi
a33650d6-20b7-4e0c-a548-d02bdd31cb29, 961,197,495,Yossi
0c749fe6-9f50-43fc-97f0-31aafb2fdf3d, 915,549,980,Yossi
afa082ca-de1b-47ea-87e4-9342f84c476f, 98,499,153,Yossi
b1f320d9-8bae-4d0c-a008-32fed6018518, 808,82,950,Yossi
23f9e8f3-8468-4be9-b8a8-6a2b6f019dc2, 19,962,637,Yossi
876688e5-f78f-49ee-925f-8bd6d3e4411e, 374,329,123,Yossi
752fa162-08b3-4963-b1d2-1d2058eeb83f, 47,387,535,Yossi
d145d31d-f5a2-463b-8d47-785ae28b0560, 322,512,463,Yossi
a7a86d00-fcf1-460b-aaa9-93d8605d092d, 636,439,468,Yossi
dbeaed98-55d5-4d00-807f-2c6079e64330, 87,207,828,Yossi
ad10c754-1c68-4f7f-b270-992faf60aa93, 941,842,129,Yossi
60571b9b-19df-4ec1-8096-de50a49561f7, 247,132,364,Yossi
4d62a080-f0b2-4408-b4b7-e89d26dc4787, 346,63,333,Yossi
59830476-2a44-4ccf-b57e-a917879bd55b, 831,603,919,Yossi
6d4d6ef5-de7b-4ed8-b7da-e1c58e8c33fc, 273,564,234,Yossi
de40f86e-3e15-43a2-a8c5-ffcb08b32dce, 520,298,631,Yossi
32a797ba-596a-44ad-8d00-634e74e54e82, 347,526,486,Yossi
24f9e3c9-2e80-4672-8d93-19b2098a04b9, 130,19,359,Yossi
08337844-c354-4c2d-9245-6b13b095f87b, 617,640,684,Yossi
8df3e217-a272-42da-b641-bfd44e5f67ea, 32,279,110,Yossi
5c50b53e-055f-4699-8c3e-db8509a30354, 513,11,293,Yossi
c71f5ac3-1418-4b03-884a-71822409a244, 323,865,239,Yossi
2537da3f-33f8-4b45-88a8-6ee9f70e0e6a, 821,770,830,Yossi
46b29c9f-930d-46a0-892b-7a2ae7e8d882, 273,29,266,Yossi
eac53141-5316-45c4-9c55-e1b9f7db8784, 789,214,783,Yossi
ac329b32-53b0-4d9b-84a4-c7aff0a07d2d, 614,49,946,Yossi
e6ea054b-8778-417d-9baa-385c826b1ac6, 229,117,141,Yossi
186d2da5-7ccd-4df4-b229-0ffe815a6a5c, 836,738,679,Yossi
799bdf27-5e32-4e79-b632-944c404ef157, 343,811,824,Yossi
48acfdf6-6307-483d-aff2-6302a7b12779, 769,629,491,Yossi
ec3bb01e-8abc-4d01-8089-c3719458204c, 679,314,782,Yossi
083df440-910f-455a-a1bc-7be1e60b70f9, 223,319,592,Yossi
ec5b96c0-7388-4ad8-9845-33bb0a4cb70d, 627,948,697,Yossi
f3fd9924-5c41-415e-bb06-43a61604ea35, 994,697,527,Yossi
1273af10-7354-4a6b-a382-a6d5d3c5ded7, 799,74,498,Yossi
801c2870-ee81-4ff4-b0d2-f99b89381de1, 220,340,803,Yossi
911f4095-8f79-448b-838a-f17dc9e65f97, 575,3,591,Yossi
bffac55f-ae25-4990-93ce-76b4496411d7, 737,802,163,Yossi
