3228586c-a16a-4e7c-aa70-4f75a0c085f3, 380,180,121,Avi
746a0c06-c8a7-44af-b16e-cb7d0df60dfd, 990,615,437,Avi
94f4e55e-48c1-4a12-9657-a76a4c13550c, 657,663,37,Avi
66b9a309-d6ed-40e7-a21e-95166c1f5581, 453,946,519,Avi
a5a434a4-fff8-402c-b4da-aa2b15e57efc, 135,99,371,Avi
9dd97512-35a1-4cf1-85e4-376010b80d06, 972,672,474,Avi
509a356c-b1c8-4191-884e-3c439f54a166, 673,893,356,Avi
0c1c49f6-6ca4-4837-8e71-ca978ae97733, 94,245,716,Avi
0fe166fb-15e4-4250-87cc-5be670ac5c3e, 2,321,441,Avi
a74c043a-a8e7-4d50-a15d-fd9377c0fb48, 290,599,213,Avi
a7d05503-86d4-4fe7-a470-eb8d39284523, 219,850,524,Avi
a8fd00fc-0abd-4644-ba14-be3fd2af652f, 715,561,641,Avi
f2d80583-c2ba-4bcf-aa27-fdf7fc6ed31c, 868,246,237,Avi
81cfdddd-6a38-4267-b0de-d1304714e519, 748,494,20,Avi
98327d2f-71f1-4eeb-85aa-2c8626373c9d, 230,41,958,Avi
66d52855-3d1b-4057-9be2-23708dd2612a, 604,137,466,Avi
dfd2838f-7509-40d8-9ddf-d5aff492b4df, 700,577,55,Avi
f723ffdf-9bcb-4e1a-8a86-0c3847c7ec64, 638,26,156,Avi
4e9178dd-05b0-402f-a610-fce2b9154e43, 840,286,933,Avi
6492ca2a-ec9f-42a8-a6a7-a6f87afb2be6, 403,989,295,Avi
e9c249aa-371f-423f-bf8f-118823d57de6, 995,367,65,Avi
7398fcb0-3544-4b68-85ac-15f1eb750147, 823,234,96,Avi
911f7fd0-ce16-4b51-9bce-9cfe00351720, 994,419,536,Avi
7dc72b75-798c-43c0-a637-93264260cfc0, 728,104,427,Avi
e75754e8-7943-4a41-a76a-2e36605d3f4f, 237,924,399,Avi
d1d878c5-7f23-4a29-b848-412a9d944fd8, 337,862,205,Avi
fede70f8-4218-445f-9be5-32b281e0224d, 757,396,184,Avi
0fcc7b92-c81e-4521-bc72-788c52f98487, 974,588,23,Avi
6e6b2d8d-53d4-47f5-bd26-220b8b910812, 158,579,825,Avi
49042e66-53dd-4748-a4c5-8e84f1f6020f, 369,873,275,Avi
9413838a-4439-4e8e-b012-4320bd0081e0, 707,466,255,Avi
3ad4fb0c-06ae-4968-ae3e-127657833562, 941,752,128,Avi
bcc5d633-6d06-430d-ad38-383321904f00, 954,406,805,Avi
5670650c-4e08-4502-8089-f077cd1aec29, 862,609,716,Avi
3d8bd14a-5f16-46d4-b612-c80b4e33b28f, 928,971,473,Avi
aad84307-81fd-4b35-928e-af31e5864396, 627,402,101,Avi
2085f1cc-d05a-4e5e-95fc-6b504aec17d5, 756,503,423,Avi
ab46b499-70b6-4559-9aa3-0ce30124c45d, 728,644,594,Avi
f76a44e9-5549-4436-9d95-bfe08aa7789e, 111,22,777,Avi
61c63e48-6aca-4eab-9daa-d2c2f9577be5, 42,665,653,Avi
b9ab5729-de10-4792-935e-7afd8b3112be, 270,626,544,Avi
b4f5292d-ec8f-4db5-9751-6e3a1102dd67, 261,22,637,Avi
f2c08fb8-98a5-4bf0-a144-4d038ae1e409, 172,295,172,Avi
9573ee23-27f9-4e96-b332-05ef216c87b1, 271,381,457,Avi
679c8a26-6f96-4c2c-b9e3-daa16ccc181d, 399,894,786,Avi
60df4000-9a36-4009-accd-f1f1d6301977, 467,46,616,Avi
a42cdf88-5ac8-4382-8f0c-edc33bc8cfec, 548,530,178,Avi
48729857-daa4-48c6-9e57-926365f21602, 725,611,370,Avi
0f346f8c-d9b0-4897-99a3-edea6d664ad6, 851,977,820,Avi
e8a88082-d0f6-4825-a5d9-7322afeb4fef, 660,830,731,Avi
d00c214d-e7b8-47b3-af96-eb4879fcd446, 349,912,739,Avi
372932cb-cf69-4ac0-9268-e5a420206481, 152,592,982,Avi
348cdf1a-5ed9-48d0-bba9-6a3d86333df0, 172,667,949,Avi
3c286500-a71f-4d7c-98ea-4f503314cd71, 835,455,107,Avi
21543b74-1e42-48ce-8704-6f59e93ac750, 927,485,123,Avi
a2ca73a8-efa5-46dc-b4e8-98b2528730d9, 964,330,749,Avi
554fbf50-9d4a-4a61-9ea2-e85b06ca0b23, 806,642,974,Avi
e2507eae-178a-4e8a-b410-2144fd7cae99, 162,493,135,Avi
63e3a80c-8f11-4d39-9636-96e941cacb50, 475,544,15,Avi
b7cc3556-ebdf-4f25-a637-8a29a98c0aeb, 175,409,43,Avi
b94ca528-4920-465c-8df8-6101f9d005b9, 816,511,463,Avi
3f4d03dc-7de2-452a-8e75-893bda8186a1, 440,921,468,Avi
35046839-3aff-4b92-8a2c-75583422a888, 716,247,303,Avi
0bb00a46-bdb5-4693-919e-ffcbfc47d0f7, 803,296,377,Avi
e7578152-05d7-4d27-b923-afd9fed3f707, 665,711,75,Avi
bfa2854c-965e-4f56-b898-24874020b43d, 71,796,126,Avi
78dd0e32-47ef-41e6-9682-94ac192cef1c, 248,886,648,Avi
9ba647a7-0aa7-4440-9f78-6d23ee6e3841, 72,852,189,Avi
afc1cf94-f881-4969-bf3c-a3ce6e284866, 755,188,419,Avi
1cb034d2-d225-42b9-acc1-865758069ea9, 605,675,48,Avi
9635266c-02da-4d80-8cde-9f06770d467c, 967,996,259,Avi
4e640cf2-b0da-4081-b0bb-28ce4cbedaad, 907,20,943,Avi
0919f24d-38ed-4c3a-81bc-fda1bfacf6cc, 643,487,563,Avi
dde62e62-b886-4017-9aa6-bbdf7d017fef, 653,248,84,Avi
ddb6d426-64ca-4bdb-84f1-a9cd737ed14f, 446,4,347,Avi
6e46986e-4650-4632-ae50-7114f69939d1, 597,495,780,Avi
56b73f0c-d166-4872-ae70-3b9b61c5eb1c, 61,405,746,Avi
033a6011-4755-40f3-8b3d-cb89ac057d45, 888,925,521,Avi
f25921dd-1656-4ca1-a3c1-00f2861ec962, 393,744,658,Avi
a2d5c05d-9a49-4c2d-9ff2-94b0e0f366f7, 275,683,734,Avi
eff4c38f-0685-45b4-9a72-111ac1dae82f, 49,112,570,Avi
218bb3e2-b100-4093-a662-a33204e9f168, 255,834,299,Avi
24e07b34-a3e7-4445-851a-da7ed923c71b, 119,757,692,Avi
31d3a69c-67ee-46ad-9fd0-c0847569c406, 131,427,310,Avi
055759a7-e87e-4c4e-9db0-f95466b7eaf0, 561,594,638,Avi
88057a03-aa3a-4cc0-b4af-45f54dd96c55, 565,624,848,Avi
36883359-663d-4d98-a9a4-98b1b4662b13, 840,159,691,Avi
5e26d4b2-055e-4d2e-8904-15bdafc34eb9, 638,544,271,Avi
4a54a89e-6bde-40ad-8c3d-5461cbd41459, 301,80,71,Avi
c7502616-a338-4108-8a76-94d71c709eb4, 736,515,274,Avi
d9f623df-1cd8-4aa9-bc69-a2d7d0af9b26, 286,369,802,Avi
ccc57207-1e89-4776-a9aa-f74af0c6efef, 828,604,137,Avi
5fad4e12-b24f-4460-85a2-2b5ca579715d, 512,192,169,Avi
0e7d72b1-55c1-4052-8b71-48ef026d6c28, 49,479,737,Avi
acef9a03-b9bd-4cf8-8e8b-c35bcb2dffff, 88,929,976,Avi
041448fa-fd7a-492f-a48c-5472c8a10c9a, 437,327,332,Avi
dc6180ab-1301-4b12-976c-4ccf4124aaec, 882,827,121,Avi
0e4164c5-7607-4154-841d-e7db3c1190b9, 808,433,525,Avi
bb07786d-c796-496c-a8f0-aa7bbc64c3d9, 43,410,566,Avi
32d44cdb-ea64-4476-bd1a-51844bef6978, 299,953,755,Avi
49c19761-091d-428a-a3e2-96bcd5d91e37, 228,381,242,Avi
14133f9e-4a45-45eb-93c6-c92ecc386c05, 419,843,58,Avi
c5ac6357-f967-4742-907d-4dac1d1011f3, 506,732,988,Avi
664a7e3c-a10a-4761-bc19-c88f0d972c55, 502,54,432,Avi
d0685be8-3b3c-4f4c-9932-c28f6935d238, 679,792,678,Avi
082d5af1-c1fd-4ffb-aaf6-55480afd4e94, 952,550,614,Avi
62ff4e82-a7a1-46fd-9e5d-553118d735e7, 294,862,751,Avi
5b031121-cf14-402b-8d25-282719a28dc5, 738,853,687,Avi
9d0f9083-f437-41fb-af2f-e5c2b5c87a5a, 154,476,935,Avi
fef5fe0b-b9ce-4e7a-9742-a3c7d530566d, 277,785,194,Avi
fdfbfc12-b26a-46cf-9e74-3ae0cc2ded4c, 569,213,238,Avi
23037461-d208-4cf2-92df-44d542a86c64, 412,819,98,Avi
52a88ab6-7b5e-4344-abcd-5327a37d1650, 495,668,86,Avi
e56fd4f3-d560-45cc-a5d1-f1526e1af640, 918,929,593,Avi
c0eed515-9c66-41a7-b687-8084bbaa88ec, 342,381,773,Avi
c7d51203-dbc5-44dc-83d2-15ca46b4c02e, 687,129,639,Avi
b0182516-b83e-4e24-b56c-ec058ce17e83, 845,89,859,Avi
bf14b998-a920-40a1-b02c-34d4b5fb8a56, 951,6,91,Avi
fa042b18-a0a6-47cd-88b4-4a0a1c10e2a3, 4,489,526,Avi
f2b66087-fb92-4562-9f1f-5d456d977cf1, 554,265,367,Avi
b4ee8d8d-6ddf-476e-acfd-f47099a289a8, 122,230,946,Avi
75974113-d7c7-496d-b4ee-e93b78e3e8b9, 794,931,839,Avi
ccbdc8cd-115b-4d8d-8c22-7a9accd2be77, 195,268,972,Avi
39dca3ac-5781-4259-bba9-07b1a7282f2a, 580,458,880,Avi
79b0b63d-aebe-4838-891d-958a814efab3, 529,374,932,Avi
9f8f1032-a9a5-4e63-b000-89bea132538d, 159,396,473,Avi
32f6e1c7-2a08-486b-88ed-02fffe2417d1, 912,465,347,Avi
11647eb6-1dcb-4fb1-abbd-3b2861229091, 297,430,696,Avi
55b7da92-49ec-439e-94b5-f196b3a5763f, 334,617,208,Avi
3899eb97-c51d-4324-bf83-a7f1f5f7e146, 147,409,331,Avi
6d2a5aea-b750-474b-9104-1676a4b23dae, 571,939,404,Avi
cfcf5483-35cf-4200-b6ea-4354614b3109, 717,797,700,Avi
8424248b-3380-494c-a5ad-27be19cb45b2, 646,547,449,Avi
b127ed04-5c3b-4dfc-9582-21808bd31b28, 933,493,860,Avi
c4d3d53b-f9e9-4ed8-9525-844061411e5a, 665,265,630,Avi
3fd8ff4c-a717-4d32-a7b9-0a27f647ab47, 978,422,631,Avi
b515547a-f379-4c64-9c98-6bbf7fd3fc35, 158,844,93,Avi
b3b696ed-dc06-4405-973e-0343cd697c5b, 54,641,799,Avi
c261d001-d3bf-40cf-9bb9-bff6a22ab102, 21,824,798,Avi
abdb259d-e9b0-4eaf-b653-2cb230222c4d, 250,461,314,Avi
602b13fe-739e-46ec-9e9a-570bbfe44cec, 631,48,857,Avi
8ea2f3fa-3c56-4838-a0a4-91d25ed53bf4, 642,10,517,Avi
d624151f-a7ce-4505-a81b-018ff7c20b35, 477,810,575,Avi
db6640b3-a78c-4272-9124-9d85e578ae85, 232,512,848,Avi
cf6bc6d6-a0f1-4d30-bc41-3d67dae23d58, 25,977,971,Avi
0ebe29cc-f668-450a-8341-18f0e8244099, 486,630,165,Avi
9de27c1c-8f70-4e89-8248-673697ee31fb, 67,354,195,Avi
ff658e73-7444-4ba4-b212-95135186205d, 576,988,564,Avi
e2bd199f-48e0-42a1-a64b-e20eb25b91e8, 238,517,298,Avi
e8adf3ea-0006-4bdf-834c-29ca897beafb, 604,697,972,Avi
59ea83b8-8466-46e0-a6a1-7ea675b07b96, 901,396,87,Avi
3e4cf9c7-6c31-4b9e-8b70-1dd7fe5957b7, 135,302,445,Avi
255a71db-90aa-4a0d-be18-9ff9157875bd, 4,24,256,Avi
718a07ed-bce6-45e2-8303-97ce91bad056, 113,502,611,Avi
8df17bf7-8c2a-4828-842e-956a3d79fa0a, 56,924,332,Avi
88f933f1-0dea-48b1-b4ad-da618841d6f9, 244,30,663,Avi
8f1e1df1-0204-4783-8672-2925272169b0, 826,534,194,Avi
437c9bd2-30d5-4cdd-8ecf-837325108898, 633,184,107,Avi
2810aea2-65b2-42b3-8dd1-b4a21a4097b3, 119,56,58,Avi
1b92588c-0d50-4c06-be56-b845e7de7275, 294,404,492,Avi
64424344-a703-432d-9a2e-3f603457015b, 219,872,114,Avi
b682e892-4448-4c4a-a409-05ba25d61486, 602,330,116,Avi
736d9b6d-7a74-4451-856c-c7d3fe704a31, 762,888,675,Avi
33f6a261-27d7-47a3-845c-0349fa037a07, 526,482,606,Avi
13ec5146-c7f9-4094-9b4e-65147a388ec9, 908,952,850,Avi
316d0756-3922-4d5c-8f97-145c0f05514b, 583,520,65,Avi
28b53c0a-a43f-443b-b60b-d969145ed538, 232,993,488,Avi
fc0332b0-a80d-4902-b7e9-8415a969e4f5, 634,776,164,Avi
9e75365c-4f70-4108-8d8b-a855fa9a87db, 778,268,213,Avi
d72d43d8-1c73-4661-9a6b-2daf63bd479d, 978,16,247,Avi
a46542da-e5b4-488f-b5ee-0c852330724e, 388,709,619,Avi
f3252948-74af-41b4-9ec0-ba9d74fa7f9d, 762,892,629,Avi
b82b3be8-af55-468c-b020-16b81664442c, 498,452,594,Avi
d6ad8571-e0bb-4372-b60a-f7ed9b793d8a, 217,481,140,Avi
5539c7e7-99af-45ef-ba2b-04547e86349f, 987,301,52,Avi
50f62016-f6c7-41bc-8e28-7baa6dbae468, 587,723,230,Avi
46de8f79-2d97-4979-a0f2-ab56466d03e2, 256,535,534,Avi
b7080fdd-c467-4b90-9b75-c71755a4a23f, 992,62,410,Avi
73994fb8-9fd5-4490-8fdd-e0dfd86a776a, 5,584,96,Avi
8e7ee44d-6584-452f-8d94-9e0eb483254a, 948,823,63,Avi
c854b60b-2cc9-454b-90cc-e8708372b719, 902,783,873,Avi
4826f9b0-642f-4836-87d0-5fb4fe1d9d66, 428,139,772,Avi
1fcb47c4-b23a-4025-9abf-9dfa0a73bccd, 985,147,60,Avi
31679f0e-0062-41a8-b74e-e518550af1d1, 222,86,69,Avi
18e065be-e5f0-48f8-816c-93121d5e2b53, 469,16,512,Avi
d2d4a9e4-a25e-43b2-a057-f0ffad629912, 348,646,476,Avi
9bd35aed-7e52-432e-be59-a59b877ceb2e, 113,191,543,Avi
52090bbe-e064-4176-bfb0-187429db9f8f, 981,722,480,Avi
f91d0301-79e7-482e-87a1-fef40be5c38b, 711,394,647,Avi
7c427edb-8baf-46f4-b8a6-0f5048597140, 210,758,309,Avi
e48738ea-a0d6-43ac-a327-79e39003a8fb, 534,548,627,Avi
28f0cab9-f893-43ea-bf17-e879e02ec4f7, 532,313,697,Avi
ac560566-f2a2-4eb4-a08e-40e86e3dda87, 266,559,162,Avi
5550f111-c06e-4a28-a960-57db65af869b, 278,600,577,Avi
051ae07c-3da8-4364-bace-ffa1328d2b58, 171,35,450,Avi
4a00296a-ceec-49ee-831f-8f1dde58a7d1, 466,524,46,Avi
fffd5498-c7c1-4b53-bc0a-be29ed417db4, 896,656,937,Avi
ebd7c086-c648-4eab-adbd-c778c6d74cf9, 619,836,633,Avi
742449c5-ab72-4bfa-a5dc-fb8747c3f27d, 518,920,61,Avi
78513b27-4b69-4f84-9df3-54ecfd5fafc6, 393,716,744,Avi
73ac7bf3-f6a8-480d-a168-c61dde722988, 125,776,387,Avi
5e189581-feeb-409a-83b8-96c10c79c0ad, 749,687,536,Avi
e01e5078-4414-4549-8aae-aa57b5fcaf67, 440,936,702,Avi
40a6f209-b2dd-43e5-bd87-e0dea74dc80d, 814,82,87,Avi
55cbcf7c-0ac7-42e1-aa41-04e6983775ee, 314,833,589,Avi
ba97f575-ff45-4a46-9b6e-f9244cfa80ef, 965,810,688,Avi
e8b3f905-5c9d-45aa-a565-a1e1c29eeaa7, 31,246,869,Avi
122daecb-41da-42c2-93fe-f21ab6d1d5a4, 602,312,103,Avi
5fa233be-86ce-4bfb-a034-3d84fc47d8bb, 371,913,711,Avi
1da4b4ce-3bf0-474c-98e6-e0bd2f3da430, 993,15,392,Avi
ea66fc29-54b5-4969-b082-c13de85b8e11, 637,871,841,Avi
37c6552b-2583-4cf4-a6c1-320bedd5dcfd, 417,153,823,Avi
333e41af-ff4d-408e-bc92-ca719b4f000f, 190,420,346,Avi
596531ba-187e-48d6-9b48-c4be847a02ca, 912,27,587,Avi
696778b2-d87b-4121-a03d-99f20342a56f, 343,83,574,Avi
b3fa1625-4b43-4aff-9255-b11b6237ea72, 850,305,3,Avi
1d2e1f88-945c-4da5-b05e-02c16aa31942, 44,552,110,Avi
3577b829-9e68-45dd-bce2-b8b5ff84a61f, 371,363,471,Avi
0cdbf5b5-75ee-4e6e-b14d-ee5e4efc7656, 874,522,464,Avi
d33815ca-1689-4c22-8cc9-09cdc1fa48e7, 285,379,772,Avi
f521c3d3-4591-4fbd-be07-b31813a41213, 824,445,921,Avi
7b0ae9f9-854a-4302-bc84-071874c19f37, 311,177,209,Avi
52c18a1c-e8d7-4d85-b6fc-ddfdf81f7353, 245,896,681,Avi
f231eea3-317e-43ab-a68b-480c638bf52b, 765,775,391,Avi
e5416314-8ad2-406c-9fca-7eef9f1aec39, 342,117,219,Avi
9fa98f70-49d8-47f1-88c3-a5a42f36659b, 282,259,229,Avi
88b66533-83bf-437d-b4f0-a1bb73460208, 527,519,609,Avi
819a7827-6dfa-4111-a7ad-0d7b0fe4f9ea, 708,950,462,Avi
c1a30aeb-682c-45d2-9a43-9a992a6ead08, 282,267,509,Avi
3a1c7dc1-83ae-4f9f-92a4-4ea946833ea1, 371,542,629,Avi
dfb94f0d-ac19-4c6f-b500-1d31f188a0e1, 359,904,41,Avi
22965381-85ee-4909-babd-186d0895d79f, 573,88,580,Avi
bc91213e-25ae-4ab2-97f8-b00ad8d63084, 664,33,905,Avi
f450ebc0-9427-4543-ab55-921c09315644, 365,606,408,Avi
665aa9ab-200f-4d3b-bff9-2cfb3bfe0c42, 321,278,775,Avi
faf14665-e2a8-4ae7-8174-df237c65b7f0, 718,29,246,Avi
d78ec16b-cb8e-45ed-8a44-2b4403e5b755, 252,592,264,Avi
d783fe07-9997-41de-8629-3c3b10ee46d9, 235,756,858,Avi
fce6d49e-713b-40fc-98f7-a07e7551a20f, 164,117,494,Avi
472d2ec7-e11c-45b9-ad1e-e09bd1b39ce2, 460,29,909,Avi
cf44692b-d32d-4187-9b83-33785fe536f2, 699,872,354,Avi
7c2410f8-93d7-48f2-a0eb-7ec3dc60855e, 52,406,869,Avi
ae039849-c7d9-40f5-a470-d0491d9aaa42, 350,768,30,Avi
d4f49615-9977-4ed8-9e5a-24a973a60508, 638,617,227,Avi
76fbbf8b-621d-4adf-965c-c8848823dd21, 323,162,912,Avi
babbde00-4ad0-402d-8c29-0a45187bfa5a, 201,388,672,Avi
54f92d57-086f-4936-9013-edb0617f9ef9, 685,563,238,Avi
ab7ab515-5a16-4067-8132-4b9ea8a9f8dc, 263,119,949,Avi
9b66ebdd-3f64-4c9e-b548-02b7fa5204c3, 366,124,148,Avi
9f6d7fcc-be8e-45f3-a02f-dd81f4fb23f1, 181,410,970,Avi
1d3d84a5-0b20-456a-8ec9-cb091ce54d7a, 87,204,4,Avi
6537f393-12bf-47c8-a7e2-ae4dca4e3b5b, 994,665,732,Avi
a97f806b-d95f-4105-b818-0949996be8a9, 54,269,871,Avi
0e1cc6fd-fb6b-4f81-9666-64d44d6635ec, 904,368,259,Avi
433ed4d0-29dc-46dc-a459-5fa6e6d1f94d, 217,613,973,Avi
6a1e1373-e3f7-4dae-a6ad-941750803f65, 37,911,594,Avi
cb76e2c9-3e4d-4793-a1c7-457a06fd9fb9, 945,961,727,Avi
e47dbc01-cfda-4ed0-85ae-440211b87bd9, 820,774,465,Avi
741e461b-bff1-4343-9391-c7e293658ef1, 671,437,753,Avi
d7f19f66-5636-4d78-a6d8-43e76507509c, 404,685,282,Avi
7c208b01-d0be-4d1d-a0b5-d072c00efce8, 722,169,359,Avi
d4192c01-b30c-478c-939b-c05de7c30e95, 58,551,413,Avi
9bf937fb-2b58-4970-9546-f92f02f9bfcf, 223,328,496,Avi
546dfbee-a86d-458b-8c91-4400dcc138e4, 180,147,120,Avi
9692a59b-a010-4bea-b67f-936e507b26bb, 800,779,195,Avi
e764a31e-7a48-48af-9976-810a9d6cff37, 977,46,505,Avi
44aea762-8b8b-46aa-be65-c5ea64578d50, 974,330,212,Avi
0dc1d41f-3f7c-4d52-b481-f7961c25dbae, 552,235,447,Avi
2deb247b-e7a8-4033-83cf-1a7b4db64ee4, 243,266,428,Avi
1110d175-e706-41fb-a063-9060137b41ee, 538,323,228,Avi
4784e64b-220c-46d6-9d71-c7fc61d5cc40, 978,649,583,Avi
7c558a71-cc3a-45e3-ba51-b1f286c62605, 589,183,199,Avi
984e2bdb-9d2e-46c9-a7d2-3731f27a8ac6, 899,159,62,Avi
7d3a6fe5-a46e-40e8-81f9-8530a922cbe3, 560,812,584,Avi
df42e211-770c-4197-abfb-b1e90a330e2b, 99,765,815,Avi
a1b98819-bb59-4e8b-bd6b-6561821ddd49, 608,20,994,Avi
88b653cf-378d-4710-b6ea-7bc012c099c2, 270,693,391,Avi
3c774df2-0c1a-4c3c-a7a8-4846c46f1e15, 248,428,356,Avi
ceb43fbd-9cfa-4f31-a7e8-1117c734c2d0, 71,170,933,Avi
ef6d54fa-b533-4576-bdbf-a565129660de, 911,814,286,Avi
7e9f6cf4-e2dc-4563-948e-4e79d835a0ca, 983,684,5,Avi
5534ed92-af7b-40c2-bf8c-45629ed3731c, 269,201,496,Avi
193eafc0-ec3c-4e95-af33-f874bbd73363, 535,212,596,Avi
9df84636-0c98-47bb-bda0-a25d15492ce9, 995,79,885,Avi
8c9dc0c0-7c77-4691-bcba-623d590f9bc0, 444,414,516,Avi
add55714-13dd-47dc-b2cb-364de4580a26, 627,454,468,Avi
5a7764a4-5650-4a22-ab8e-7096274a13de, 630,633,247,Avi
b2c4d51e-c8f6-4421-b0cf-517014d03005, 433,269,629,Avi
15c7e1fb-8207-411d-bedd-e3a687afa2f7, 835,730,222,Avi
f451ffd6-4894-4931-88a2-9523c20520f2, 227,518,13,Avi
25c895d8-dfa5-45da-91fa-9d77fc58159d, 265,987,344,Avi
f7b4799d-b703-422c-823a-2e30ed6f73be, 774,575,128,Avi
1be6b7a4-fb1c-4057-bcd4-53a3037c48b9, 579,829,565,Avi
b11cf794-6dd1-4b34-b06f-3d89d519579f, 319,73,806,Avi
33c187ba-5d9f-4589-9b01-8c269fff7ac1, 398,274,614,Avi
f02949e1-9735-4e2f-aac3-307eefb0b4c0, 505,803,14,Avi
39207f5c-f94e-4541-bbf6-92a25135b2f9, 838,442,715,Avi
dccf9bca-f9f7-4b80-8487-e175e7d75cec, 465,281,181,Avi
6fff63ae-1bb6-4cdc-9060-ec2c607dab38, 40,551,416,Avi
5c0ecae5-c04f-44e7-ae14-1f0583c904f6, 375,432,470,Avi
b8e87761-786b-4efa-9ca6-e49a3040e82e, 275,309,692,Avi
82540a86-3c0f-4a01-82bc-08bf44cd0e14, 583,730,91,Avi
42b6987b-d0de-4394-97e8-9ab77d5c607a, 542,668,838,Avi
04fd03c0-ee63-4e06-81ac-e9f2562fa0e7, 388,48,624,Avi
7b509b7f-20c1-43da-9114-46f07112800c, 902,312,560,Avi
83af6b4b-cc7d-4025-9411-fccea426e8c7, 439,36,993,Avi
6144f968-2426-4030-9a26-e499a5a2b114, 15,331,925,Avi
f3208d2b-aa4c-4cca-bd14-9fbf8c69b675, 208,388,77,Avi
d5eaf3e6-c5a1-4e8b-9b94-c0e926ee24c3, 297,799,706,Avi
3c901667-fa28-42b3-af41-f20a6368ce3b, 163,735,25,Avi
a57015ff-f295-4a2d-9c0d-e36e424115bc, 711,205,398,Avi
a08491e8-c60e-4a4d-8bc3-7ee5660cc808, 95,44,763,Avi
632e5ff9-08ad-40c3-a35e-7a8260686589, 114,813,542,Avi
1845bfcb-788a-473d-bbc0-2ad93cc5c769, 524,961,136,Avi
9e2500bf-cde7-41ba-8897-64d31e461fde, 175,450,395,Avi
35878bfc-4810-4fb6-9994-e19556506f35, 91,562,968,Avi
f56f7270-7f88-405a-88e3-095380ee73b3, 619,599,515,Avi
0e1d53fa-d0e0-4aee-b018-cb8e5f378e93, 421,360,101,Avi
2f130bff-47b1-4970-823f-148c646a09ab, 543,68,919,Avi
f032d978-39cc-4349-9a0b-0f3dac648745, 616,287,930,Avi
1a42fd01-1a9f-4429-a5c2-3e30c1972d8f, 383,379,931,Avi
ec12edda-90e5-4cf5-a994-95c311e70993, 813,676,842,Avi
cc217eab-45c8-49cc-bca2-0dc4a3cab1ad, 227,807,268,Avi
74b584bb-efac-4446-97bd-a4805e96ada4, 795,325,222,Avi
524dcded-c763-408a-bf76-cf2bf272ed47, 451,489,369,Avi
ae27620a-37c4-4b21-9831-f4cbd44b22f3, 790,33,936,Avi
55d220a3-2b6d-441c-af99-9f4675732733, 680,206,237,Avi
884e0e4a-9825-44eb-913a-6cb55c98b8f8, 737,542,137,Avi
83e92477-6180-4f0e-97ee-9c5cf1765fe3, 509,290,843,Avi
8b515fd1-f051-4f70-8542-de9e4eb9cf18, 297,551,975,Avi
8ee290c1-8f8b-4b73-8193-6bae0b589599, 843,497,527,Avi
e20782a2-7b65-4604-a1e5-47e6076744e5, 611,142,583,Avi
e0d08e4b-4f75-4f4b-bc6e-ec5bc7ff413d, 203,361,773,Avi
6e4c008f-1fe1-4ab3-82c7-11c64d899341, 551,863,754,Avi
06f250e5-2aa1-40c2-add8-52490afac5f4, 700,822,274,Avi
81869406-2ed2-4c39-ae15-dbd9cb615907, 294,968,869,Avi
07dbafd7-56b9-45d6-b7e2-f7515c6720cf, 731,752,36,Avi
c3ea0f43-8604-4982-af01-61994614e5ac, 982,934,81,Avi
993063de-145e-4f31-bc2e-0df9d304f456, 693,645,835,Avi
5654366e-e7dc-4201-8c2e-1d8467221a5f, 795,305,386,Avi
ad950a6a-5cc4-4b19-a087-2309d76578ea, 997,928,257,Avi
e752f66b-e7d1-46cb-b79c-8588542e9700, 292,951,827,Avi
d031f4be-e633-42d0-aef4-7c43f137966d, 693,839,348,Avi
aeac6eb9-b885-47b4-bc51-cb75b695ee0c, 784,587,670,Avi
e5225de1-4ed7-4cb4-ae41-6d6670cec1e6, 163,130,341,Avi
c7212c8b-a5cd-48ff-a0a7-89bcc4e82891, 482,38,718,Avi
2330b815-a5c1-4081-a805-6637553ec86d, 861,215,320,Avi
0920d19a-4279-40d4-9d59-5be800bafefd, 973,565,797,Avi
b2a09f57-0594-48e5-8d84-7b8b734385eb, 940,859,561,Avi
ab0322b1-3800-4607-9942-dc745f66b054, 446,916,496,Avi
b4b88606-1112-4b8a-b19f-d51eb0e34e25, 747,407,57,Avi
9048d190-25f6-4208-b5bb-d5123b266f19, 388,553,934,Avi
7d493799-3707-49ad-9757-c322388dc1d3, 497,409,870,Avi
e6cc4451-12c0-4879-82fa-63373c32556b, 446,599,130,Avi
abd987eb-4ae6-4ea4-a19c-d0c53d3d3dc6, 522,945,165,Avi
0636cec1-7f1e-4c21-9b00-4ca556da91e3, 364,819,805,Avi
39831bd0-ba1d-41bb-ac7e-aa2effd63ffe, 738,212,607,Avi
596f4b8f-7d6c-4f0d-8bd6-f0fefdc86800, 117,932,90,Avi
8612526b-4e69-458a-8024-df7ea548ec32, 66,25,363,Avi
f0e59faf-72fc-46bf-bae4-d12ef6bb1ca0, 458,351,93,Avi
8ccd018f-bb96-480a-900b-9032ed29fc56, 267,248,921,Avi
90f09ddc-b0fc-4874-9230-48098c88a9dd, 851,37,181,Avi
30a13763-3e84-4f3b-bc39-8475d3a57dd9, 614,774,576,Avi
a85eb283-07bd-49de-b164-06289106e0b2, 406,983,627,Avi
82e85093-9099-43a3-9622-e5fc7d335401, 847,416,614,Avi
53b0d9c6-00ad-48c8-8b46-a4121662647c, 191,452,618,Avi
c39d2463-515c-4ed1-9e6f-39f87908f86a, 632,577,41,Avi
91807360-5277-4516-9e36-93c9ffcc698d, 755,706,705,Avi
f2b442ad-7242-4ec5-bd3d-8e6b5e415a21, 887,631,473,Avi
08fdc650-e393-4c10-9cb7-345b35e7e5ac, 965,322,528,Avi
a7672f46-5e73-491e-affc-02f0939a0d47, 571,40,58,Avi
6162c9ee-2799-41d0-9928-ace854478fae, 777,180,352,Avi
a0c7f901-b1d6-4fb2-b7f6-9c57506b73dc, 208,669,908,Avi
5c9e4208-66cc-4dd1-996a-a21aadaa409f, 983,748,45,Avi
15489fb1-f47e-452f-bebb-f120d25f7837, 230,333,227,Avi
737abb44-efb9-4e4e-ad36-b81de3bcb977, 978,268,517,Avi
f82356a2-ef5d-4579-8921-d8bd2bc8bfa8, 474,874,572,Avi
28e9c2bc-c503-404d-b7a0-b7da192c3c57, 743,824,773,Avi
d381c50a-ab87-457c-b09c-329eaa65d846, 52,510,540,Avi
9ffe6bb1-b887-4052-94a3-0af2fe599a96, 216,963,405,Avi
6d0d27cf-1b17-45e0-8a8c-667ea89d425e, 707,648,453,Avi
1ca7521b-3fa2-4286-a1ae-a783ed629bea, 48,834,944,Avi
6e992f43-8a2f-4cfd-929b-50d60fec82b4, 570,70,237,Avi
8854bd1e-f187-45e6-9039-1f953527224c, 263,981,781,Avi
a77f0d3b-6b10-409f-a5f7-07eeddce298b, 708,648,827,Avi
37e37728-93a1-473c-8591-fce17a7821e9, 994,525,374,Avi
8767601e-3f68-4d19-9052-e657602bd9fc, 479,907,363,Avi
af88833a-6f23-402d-b0eb-b00974f4a1a9, 955,491,446,Avi
e39893f6-1723-40ab-adec-1490d3dd542b, 955,826,214,Avi
17b18e05-0a6c-457d-93b0-0bc3664ef182, 284,726,668,Avi
91a90b94-fb0a-4b05-8287-e02bbe769d14, 811,990,705,Avi
8d023cbf-25a4-4cab-be18-986620917fe6, 504,277,100,Avi
483accaa-8340-47e1-908d-d09ec038fd4b, 591,182,498,Avi
73ab8e43-1718-479c-9c59-043c2250d64c, 282,409,198,Avi
07369931-7ae6-449c-8ac7-367b723908d7, 281,212,892,Avi
b22ca499-bdb1-4615-b3cf-355466208142, 789,35,177,Avi
27ed4d8f-7702-4cbc-a708-3117608e8787, 944,57,983,Avi
0b0a6aab-49a2-4d35-8358-01a9e1755feb, 166,736,57,Avi
07b3b874-f494-4ce2-8f52-aee5d1e34dc3, 43,750,157,Avi
b18e4745-8eac-48fe-a286-1e7a8b1f904d, 7,91,8,Avi
13734ea5-1d10-493e-a29f-7943f34925a5, 730,286,343,Avi
db5c28d7-e519-426d-8693-96531bd427a5, 568,451,990,Avi
8cc41c4e-d0be-4dc3-8b76-640e8fd08804, 77,205,372,Avi
7c441cac-9b46-4db6-921c-749232f97415, 727,403,343,Avi
c2917d0e-4f24-49fe-b830-9429c9a5b194, 875,197,498,Avi
75340ec3-d5c4-4a57-a62c-b719937b4bf2, 166,675,280,Avi
56efd15d-3a80-4fc0-a5d9-74514984ad9e, 553,167,791,Avi
e9893ee3-ee1f-4886-9bb2-d4e478cbe666, 37,339,669,Avi
779f7d8d-17fc-41b9-8d63-77ac4471c499, 683,645,255,Avi
13f24c83-b795-45c7-9b43-3a408b58e16a, 649,461,525,Avi
417a1d0e-f144-43f1-ba3c-ddb6b079886d, 942,584,92,Avi
9d7ec5aa-79e2-4e6a-9b1f-19833acf3e7f, 490,550,124,Avi
741f86ba-2daf-4dfb-9e70-0d5cdd17be3a, 853,712,759,Avi
56dca416-768d-4904-a27a-8784aa347cde, 901,712,829,Avi
8b06d3a3-9f45-4d5b-adfb-003f107bee4c, 804,217,652,Avi
73d436d9-b9ad-4d18-b6a2-1298d93ad997, 640,289,539,Avi
3974ab58-9673-4245-986f-9b6f024b3f70, 557,876,76,Avi
c4b8fc9c-ad53-48b8-be48-001a2775f72f, 876,453,923,Avi
14d600f6-1345-480c-ad29-4ff954b47ea9, 215,693,945,Avi
11d0d6d8-e1f8-4e25-a769-bcbfe5df7b57, 673,883,805,Avi
c544912c-4d84-464c-a695-cd247f07a21e, 735,427,742,Avi
1ecf121a-dd7c-4362-9611-4ceeeb5bbf16, 845,784,817,Avi
1f828d1b-d5e1-436d-a831-38f4269bb37b, 252,385,645,Avi
7329846b-18b5-4cae-bebc-0cc2095f0e34, 374,311,962,Avi
b517e2a9-4c05-4d56-8d4d-418ee0b50d31, 519,651,453,Avi
5b0bebcf-1a62-4c69-b1cb-7d1aa5bafda1, 961,232,123,Avi
2f33480a-508f-453e-ad21-bb50f1442930, 17,43,356,Avi
c34be6be-93a3-40e5-b01a-a3169a0e6e0d, 714,92,584,Avi
d50ef5dc-d813-492c-86f4-c9821ecf4df4, 449,66,132,Avi
36455cb9-783f-4d8e-a76d-00bca5aa8961, 167,276,856,Avi
f8c4877d-4421-4ec6-94cf-d87e7791fb59, 177,181,827,Avi
bc7a802e-50d3-40ad-919f-f214fe583dd7, 953,166,286,Avi
c9171128-e66b-4d2a-8b5a-08ff2a7863ae, 87,958,431,Avi
fa9e4b3f-7966-4e26-a743-1e19e66db66c, 834,389,902,Avi
cfa99c09-cc97-4d19-b77e-a383c8ce2b49, 893,183,566,Avi
76a1abdf-4b72-4d6f-83a9-10cbeb07bb64, 113,357,801,Avi
9f7152d7-173e-4e1f-83f2-892497df112c, 471,253,462,Avi
5e8080ae-0f53-4b78-a650-dde62c18fcaf, 823,656,841,Avi
3e7fb38f-e67e-4e5f-8c31-79109573c091, 449,22,335,Avi
c5b5be36-dd57-43a1-ac02-57ed368936d1, 159,396,718,Avi
923e616b-2685-46b1-b358-faa7292ff008, 686,85,110,Avi
b9648698-8647-4666-8996-a819163a66ec, 788,198,130,Avi
40dfc3af-fc7a-4d3a-8ac3-6a49016184bf, 135,564,485,Avi
83275016-722e-45ab-a5b3-fa0320a701e3, 167,875,273,Avi
8e5483d1-4a6f-45a4-980e-ae8c6d0aa6b1, 690,182,653,Avi
25415034-fbef-4b31-8193-fc93777ea901, 452,820,907,Avi
2e0522d5-d222-4644-ab55-8fea60facec0, 19,336,708,Avi
3326cdd3-0b6a-4d50-9593-341451c2ad1f, 329,695,23,Avi
c3bfb710-bba8-42a7-a2e6-975d9c98a1be, 394,352,524,Avi
9441fb05-227e-4ffa-9717-124ebcbfd03d, 985,505,144,Avi
23d83b74-a381-4bba-a4dd-52db89f43211, 949,926,562,Avi
88e39cf2-4380-4e57-8014-dcc23a902424, 712,148,304,Avi
d762b1ab-caa8-4f44-9e39-cd00f40c8e33, 792,105,984,Avi
2b920c12-3a0d-4943-a760-62661fb8c60c, 436,977,792,Avi
3c3ea4a2-2e8e-4290-a630-96b22acb55d0, 316,304,376,Avi
e7564a54-da33-47f7-a7e9-b6db67191c79, 189,134,475,Avi
77e11802-8049-409d-8798-4ff2f269140d, 188,996,201,Avi
e1e97270-43de-4ec9-97e0-ad7807bfcc65, 426,140,60,Avi
e8b6e9cb-f0ac-4415-96ad-d301c03a5506, 11,357,388,Avi
21991ee1-5f61-4172-bf11-3578a6b5c73e, 88,394,844,Avi
1308579e-edcc-4948-9ec4-bb7d3f733664, 605,149,60,Avi
351306df-0eee-47d0-9c28-6a69f2ecc061, 342,216,947,Avi
2978945d-b784-4df3-98cd-b1f72a27458a, 710,976,34,Avi
9fe66bbd-5d88-4a74-82ad-3c0f4fec1c6b, 349,658,715,Avi
a8d4562a-859a-404d-b2fe-d95ce6c29c7e, 922,582,358,Avi
f04743ee-ae46-4c37-8d77-2931717cfd06, 914,14,392,Avi
a44ee3c7-857b-44af-b681-4cd13fc40bf5, 646,206,219,Avi
44f5eb5f-16da-4a2b-8306-8e5c6c018863, 50,797,508,Avi
7efaa3ec-3612-4219-af44-9b088c4efda9, 942,523,787,Avi
7c7c1418-764b-4e61-b31b-908721b34442, 502,701,790,Avi
7d9f46a5-e624-443b-9148-89e506bb3026, 914,705,709,Avi
14ef07d2-4343-4669-88f7-40126e4c3184, 140,830,828,Avi
ff0df700-8a5e-4cf1-83f0-8a35cd39a2c9, 732,973,88,Avi
aa663cf5-20b8-4652-bc2c-038694cf7c62, 428,478,156,Avi
5b968d09-ee86-4080-a0fb-0b00eb9c3e46, 441,837,338,Avi
b6310235-1b4a-4486-bc25-e5f93ad03011, 484,503,557,Avi
0c0e1d66-470a-4539-882c-a394c456a43e, 700,95,344,Avi
ad172a84-0e92-42e3-bab5-07f7a2d02230, 995,441,189,Avi
020aa2ef-be4a-4a6f-8051-e90dbef1fd56, 626,556,350,Avi
78f88ace-54c1-4a98-a9d0-3d238ec8e5c7, 551,398,692,Avi
8516128c-88f4-4277-a3b1-ba0b74a888b1, 160,208,275,Avi
bb0c2a68-165a-4870-bec7-8b59eebc6372, 243,434,951,Avi
62d62e8a-9a6d-4baa-8716-22c0b76ef168, 7,782,750,Avi
f2835e05-64c2-44d2-bf2f-9fde041b5bc3, 529,183,40,Avi
cedb860b-d3d9-4941-97dd-c104764026ff, 305,218,726,Avi
65c162a8-c88e-4c7a-b369-7c6c02333324, 63,608,958,Avi
875af4ba-f55e-4115-91aa-07c9965310c3, 170,458,21,Avi
a4863566-9d0b-4ae2-8b64-34ff33c6109d, 230,800,607,Avi
1cc5daad-f042-4e94-aeb2-b2f447412ae8, 446,918,265,Avi
36ca4f90-1658-448b-bba6-530093c7d9b4, 520,513,275,Avi
28beeb60-43c6-4e2f-b5fb-69fbdc541ac1, 478,182,575,Avi
cfde837d-be04-49de-9e7c-4bf0d49e1870, 395,268,270,Avi
85c70ae9-b5cb-4a4b-9173-80de95d64769, 879,198,404,Avi
42e20b8d-a65f-4470-9de9-a75e36fcf92b, 385,478,720,Avi
300aa3e8-c006-4eba-a874-0a370f72b4de, 805,172,911,Avi
700e3831-6743-4fc5-ae92-8c08ffb8c8cd, 304,690,223,Avi
e53c8d82-e528-447d-89f4-50469381b7ae, 462,563,946,Avi
3fe32338-e477-4bde-9411-5502d80f28bf, 391,382,938,Avi
9e529ad4-3614-4115-9fde-9bd93fb9dcd1, 671,928,407,Avi
823b7955-4b14-42a1-912a-269a3991f254, 667,795,514,Avi
6e142f26-f1c1-47fe-900c-c83abfb20432, 686,485,269,Avi
d4352b7f-07c9-460f-87aa-b1794a45cb2b, 476,51,2,Avi
dfe3a168-f79a-4ee2-95a5-31e69a67c5ec, 463,909,949,Avi
b1870d3f-2912-4ef7-856a-e02a1da302ca, 456,182,410,Avi
8b137961-867d-41af-acd0-b52f02fc36d4, 554,783,979,Avi
d310bf71-79f0-42a7-ae14-51f3d799afee, 299,424,628,Avi
21ca3bd4-ef50-4f42-8184-1899c9379d05, 695,142,228,Avi
a8879567-f544-4965-87b6-f285afd27025, 43,59,949,Avi
ef0d95af-de86-45b1-8754-b5b4b60a973c, 327,88,798,Avi
b11e60a9-e933-4d57-a96c-3d629e469ee5, 635,722,338,Avi
4e98871f-8ce4-456f-9884-fd2424d6ffea, 862,213,401,Avi
2ec543b5-92e4-4f5c-8576-f4d630255b66, 888,697,992,Avi
5467cdb9-3939-4a94-a367-262f250be0cd, 451,330,122,Avi
db7397c6-69ae-40b3-b55d-10c93b7a471d, 909,840,780,Avi
bcd4f0b5-8ddf-4690-9d71-d4f11e9f7d6d, 273,6,381,Avi
14036cea-bda2-40cc-a45f-a075db5feb1f, 537,835,597,Avi
38a5dafc-ba0f-4496-b53b-ede1b1982937, 958,372,505,Avi
62c77442-5bd1-48d3-8296-7adb87c4bb16, 777,971,653,Avi
f3192e06-1110-4671-9757-8e130c91b987, 287,644,426,Avi
2891fab6-b279-4902-9caa-f2846b995c9f, 319,149,962,Avi
66fd7717-c124-4f0e-b71e-0ae0b0b4d6b1, 202,826,187,Avi
c5ab4b9c-693a-4e5e-a5b6-68d760740c25, 611,593,968,Avi
9d8365ee-3c48-4fa7-b00e-f2196ac105e2, 10,664,86,Avi
308ad777-3e71-4bbe-8bff-286488b32924, 986,847,94,Avi
3fbab5c3-a581-44c1-8414-b61dd60fed4f, 507,784,301,Avi
49acc59a-56b0-4193-8903-41e69cf3cbe6, 447,768,54,Avi
62d74214-4e63-4548-8bab-94c3b29afecf, 568,789,251,Avi
ae79b23a-7a0d-4acc-8e2d-6cc9a9b804f0, 202,676,350,Avi
5d1f2b2d-1c50-4812-b3b7-a57df1bb8b31, 831,85,241,Avi
34088064-a053-404c-9205-db50407ebbcc, 746,602,54,Avi
9d886acd-4d74-4eb5-978f-0f0b307c88b1, 566,133,181,Avi
f6528b83-146e-4dd9-8a2b-96cad71eee6e, 159,708,14,Avi
3a405fb4-ea44-4dce-9a56-a9635c5c1ba8, 593,661,411,Avi
2e077e5c-349b-4f14-b467-92bc13fe7fc0, 412,527,171,Avi
a5e0724d-9f1c-4c9f-ab22-2d0e2d6af3d9, 511,971,524,Avi
ced1f7e7-c68b-44b5-b741-2273af4fec2c, 412,271,188,Avi
47c975bd-4eaa-4a39-bf10-a1ba2e8edc82, 353,839,875,Avi
4e0902ff-bc96-4c86-879d-54c0e02f85ae, 373,749,359,Avi
2f3acfd9-c040-40de-b726-7269f23db9dc, 711,998,151,Avi
3331c034-75eb-4b52-82d1-28ea8a75eae2, 836,778,509,Avi
3c074368-2f81-442c-ace7-5779377dbe4d, 727,262,63,Avi
13028a9c-8199-441e-b782-a8a7928dbb83, 33,420,714,Avi
5752f321-b9d0-4a25-897f-f14d622180ab, 912,349,76,Avi
ffbf35f2-3d05-4cc1-b192-f7f1edacdde4, 287,852,108,Avi
b8c24311-8822-47c5-84db-1c2224375d74, 641,156,262,Avi
e15cae55-f253-4009-833c-97537d02fae3, 81,689,704,Avi
bc3abd10-d9fb-47be-b3ec-30357c298730, 824,420,813,Avi
dfa5b404-2f8c-43b9-87a6-627eceff0cbc, 54,394,762,Avi
1b690921-758a-4e41-abdc-c81aae5a2c83, 177,194,382,Avi
76da883e-6d2f-47e9-a7c8-5b57076248ad, 821,446,708,Avi
b1cb1ba7-7234-40a5-b06f-b79a32d58aff, 862,756,881,Avi
fec409d0-e978-4935-b796-35758558cb60, 901,683,266,Avi
c6d6393a-32e0-4a91-abe2-e426c5985c62, 109,478,551,Avi
81cf9320-9377-4287-b951-46e20fa4797a, 808,499,920,Avi
7e30de31-11d6-4c82-abc5-9a7596bd22c0, 112,66,985,Avi
504d1df6-1828-400a-94ed-b097b8a3dbe0, 767,730,593,Avi
3d1d95ac-f73e-40f6-aa3d-de9c256731bf, 98,631,309,Avi
229666d4-77cf-4c8b-9741-b1dfe926b16d, 445,12,359,Avi
1520852b-b302-461e-b048-c341b84b33e8, 694,674,867,Avi
f1debe5d-c34a-4d3f-a4a2-c3add1a6465c, 299,854,227,Avi
71f69ec1-d95d-41d1-b75a-7fa3a33be870, 332,91,901,Avi
0f57ed7f-3fde-4149-bbd8-62422e699d8f, 366,423,97,Avi
a1a01709-3e2c-4ec8-8dc5-ef3445e7c183, 226,739,472,Avi
7114f934-a027-48c8-8cc0-a8219320030d, 995,970,212,Avi
cff19b69-c159-4cb1-bcfb-cce966f46c3f, 154,16,920,Avi
f616298a-48a0-4107-a48e-c52c3ef0778e, 891,940,328,Avi
9f8e36cc-231b-400a-96f5-4e7be00f8e70, 775,409,463,Avi
fbcfd8ee-cb26-47e8-9b25-a6213ccc5839, 787,723,814,Avi
34b6d9ce-375b-4231-befd-3f474c125705, 399,418,744,Avi
db0dc7b6-a681-4afa-a534-9ee3506e4eef, 523,207,10,Avi
d55c2827-13aa-432b-aff9-363262b59670, 397,808,622,Avi
688c96db-3c7e-4c5a-b94d-d22068c96ff0, 325,477,408,Avi
427821cb-eda9-4366-8494-2908ef637a6a, 19,744,642,Avi
4fecabb4-901c-4b93-b14d-9e8a9036587f, 889,542,989,Avi
89191033-be5c-47d1-a497-8beee11b66cf, 122,101,659,Avi
02876a76-7083-4923-91b9-8fc6d4ce07d5, 98,292,995,Avi
9f28e766-1c29-4fa1-a18c-ce94b9740953, 437,802,732,Avi
d01537d9-9ecf-4e5c-bd1f-f05cdcb6d7e8, 540,523,446,Avi
6aa27983-d2f9-4536-a6c6-51552f8fe645, 762,543,366,Avi
4e306ae6-173b-4e8a-b9af-3d89eab8d6d7, 88,965,6,Avi
5d2fbd14-b237-43a6-8c5c-68030beeaca4, 352,701,533,Avi
3b756220-b3ac-4258-a22d-750ef54ad093, 463,598,162,Avi
1af0daa0-8d20-4529-b371-3c8dfbfac213, 588,827,538,Avi
0f2c003f-3db8-42e9-af47-39aa9e295735, 513,872,197,Avi
6cdfbfd8-416f-4a27-96dc-9276d7f3b56f, 684,885,866,Avi
c138a6ba-3e9e-47cb-b5cb-015d39cbc279, 473,666,623,Avi
df33dbb1-add1-45d8-ba25-2d46047a430c, 155,302,126,Avi
033a2756-434a-4976-a823-2fb0921000f6, 748,86,404,Avi
f04a353d-d4fe-4750-a55b-e7fe8dbc0daf, 276,856,286,Avi
64906ce2-f6d7-43bd-870c-ffedef561b60, 177,561,932,Avi
65f94498-dc10-4dd8-ab5d-cfa67eccb51b, 42,930,777,Avi
e775a9fe-8572-4419-b5eb-8061c511683a, 636,538,839,Avi
e621f500-b1c8-495e-b4f0-e0b037d6952b, 456,658,502,Avi
be67cf58-683d-4148-a67e-e021c6b0efe6, 497,509,464,Avi
c644b91e-8ff1-4412-97e5-7290a992da21, 457,922,928,Avi
8c82085d-df18-437f-9e94-4740129417b2, 536,854,636,Avi
c85f761f-f5ea-48e2-a990-56638f2144ec, 579,290,876,Avi
5cb168af-7e4a-4f85-aaa6-30899c64bb70, 742,931,664,Avi
c61cdc13-ad51-4c87-a81d-f8c9135e6ef1, 878,602,616,Avi
47480726-569e-4769-bd56-6acbd30ebace, 130,187,740,Avi
9ff0f006-ee43-4193-8cba-6f5f06170ad0, 875,411,266,Avi
6a108f27-4cdf-44f2-b825-8c776543d867, 605,472,941,Avi
c590dbf5-b3b7-4964-a3c8-e6566911bc54, 418,48,347,Avi
11c9cb19-41f5-4da1-ae8c-752b21aca913, 27,17,8,Avi
b1db3d93-34c5-4249-b0f9-a01cc4258f05, 121,657,791,Avi
29f26029-8963-4ce5-a2be-60ac0ee8fb32, 661,291,162,Avi
3d3e5e31-2d71-4591-bf2e-0bd778853412, 474,738,3,Avi
787b6a3a-1836-4a44-ad9c-0ffa1414aec9, 648,597,272,Avi
b5b24d13-7497-4e16-9987-ccd5e7723514, 56,298,998,Avi
d26bfd48-684b-46f9-aba3-1b0cc9128800, 113,757,934,Avi
4259ae76-0dc7-4dc6-994b-1853f5525e57, 224,327,471,Avi
996e4cb2-2d58-4f5b-851f-4f296ce76e4b, 760,621,98,Avi
ca47e576-78f3-474a-85e0-ff8482c93214, 198,850,451,Avi
7b83c16f-d25a-4b38-9c4a-93574c030b3e, 985,119,806,Avi
35c21fc7-36b5-48c0-aaa5-9d122587f740, 289,552,273,Avi
5a548097-2046-416e-8cc1-ab8a5a1b8c6e, 869,622,275,Avi
a8901269-a813-4580-90dd-62ed1825eb14, 871,218,312,Avi
a9b201ab-72f0-46e7-aaff-66ed5e4fffd8, 454,654,448,Avi
a4d889ec-2bc8-48d5-b9b6-591fc35ba07a, 738,227,813,Avi
15f5d6d9-815a-4ea5-9402-926c57c1eb4d, 992,550,174,Avi
048f5cfe-1127-456b-b0f4-34e9eae1df0f, 942,305,290,Avi
e9afe1d6-43bc-4005-acc4-90a051922ffd, 412,802,689,Avi
aa6d7019-761d-441e-909f-90d247aa8325, 535,359,36,Avi
02f07001-e24b-472d-b3c8-f736df79277e, 694,464,440,Avi
8491a569-bbb9-4bc4-a61d-a4ad2c189dc7, 710,487,620,Avi
f2bdd33d-0322-4b5a-a706-a5a0dbf19144, 196,360,45,Avi
3fa65bcb-9f64-4e16-a076-4f2796dcf867, 998,185,674,Avi
210bada6-965b-45fd-a3ad-eee990274470, 723,241,539,Avi
dab5fab6-637e-4425-a527-8ed412cc163d, 623,769,671,Avi
c250d081-453c-4415-ae84-2b6c2ade1856, 24,23,395,Avi
cef9618d-1d49-4261-a926-9fb20d98b443, 283,204,301,Avi
1f2420a6-3256-436a-9ed7-8e4a33f60ab5, 277,44,812,Avi
92e216ce-9536-46b7-b65e-572ce67ef91b, 516,876,748,Avi
aacbae57-3578-404b-bedd-80a70d65b0f7, 583,335,264,Avi
83ec19f7-9a0c-402f-aa05-3453c35c462b, 239,178,753,Avi
65bd2add-876c-46e0-bc81-86770d7b3f45, 870,743,168,Avi
6cc9f33f-1b0b-4a43-8e48-d11a4459cfee, 826,543,866,Avi
0aa77358-c55d-4ff7-9c0f-3caec2c11f28, 768,993,365,Avi
fa5343b8-be43-49f2-b265-e3b3d1c15691, 499,219,65,Avi
8863c4ef-5274-416e-b5f6-410513d008e4, 750,787,34,Avi
347e2d11-e8be-4a30-9058-5cdf5fe01189, 19,511,336,Avi
ce724435-030d-41c6-8ea1-ef6a27e977ff, 640,411,260,Avi
5b76d7e7-0553-4d35-a576-5485b6b5d5fd, 140,433,443,Avi
f440481a-77b9-4a53-8c1b-ae57e04420d8, 807,678,482,Avi
dbf75eda-d94a-495a-8f5c-99f63a2a70e2, 296,416,849,Avi
3e72e4dd-ee5f-4926-9750-5e60bcb1a0a0, 411,484,63,Avi
a0fd7247-d2c4-4a4d-9825-a045c854c004, 785,751,27,Avi
e63e28d9-b6a7-4462-9edd-4ed7d578bf22, 504,196,479,Avi
55ece918-39c2-406e-981a-9699a9365a39, 528,514,210,Avi
379f6ac8-42f9-44d0-9185-d75eed3a41fb, 934,777,824,Avi
d83a7ccf-df02-4010-a5db-3d26abe5a675, 747,765,89,Avi
d1512ab4-f865-4ae5-b74e-7f2146af6a01, 715,565,822,Avi
6cd26106-b4d8-4aad-a212-4273247549fe, 926,598,765,Avi
62ba51d5-17f6-4e0e-9146-5988f86b443b, 493,731,310,Avi
eeebb105-3b27-4f14-b88b-755640f5676c, 723,20,863,Avi
120773dc-7fe4-4b28-a89f-701112ddbb57, 384,473,577,Avi
f73233c8-96ed-4f24-b4fa-c00dc07d8d57, 515,88,733,Avi
f8d5dcaa-c87c-43bd-a80d-6f1be6ffcf22, 3,964,37,Avi
7958cb15-8928-4a77-b4b6-778d62aa2344, 8,513,316,Avi
1a664e90-3f25-4868-93ba-f5230171b555, 856,113,896,Avi
a63615ac-6fe6-456b-a2e4-3e51a20d21ef, 51,204,654,Avi
bcf11063-f53e-4e1b-a516-ef7a60e9374c, 618,60,912,Avi
cf196d7e-9102-48e7-9f0c-0070d8fb84d9, 393,579,850,Avi
98ed3bf7-e76e-4158-9cf3-95385acafef6, 27,484,885,Avi
cfe90162-e3d0-4f5a-92cd-72d64bd1d978, 297,292,20,Avi
84d369c3-e36c-4c35-aca2-0744b39e82b6, 715,780,176,Avi
bd8821ad-f4b9-4ee4-9dca-0f2ffa0accd6, 615,144,41,Avi
f6d00ef5-3058-4b3a-8fa4-184253e26ab5, 631,419,689,Avi
296252a4-b188-41dd-9766-814713f92479, 91,745,800,Avi
35639d77-ab09-4e70-9fce-8c84a11e6455, 53,707,52,Avi
0ecac016-5427-4ff0-910c-e8694697ef1c, 507,71,486,Avi
6f464879-2d2e-4fec-a065-4428e7966871, 867,443,528,Avi
3146f93f-0f87-4f16-b13f-c327efb2440e, 654,105,958,Avi
0fb68f54-fa57-461f-97c2-9876fefda5fb, 950,989,892,Avi
9fc98e17-fdeb-4f1b-9d63-41901d740d31, 726,489,603,Avi
9763bbe1-f515-4e14-ace7-d21020c6520b, 847,704,672,Avi
79c06123-ba21-4663-8847-08313b4021ea, 17,291,732,Avi
aa8d59a0-d813-4aca-8002-e919dfa4b2aa, 140,241,967,Avi
db2044a5-61c9-4609-be4c-4d77648298fa, 856,419,784,Avi
9da50b06-65cc-46ac-bb1a-8a01fc3dbd60, 963,527,314,Avi
38f6fec4-0928-47f5-82f9-808a5fbdcb7e, 113,341,870,Avi
aba3d18b-d913-4d15-8c0b-5d038e24723c, 799,518,414,Avi
98ce2722-2f7c-4719-a56f-4069d8548f25, 399,428,847,Avi
9f0d6302-fed4-45d3-8a49-9e816509a6ea, 491,61,675,Avi
1beff727-0b3d-4780-8307-a3eb6bb1a49c, 217,663,153,Avi
5cdc6006-a737-480a-9958-535eb3de725e, 147,903,928,Avi
20e54126-becf-4391-ae42-598f3e6541f0, 87,243,41,Avi
0eedf42b-e493-41fe-b907-7406ef636732, 128,36,417,Avi
7d3fd489-7d2f-4a52-b32f-6e30b208e69a, 318,368,828,Avi
c1aa7202-5dbb-4d6f-a40c-c8b4fb166f11, 517,12,25,Avi
ae3b86c1-7dd3-4348-80a7-898418e26c65, 742,689,576,Avi
0acd443e-7c33-41e3-ba46-c9354250ac02, 645,838,649,Avi
637647c3-07cd-4fb9-9dbe-7e641ed558c0, 22,926,969,Avi
52ec38b1-92a2-4fb2-b369-ffb3e812e5de, 190,448,277,Avi
a9c9f17f-0b6f-41b9-ac77-cc3e8f698b97, 823,525,231,Avi
65bf77b6-4033-4828-a077-d5bd3c2da5e6, 57,922,577,Avi
6bc5147f-fc9a-4007-9182-38b9e7e463df, 815,709,514,Avi
1b905412-3f53-426f-8d93-bc8e6b7eb37d, 854,877,285,Avi
085746cf-0295-40ca-aba9-d9581107d7d8, 274,983,305,Avi
8201d76d-aab0-4ccf-af46-45fd9ace1fb7, 454,481,151,Avi
8c7ce53d-396d-4e55-910b-90a31c67db0f, 584,880,417,Avi
c344ca04-105a-4b9c-b797-021cbd6ea7fa, 823,748,371,Avi
fc36453b-485b-44ef-b8fc-c8e7e6a23a2d, 100,570,824,Avi
80893446-2ffe-487b-a5ab-ce520c142787, 503,126,976,Avi
8337dfc4-d7a0-4410-8deb-58cc95e8b76b, 958,896,794,Avi
6fb0b8a0-4077-4cc1-9467-a38f40256a9f, 763,304,510,Avi
8a3e096c-04c2-4afe-8318-9919da8e236f, 187,262,444,Avi
ee75205a-bef8-4dca-879a-3658643852cd, 252,701,302,Avi
727b7a9f-e97b-406b-85ee-8c3580f6eeb5, 509,886,811,Avi
a40d5cdc-b7d2-47a0-a42e-bc55978c5993, 292,372,853,Avi
77aad98f-83fc-4dcd-b20e-6399e3a4901a, 344,567,446,Avi
24788e5c-e4e3-463f-8708-6c10541e7c61, 818,604,566,Avi
b475299a-8511-4e5d-b57e-c6e6865eb709, 858,998,775,Avi
11d4d7d6-b9f8-4f50-b85b-89264c7259d9, 859,956,352,Avi
b1e6cbce-a495-489c-8768-8cb742086b57, 751,312,584,Avi
8d5d2ed6-15ce-44d6-9655-5f7c63608893, 537,895,979,Avi
9277c53e-ecdf-4cef-b04d-aa8aa6639a19, 489,509,680,Avi
39d25453-97ad-4a0b-a000-d380ea352a3a, 794,268,219,Avi
b87a5d00-9f65-498c-8f3c-d386d0d14ee5, 705,333,180,Avi
71cb7e66-1586-497c-a0be-b43d4d090781, 116,314,860,Avi
c33598f0-7fa6-4b53-97dc-893dada313e5, 558,806,199,Avi
446ea048-58f6-4c1a-af79-0547b164a99c, 970,160,557,Avi
0750234f-4a83-480a-b24e-7b67bd79f29b, 530,140,293,Avi
d2a0992f-db5a-4617-b0e9-2d161071b441, 228,903,304,Avi
65885ac3-d1ae-4231-9c60-2ab37620ee4a, 733,327,304,Avi
5764cd2f-1895-4cfd-8c0c-143d22c977c6, 93,500,389,Avi
8dd7c0cf-9e18-4b25-a735-a586647c6650, 716,971,990,Avi
00f3db16-2c18-4ead-b86b-6cda8cf7fb94, 831,801,861,Avi
55c68f50-62c6-4fc4-80d0-9f68dcc427c8, 174,548,299,Avi
975e3992-505f-4494-98e4-07cf80afe6db, 227,114,271,Avi
c3e26d71-e22a-4ca3-8703-ba2466eed2bf, 387,743,685,Avi
678fb77a-00d7-48f0-bac2-b8573b153d20, 914,301,150,Avi
4afdc090-b04a-4b72-9be2-325e24cf9960, 153,779,153,Avi
e3c7b58f-410a-4d7c-9a7b-90f8da5be8e1, 27,7,756,Avi
a27b618c-e764-46ab-8ec0-fab3d5c3823b, 686,262,604,Avi
3dd0c2bc-5028-4b8e-b8e1-0c2527524455, 377,61,940,Avi
dbaada02-093c-4c27-bbfa-b4107ea1019c, 914,613,832,Avi
354014ed-fa56-4b23-83b3-fe12cbd077db, 789,398,342,Avi
b5b3c813-e9d3-4d15-98a0-a5e4f46f981d, 869,725,5,Avi
043181db-b433-49bf-89e8-dd09244a8d21, 336,797,610,Avi
1d0abfa0-2c84-46f0-b446-b71820a595ab, 259,304,27,Avi
010fb947-6156-4274-8a47-df5f5464bb30, 22,840,160,Avi
8a9a94ad-f4fe-4d29-852f-6fa002734aee, 618,818,26,Avi
589b27ea-2423-43ff-a3ee-e224ab6dc5df, 155,938,719,Avi
42e47940-ede3-4f2c-9ae9-19479ec06186, 237,690,964,Avi
548e4e5f-ea99-46b3-896f-a192c885d37e, 234,145,540,Avi
046b290c-e735-49de-9a69-5ea5e0ed7ac4, 257,795,488,Avi
715aa7e5-fc84-4533-9bb7-860f192cbd6a, 358,312,499,Avi
8f73514b-2f57-46c0-ac35-115cd7d223b5, 438,596,346,Avi
febd784f-45fc-46b8-b989-a5b299cb4ee2, 343,46,574,Avi
8dc37a0a-3b18-4697-a288-395a6ed14c74, 145,815,981,Avi
d6aeb13c-d492-4a1d-b59d-51d2fe941ee1, 542,766,702,Avi
ef8b815a-e685-4e38-b671-4b0103fd734a, 730,664,420,Avi
75107a61-2a50-40f2-b63a-8b4e06554f8a, 445,758,242,Avi
63d5fa2d-918b-4f2d-b56d-8ed3265e450f, 915,760,673,Avi
8006a9f4-b76c-435c-9723-f92a1379498e, 114,552,706,Avi
ec9e6650-53cf-43b5-8e6c-28fc3da5cfdb, 376,635,580,Avi
2e54e9ae-bccc-4773-81d0-e2626878ad99, 464,80,2,Avi
80fa6870-990a-4236-b88d-25b92dca95fb, 122,900,991,Avi
c7d6efb2-115a-4ace-b492-573f8c7f9169, 526,583,244,Avi
adc43a7f-d22c-4ed9-addc-de6bbaeeee24, 812,275,773,Avi
9c64742d-f121-4d09-86b0-0ddba5ad652d, 450,10,123,Avi
62067f5e-c74e-4671-859f-7d5bfe16a852, 736,694,922,Avi
761b3ae9-99f2-4910-a9cd-cccfa8df0c07, 263,503,480,Avi
a484758c-b1e2-4fe8-9ea8-9972fe513e61, 120,811,38,Avi
de90f355-cbce-4199-9157-961ef8f9ce8c, 247,442,551,Avi
e3547f31-f655-419b-a335-7056cbe7e902, 825,324,44,Avi
befd0871-7b4d-4267-9275-6845b90b410a, 639,966,409,Avi
f1ced0df-571a-42b0-9344-c41c947d8d40, 992,680,736,Avi
a2900d3e-0831-49d0-95c0-e94feee38ecc, 980,420,865,Avi
19eca9bd-0550-4779-bb23-6b080086a666, 709,204,81,Avi
46a49092-74f4-43d6-aeed-6a45f02b1caa, 176,631,484,Avi
a39de013-a499-443a-aebe-5c1a17e8015e, 467,465,750,Avi
4f15fa9d-4cff-415e-a9c7-18d67a39da32, 551,377,857,Avi
d8ddca78-96d6-47e6-a786-e1757cfb10d3, 782,113,132,Avi
587904c3-4d32-4772-b205-5523e0abbbf1, 101,345,267,Avi
fd825e9b-115b-4376-9566-efbed8d290af, 962,874,459,Avi
a49e1b2e-6ced-49e1-8967-25d5e26a746d, 440,700,260,Avi
c86784fc-353d-4c4d-a8ad-693a6dac2280, 200,174,307,Avi
6ca667b6-4729-48a5-8c49-1c87c11620f8, 364,456,329,Avi
87a6e801-8cd6-4ef5-8fe3-c655d51fe92f, 385,754,274,Avi
b7f1bb03-7292-4416-9d36-75b7830c6904, 58,552,299,Avi
6e5d02cb-09b8-4fef-a3d9-bfb431e1de67, 399,942,181,Avi
ae557d94-59be-4cac-a29d-bc48d7e59ffa, 553,778,975,Avi
a3c21496-1831-49b2-9e6f-05b689fd1972, 799,275,946,Avi
3399a782-bf3b-410a-9525-af0db5cd8161, 186,856,853,Avi
67c2084d-5db8-45df-a396-d623465e189e, 277,892,336,Avi
3f211afa-1efe-4c46-acb1-9f5c2f0c1b95, 470,18,544,Avi
35698b74-4e55-4a26-9e0f-02d28abd7701, 407,270,503,Avi
588146a2-2a27-4740-84f5-b383d6f7e2d8, 820,975,457,Avi
c4bd9cbf-0314-40b2-b95f-da91c8891391, 177,104,10,Avi
91c40216-9827-4876-af8f-f96daa61c50b, 422,166,621,Avi
131f4bfa-5f48-45ae-9bfc-e472a92245d0, 583,725,559,Avi
c9769cb9-ce1b-480a-b01c-e67bb44ab330, 832,701,401,Avi
e88ccd2a-3f03-48d6-9cce-73d8b8cc8089, 87,410,97,Avi
983d004a-7266-4950-974f-183b13ab6559, 482,640,426,Avi
d5eb2c90-a843-475c-87b2-bf0ff43c6c0f, 312,15,317,Avi
582eb865-8dcf-4719-be06-e62692ed8043, 453,87,563,Avi
f80d8a2f-6867-408e-8def-20b2b822d1d5, 991,914,736,Avi
551e4546-4145-4a69-bbc7-b4097d90fc66, 729,650,283,Avi
f553e1d7-48d8-4b56-beb6-6dc9ed26cbf2, 795,577,966,Avi
27edd44d-e842-463f-a4af-a360a73ad711, 722,377,674,Avi
3615bb60-21ae-4aba-b47d-d2d70afaba22, 966,377,109,Avi
9e03748d-54d7-4017-9e1a-20df97124169, 326,601,132,Avi
76e0a7bf-5486-4184-90a7-8ed591ea3825, 295,444,191,Avi
1ef8463c-a1a8-46a9-87fb-51974b20d1de, 933,384,607,Avi
ad789dac-54a2-4973-a330-f44cbc5c8096, 448,923,628,Avi
3243a2c8-586f-4387-8b17-7396927de83c, 78,509,960,Avi
bd6b927f-212c-435c-b2cc-840a68f91f44, 141,723,17,Avi
fdfdd70d-9b85-43b5-a837-0bfaa9d81866, 445,429,250,Avi
52717724-4733-4af8-a853-b241e55fef4f, 883,853,75,Avi
db6f64e4-4ca8-4015-8b89-4432a6e167ba, 276,38,124,Avi
a9b66471-b4c7-417c-a967-813da6e4cf37, 433,363,33,Avi
441ef65d-5fe0-4561-a2ff-6ad330224c99, 421,515,263,Avi
b47b8165-1e7c-4a4c-a54a-9067a200423e, 317,984,412,Avi
29988965-3d1b-4b1a-9c8b-dbae2670a902, 186,158,642,Avi
161c5e14-f9bf-46ec-adef-a54743dfb5f7, 372,59,530,Avi
9d7defc0-dcf4-4ed4-a2d3-51d069b5d27a, 130,281,725,Avi
8efc44f9-4599-4501-82b5-3eec2dff756d, 654,717,69,Avi
1e6227be-0227-4936-9b52-979e98e35520, 7,581,653,Avi
a55c1f27-b8ef-46c2-a2e9-e988b906a825, 658,521,947,Avi
1a3019d4-e15b-4e28-900f-2a81ed35e7c0, 858,442,747,Avi
054fe8fd-ded0-4336-afe3-a35932a2af47, 57,19,407,Avi
bdc71b08-ff43-4693-8e47-853f3fd4f5d8, 67,501,21,Avi
0a383374-1d2b-42d0-a1f0-14266c6e515f, 574,27,409,Avi
23f32d08-16c0-4032-8560-a0de7a97116b, 365,759,523,Avi
c3dac057-59ff-4472-a05c-ddc9a6490c5d, 548,954,565,Avi
4ec040d7-2ed8-4a33-b52d-4994f98e0cbc, 374,74,371,Avi
1ddfef17-2785-4235-b47e-885f8209766b, 718,754,572,Avi
01f5edcb-2d2c-48c7-a87e-ca9ff023980f, 349,621,319,Avi
db8d2b12-cdf7-42e2-93d7-a73b540b8b1a, 56,427,781,Avi
1e670ad6-a120-458a-a029-82ad32ecbeb2, 379,762,992,Avi
7d0a907b-66ac-41e5-895e-b982f5304aae, 315,458,543,Avi
d240f43b-3977-42bb-bf06-80ff9a3532c7, 664,129,140,Avi
556b509a-a2ed-4d2a-b995-03fcd1a77682, 235,305,557,Avi
a9059174-15aa-441e-80d6-8344c46349d4, 510,554,254,Avi
c7c8b6f0-857e-4014-827d-e70b8caa041b, 317,289,956,Avi
2b81dc0e-b9ed-4800-bab9-5ea38d9466a3, 544,457,625,Avi
7cf067f9-d315-4db9-bbee-cb33d758554a, 88,285,448,Avi
133f33ab-6e47-4173-8aa2-933d83e15a20, 576,140,686,Avi
d9bc28a3-f74d-4307-9ab4-a443cf046510, 175,706,396,Avi
89a7229e-3665-4e42-88d1-2e15e0393075, 89,12,74,Avi
49d13abb-e906-49f8-b48d-9aa11ad27af7, 239,195,264,Avi
5522ee9e-8918-41dc-a20b-1d840df3d170, 415,50,302,Avi
4d68aa94-b957-4bf7-a84c-b5163ab9428c, 978,883,825,Avi
a8275309-aa83-438c-94c3-4dc2e630e079, 425,139,767,Avi
d080eb9e-f4d4-4db5-9d15-0d947be762e2, 813,209,200,Avi
dcef89a2-bcd5-481a-973a-18593f2e65a6, 318,33,333,Avi
15ae5cbf-2317-43af-af5d-790d6b0a9ef6, 361,510,969,Avi
