5f002e09-d10e-43c8-a58c-a424f3e0b6e9, 894,290,406,Yossi
5f08aec9-e455-4ad8-a4bc-01b3451c62ec, 408,206,450,Yossi
5267ca59-fd85-49ac-98aa-369d9bbd9444, 233,189,404,Yossi
014d5653-b19a-47fa-bb9b-30e8b1920aa8, 945,380,486,Yossi
cf44eb94-1e7c-4a08-97c8-d6c800c66b1b, 101,870,88,Yossi
54b5b1b0-64e6-4d84-81d7-a0bb30a0693e, 375,285,494,Yossi
9dbe526d-f9ac-4157-b459-2f789ded2307, 1,701,424,Yossi
ba1d00eb-6d76-41af-8869-51571c4c3509, 44,391,446,Yossi
daa8ccb7-9825-4f28-a6c6-7c72f2de01ce, 256,916,637,Yossi
68738984-6e8d-4e3a-b0eb-58be27028b95, 537,672,908,Yossi
bed3aa94-f349-45f8-80fd-88ce9529d888, 465,338,694,Yossi
d2cfa680-7253-4acb-80d6-4c9b1395b3de, 200,387,549,Yossi
03fecf50-543a-4931-a486-9b6fc7bf4294, 255,657,83,Yossi
86a13dbb-1261-42ca-bcb1-2372c6c1ad4a, 990,998,160,Yossi
59307649-25bc-47aa-9e47-2b31b1128755, 956,518,688,Yossi
911a5afd-9f13-4be3-aed3-557180bc1a6a, 713,148,395,Yossi
73cdf5be-f8c0-4f6b-98ce-e499fce39133, 137,52,786,Yossi
4736444d-8cc0-4021-9cab-880ee8f8d591, 682,233,198,Yossi
a88c42cd-01cf-48c1-b326-56d37078f199, 907,851,897,Yossi
b7f88b97-bc6e-4325-bc2a-218e47e2d176, 959,153,288,Yossi
0f3bd4c7-85b0-4e8d-bdf8-af653de0603c, 812,695,516,Yossi
a3ac9cfb-3943-401d-8398-5afc8eefaaff, 495,481,42,Yossi
cc7bce14-955e-4092-8252-b11ca6cfc5a2, 790,900,483,Yossi
b67d12c3-8abd-47ab-91c0-718cbb753c18, 538,121,626,Yossi
4cbf4bb3-0d1d-4438-89a9-b599ce8f4a64, 412,10,702,Yossi
66447cee-1a32-458f-87cc-6aa5cec3fee7, 265,87,872,Yossi
7a91e71a-4fd9-4541-a524-b0ecca65ae9f, 756,541,768,Yossi
a2caced7-d170-41be-88b1-e3bdbced3a32, 242,400,620,Yossi
2081ce67-591b-43a7-bfb5-704feab8e920, 123,781,106,Yossi
e85a30b9-bbc2-4536-ba11-cc49c6c6d188, 496,292,535,Yossi
233b80e7-d6f6-4ab8-8faf-894a8491a147, 650,294,505,Yossi
ab21b938-ae2a-4e94-b8de-b87d15d5c8b0, 794,178,303,Yossi
73bf7610-0eee-4520-bdb9-78a0586690c1, 642,461,38,Yossi
46876481-991d-4048-82f6-25e5404e4b43, 647,922,247,Yossi
e6f9256b-834b-4949-bd98-a9400340f8a4, 911,598,930,Yossi
ab6d1623-fd8b-431b-ab23-89f4aa86ff69, 160,271,223,Yossi
2a561ee3-39ef-45b7-b9bc-c4a56a381ed5, 494,642,765,Yossi
acae40b6-6dfd-4675-842f-53cc51009569, 26,204,610,Yossi
43c4b6af-ee35-44c4-96e2-835cf1b44077, 518,571,295,Yossi
24c2bc92-5639-4c10-8bc1-257727c0b34a, 894,372,699,Yossi
077c5b11-6d6f-42b9-af36-fee2586663d9, 934,294,609,Yossi
c9c8e87a-eb64-4418-a5f5-177dd1f3a0e8, 947,886,825,Yossi
2d4f0c75-c432-480c-a9f4-ca6e70a88867, 122,617,830,Yossi
222ff6ec-f360-47b1-afc2-98bcd26cb0bf, 399,621,624,Yossi
220d0639-0ff2-42a9-b37e-cb7a32c9ff59, 835,109,618,Yossi
04fc6ca3-e1f6-4448-8827-491b056db37a, 522,329,801,Yossi
ecfe7738-abf3-426c-95bb-8e7221c73697, 689,962,510,Yossi
bf5f93cf-5f05-40b1-b6bd-dbbf50e9def6, 881,2,648,Yossi
a130c7c1-eece-4a24-80b5-d8df79679004, 769,624,91,Yossi
87599bdd-30f5-4bc0-8a7a-4212460b4c25, 893,276,605,Yossi
9f765b9b-851c-4d30-916a-5df87459f2cc, 9,747,90,Yossi
a2985595-c040-4177-8512-1ce1484a0fe1, 338,711,628,Yossi
39ffcd8a-e5b3-47a9-b22a-4a22908d1fd5, 636,963,710,Yossi
31404cc6-ed06-47b6-8bb4-8becc7ba0256, 105,39,653,Yossi
a1e18833-c8f3-4a73-9d50-1404e692237b, 392,96,22,Yossi
c91cbdbf-ffec-48ee-8ddd-645446359729, 141,190,95,Yossi
d3363ee6-d94e-4e68-a087-221fe26fc336, 991,994,242,Yossi
0bafa0df-48f4-4ad4-9b28-3df6ac48afec, 492,206,409,Yossi
84c384fe-5009-4183-9fd5-1705f4c54b54, 189,54,292,Yossi
d6b36c16-1598-4a2c-bf85-18396dedd04b, 960,179,262,Yossi
06b882ec-a804-4506-b4de-0db6e44d392b, 734,227,341,Yossi
cca198bb-c0c5-458a-a780-20ac4f42c55d, 225,391,873,Yossi
ca604469-e83b-4b11-9eeb-abfd26cfbba2, 534,498,397,Yossi
01a1cbd5-f910-4590-b3aa-c47d1f29a256, 989,884,365,Yossi
3e36b18c-225d-48f6-9152-72bd05c04265, 92,584,923,Yossi
7346e3db-6df6-407e-878a-45903656ab99, 856,490,905,Yossi
08535c14-a230-42b3-8e05-f05d2db27c11, 626,628,435,Yossi
97040cb6-f2b7-4aa6-bafe-78cd40f2db9f, 994,901,281,Yossi
2a0dc374-e332-430d-97f4-fb77572bad34, 364,515,542,Yossi
7f36efcb-1465-4a73-90ea-fe590e2a088e, 680,149,658,Yossi
4682dfd8-e118-425f-9ce8-6d9eb719e981, 336,675,785,Yossi
6fae12d1-41e9-410a-aca5-ebbe1fde3b71, 448,370,810,Yossi
f7950e81-b3b9-4a6b-b09d-951548e61feb, 312,167,703,Yossi
901b4b1a-517e-4665-9149-be2d2ae8484e, 148,605,690,Yossi
69875cbc-42a3-4f33-85a3-e6562396ae3b, 697,3,110,Yossi
af23efb4-cdbd-4332-80b6-62086011a367, 875,401,620,Yossi
41cdc7d8-b7ba-483c-83b8-deb811b6df18, 484,332,562,Yossi
a02fed36-20fb-460f-8b11-0efad0ece553, 385,334,549,Yossi
eb726e25-ded4-4613-8f49-7e99934a54c6, 825,738,325,Yossi
f01e4ab3-f269-421e-b3ce-4653d1d0fea1, 60,860,875,Yossi
acbce035-703a-4d7d-8d37-f5064b3b5080, 331,853,349,Yossi
9aa1f2dd-ae7b-4087-9c88-5cee6fd09abe, 737,653,210,Yossi
a5ea062f-4a1e-4242-b500-2b3d4341a4e6, 579,642,215,Yossi
a4c379bb-1c0b-4750-98c4-5f78182dcea5, 114,544,324,Yossi
2fe1dccc-4768-4def-9c7f-6a76c768f67a, 203,479,23,Yossi
9903317b-7990-4064-8e1c-af796531fd8d, 744,298,898,Yossi
23e1e199-b273-4db1-959f-b4867ea3f9de, 171,487,114,Yossi
0c83b10d-9080-4d33-9e99-12c1fbc29fdc, 920,196,816,Yossi
f68a7363-fec3-4132-9b99-d31e738ef964, 96,949,342,Yossi
57cf7e83-41d4-41cb-9d5c-0001cb5137de, 236,621,630,Yossi
2576e276-bd6b-49ed-855f-817d930d7dfb, 485,252,305,Yossi
5e4a2ad9-9a03-4acd-83d5-f355b55eb693, 827,815,750,Yossi
ef51fabd-46b1-4428-8102-fdf92de83b49, 342,958,348,Yossi
29a696f6-9470-4ff9-88f0-2d835109ef1b, 899,297,758,Yossi
ab6481e3-2b26-49d7-b038-4792b2d28fe6, 406,371,786,Yossi
c9f39587-079e-4b24-a04d-4f823c50c52f, 239,183,853,Yossi
5ce8e221-0864-42eb-80ec-b1c57ed47d64, 526,82,441,Yossi
f0e22639-bbee-4da1-b7ef-bdb09c8a0cd1, 425,888,374,Yossi
0b82d1ce-8190-45bf-a8ed-58de97876a15, 761,410,658,Yossi
7223b93e-4598-4937-a94b-869d97a6372b, 531,642,703,Yossi
b0a25ce6-e51b-4a73-928f-fc048e917d86, 866,343,21,Yossi
2eb9eb9e-2c21-41c6-9066-5a05fba542f7, 583,627,293,Yossi
0772dd7d-6500-4e09-8632-e259208e9e88, 19,375,663,Yossi
85968579-b5cc-42a4-8ae6-046938c90d50, 271,402,338,Yossi
ebc32f0b-865e-4ead-a55d-19f4bbea8ecd, 551,271,191,Yossi
797b09d2-93a8-464b-83c7-515fe8a6e247, 355,515,823,Yossi
1e7aa3a5-ab4b-49e3-bb0a-7daaab539ef1, 31,856,766,Yossi
500e172e-79fa-4540-acc0-345343054d36, 487,708,540,Yossi
996f9b1d-bec2-40f9-a7c0-c68ab331ee94, 190,60,363,Yossi
6b5bd0db-f14b-437b-8ffe-5055c91dbb25, 930,67,406,Yossi
8821cde0-7f6c-4739-b8db-cc6461eb6adb, 93,809,317,Yossi
07ef3bf2-c09d-4bf7-a21f-0fa2ed8ec6cd, 644,33,952,Yossi
40142a1c-b816-4ea0-baf4-868a1bc07230, 738,821,743,Yossi
0f9cbc14-d2de-42dd-b413-a5d37386af06, 494,220,807,Yossi
62ef6c4e-2d98-4dfb-b1f9-d63238bb0999, 191,256,678,Yossi
d13a74ac-3383-4b7c-b1a9-cb62384bc153, 103,873,617,Yossi
791b6200-cf8a-4c44-9b60-4a6765a596fa, 184,406,893,Yossi
5ca5bbfa-a3e8-470f-8f2c-152d83614d18, 834,501,785,Yossi
3797e8a9-d025-4502-925c-d38893fed417, 935,380,634,Yossi
04b798ee-eb82-480d-9662-fbbaa4b071df, 480,394,567,Yossi
58990dcb-16cf-45b5-bed4-f85c2dc60658, 928,88,308,Yossi
aef847d7-4708-4c9c-8cfd-3962fcc0021d, 258,179,592,Yossi
6a241d20-cc6b-48f5-bdc6-7bf029769207, 22,906,238,Yossi
ba084bcf-ffc6-441c-a443-428594ba79fc, 237,616,692,Yossi
d3418b12-b348-43e2-9201-1823fb6a52e2, 81,536,636,Yossi
763f5151-b19f-446a-b433-0cf9f4eed2e1, 958,297,453,Yossi
d2faaefb-51f2-406e-b311-e732337191f4, 860,88,186,Yossi
812ad8d6-d039-4903-977e-4563a3ccae7c, 744,747,659,Yossi
636d0570-c2a1-4ccf-8790-c61cc7889a45, 511,258,308,Yossi
80adf24f-9fda-4728-a3aa-1970aa58ab11, 530,707,652,Yossi
75f11473-4406-46b9-b41b-82ec3bc2113f, 318,259,428,Yossi
656fb083-e723-4d62-906b-6a5de704ac43, 177,564,133,Yossi
cc4d810f-64f9-4ac9-894d-c86defc1323b, 499,932,77,Yossi
5fe9574f-964d-44ba-83ce-4b9b9810e69f, 87,81,966,Yossi
c86fb054-26a1-4b10-9617-85f39b33ec83, 380,945,789,Yossi
9b05d92d-a176-43c5-9f24-a1a857eb421e, 202,754,964,Yossi
ec8dd39f-f642-45df-b72d-cc04c2a4b59a, 149,975,83,Yossi
a4382dfb-646c-4be4-af3e-67df8aed0ec0, 182,618,307,Yossi
c3291a94-888a-40c5-8f43-ee4303c92c85, 381,184,339,Yossi
ac427a8e-7524-4954-9472-f97134b167c2, 648,746,920,Yossi
3cc7b054-ed24-4329-82d5-1ea2bba977c0, 284,491,199,Yossi
967b9a4a-73fc-4ce2-9ded-de90bbc1d996, 585,917,357,Yossi
d1bf0c0d-a73a-4721-afde-1fcc840dfae7, 265,903,970,Yossi
76f1e3d3-497d-4817-b4cb-b758d1a007e4, 504,459,364,Yossi
3d15b1a9-ddc8-49f5-86d3-5473c47fef24, 376,774,7,Yossi
4f54e611-956a-4f7f-baca-5b0d921abd29, 219,365,801,Yossi
79f53851-1f4d-425d-8945-6e38930b0e59, 868,309,503,Yossi
f70cef24-2b6b-49cf-8e0e-d9576bf60dea, 343,382,730,Yossi
7a4b1a81-2149-4cec-8644-8bc0a7ee6f85, 569,137,639,Yossi
5d31b7f9-6ab4-4cb2-897a-8b356ece86cd, 122,794,381,Yossi
d180f79e-d25f-4ec8-8934-2ed1aacc5115, 792,849,186,Yossi
2424a6a5-ed40-476f-b9ae-65086ebf9a57, 156,801,589,Yossi
befcd581-5352-41fb-90fb-a224bb3fb995, 767,793,28,Yossi
82eec41e-35cd-4eea-9719-8cc529d56482, 432,936,850,Yossi
4d901883-bad9-42a2-a6cc-5f9c88eac09e, 992,644,517,Yossi
cb4909e7-6136-45b6-adee-9c8afcf8e3c7, 718,804,843,Yossi
5b1b9565-09b7-4141-8903-d7e868c13159, 300,163,817,Yossi
ff9372f0-e100-43c9-9285-174e24e56e5d, 537,779,437,Yossi
919eb3d4-b9ba-4b88-83fa-171d6403c590, 418,940,110,Yossi
25b14d03-07f7-4007-950a-a99bd8de1f96, 468,16,780,Yossi
531f6bd7-0854-4234-9c7a-88a4dd603cc1, 717,143,109,Yossi
c378c892-c736-4e35-a671-4ca715b0d06d, 590,710,609,Yossi
85b48f70-2485-49f8-9677-c272ffbddded, 178,221,971,Yossi
5edab8f7-cb1e-4fbd-bc3f-96cf4a9a1809, 417,450,570,Yossi
2c9d8526-94bf-4a4b-90be-ed247e86841d, 773,436,372,Yossi
222b1c88-ae0b-4ff2-84fd-73027e0e6751, 652,349,736,Yossi
7b8d7131-761d-45bf-835e-df15e2a7ec33, 214,850,332,Yossi
b3dd823a-14a4-4358-bb0b-afdd977d191a, 794,820,631,Yossi
c9ec3832-b11b-4e95-92a3-b4878a584dc4, 562,256,71,Yossi
df96af99-1bf3-4489-b9c3-b0628b64db98, 748,737,859,Yossi
9f48a86e-afee-4003-b8ab-13343aa88970, 480,300,778,Yossi
30c0dc62-b887-4301-95fe-4d16ddb98ba7, 246,714,793,Yossi
fcf87570-18ba-4fd1-bd4d-aca351d6580a, 741,403,933,Yossi
2bf81e0a-e452-4cfb-80ac-db8dc12462ad, 907,540,584,Yossi
9c4cb7a1-76df-452b-bb9b-439acfbcc0ba, 870,882,711,Yossi
6adb8028-1088-448f-86ab-43b1b75489e8, 248,762,344,Yossi
e3296a47-9c28-49d0-91bb-a90c719c7b0e, 66,765,592,Yossi
cff0d2ea-bd42-4e09-9c00-e423edd97b7d, 372,254,164,Yossi
62d16ec4-e991-4f1f-93c9-fc99214d0e28, 449,921,322,Yossi
fa8c555c-e55f-4b1c-945c-f2a19af68c4c, 477,29,454,Yossi
4dc04a95-8906-4dba-bf33-6081ab45486c, 538,429,482,Yossi
4120037a-ac64-4b58-95c9-286708880cff, 113,936,151,Yossi
754ee566-b7c4-47e7-93ca-22664b0c5813, 790,527,720,Yossi
945f4152-d7d2-4371-bf2b-317f997b7263, 577,909,944,Yossi
c5dd12ea-c506-47cc-ba49-5262d0b3fddc, 801,306,311,Yossi
ae70f5c6-6b19-4f21-b50b-f26aeda7409f, 747,922,937,Yossi
6a0e4f6a-0166-42ce-b86f-1378922a9f16, 918,315,492,Yossi
37dd0ec1-0fff-462f-bb71-68768557adb4, 726,683,971,Yossi
1b11d8d0-afc3-414b-a8da-b3f4ad3275ac, 268,108,46,Yossi
7acfc239-d957-4c95-9056-a0eeacbdd548, 615,796,791,Yossi
b6a7d8c1-a7bb-4b02-87ef-a1e2fdef7141, 472,264,375,Yossi
b9e71118-b0cc-49c2-bee9-f932e23e2e1c, 480,369,112,Yossi
d2c67b39-0ca7-4ba9-a9bb-a893d37d3cef, 102,758,945,Yossi
0ca785de-880e-4c45-90d6-5752547f93e9, 561,456,235,Yossi
ce97d769-53ac-4b7c-a724-9ff9c1c93839, 622,487,854,Yossi
c4a54c4a-8c63-4940-b8ef-c362b888f0b6, 646,570,947,Yossi
bb724976-33ff-4628-8907-4ec877f04bf6, 852,701,997,Yossi
682eecf9-4fc8-4069-b6e8-ef4f4b8f82a6, 383,557,712,Yossi
47aaf17f-953e-4d48-83c1-db38710cff0b, 960,811,744,Yossi
2adbcc50-7335-406a-8467-afa5e78e343c, 510,844,828,Yossi
71441ddf-12ce-4b13-8f38-27e0c5489267, 106,176,730,Yossi
98f0d50d-fa6a-4bce-834f-e806d4b95873, 928,105,646,Yossi
6470e809-d129-404c-a79f-d288090c4fd7, 569,322,936,Yossi
cbaaddeb-0abd-46d1-a2b7-daf1ac02cfff, 199,645,165,Yossi
7e0caab6-647b-42d0-a15c-3b0704695ae5, 991,358,857,Yossi
aae4ff63-f0cc-46c5-b8c5-3155fa9dffbf, 258,104,196,Yossi
4977f5bc-671f-41a7-8079-777170943807, 118,620,537,Yossi
f2cd9ef1-cb93-47d1-8243-74624e0fe794, 98,762,96,Yossi
a6faf231-0f6b-4297-ad98-801d59e74fec, 792,90,706,Yossi
0b365620-fcf2-4688-8bb8-22f00e4a6716, 661,518,556,Yossi
9277da76-31cf-4397-8167-24db67626ee7, 366,591,913,Yossi
df79b508-ad32-46a1-bb92-7b23fd056a50, 117,456,281,Yossi
75fbe39b-59af-43b4-a426-86034daec9c7, 504,693,383,Yossi
6237287e-9e45-4e74-b59b-b696dfa5ebfd, 209,78,248,Yossi
1d281a32-9ffb-4a16-8bb1-9b7f4524a3d8, 11,653,56,Yossi
04ef3b32-3102-4087-bdca-c9565400af74, 833,391,199,Yossi
61e3060b-67b5-430b-83d2-524d6d3b4c4d, 854,703,707,Yossi
ced24b98-d95b-4a48-beb6-a7b14d042631, 549,393,224,Yossi
d5fe6cd0-efd8-4785-ad49-748fbffce848, 292,8,412,Yossi
c77f302f-096a-4943-9bba-65e7652d87c6, 635,136,16,Yossi
d91fe778-b21d-4154-854c-3861de275d5b, 938,907,803,Yossi
d42f74a5-66b8-423b-9f54-dc1e1763efc4, 380,831,55,Yossi
d76b80b7-67a5-491f-abfb-0bc28119cac3, 250,874,901,Yossi
c4807700-d75d-43db-9199-984afb88bff2, 577,752,410,Yossi
5fa1fcd6-9018-4ce8-9ab1-f731059f1934, 812,907,543,Yossi
420e834f-8eec-406a-abcf-c7d94f43fc21, 289,87,110,Yossi
90168cab-b66a-4bc4-a094-59b63c826c8e, 40,958,697,Yossi
444c2625-eac3-4476-bf69-0c8bc17e2117, 507,806,813,Yossi
cec11735-d28f-42b4-af77-f4ceca56d854, 848,816,198,Yossi
c4e942b4-c76b-4318-ad14-f12f4edc7633, 689,824,448,Yossi
10536817-8d3f-4165-b92a-5842aed0c650, 867,868,558,Yossi
0f9c910b-4844-4e23-8e88-ff680dbc9376, 367,269,169,Yossi
aa15c88a-b17f-468c-a880-ae72a9832e29, 444,630,820,Yossi
03003d57-74c4-43bc-b071-e11d91c24ff5, 2,584,515,Yossi
eed9ef97-0394-4161-8f7c-1e45540628b9, 297,277,949,Yossi
dcf96cc3-1304-46b6-9a64-c0b83df28e6b, 297,736,484,Yossi
1b24695c-fb4b-46a0-9e0f-28f4b6c638f5, 680,3,919,Yossi
0b632005-5574-47fc-a39f-1c4719ee1131, 303,595,177,Yossi
d34dca92-f418-4e56-861f-bb214afc0bc6, 317,432,101,Yossi
e6129d1f-00cd-48c5-8919-6d00c4020548, 988,530,16,Yossi
ea973582-729c-4c53-8134-9f02221d4672, 855,559,51,Yossi
aa7c472a-bf60-4f66-abda-6fe113c686e7, 454,709,883,Yossi
e7b5c5c6-b390-4731-b161-eaecbf7730a5, 851,445,639,Yossi
2da67ff9-9c78-4502-aba9-ddf10ec332d9, 374,844,455,Yossi
7104f19e-95e4-4564-96df-d62cb4b1b20a, 288,39,374,Yossi
871ae147-bca1-4fdd-9a1e-643f3437ef21, 183,211,530,Yossi
b27ca4dc-7982-4341-8f81-a830e072ef28, 863,551,80,Yossi
542b378e-ab60-4b5e-98c7-9423defe9bf7, 713,9,822,Yossi
b639204c-d790-44ff-9a1b-c1d27ca92f14, 527,564,273,Yossi
ed728c3b-e66d-4e4b-8963-bd887902a0e5, 382,50,836,Yossi
4c65983c-b52e-4515-9c5d-287791cb895b, 69,455,100,Yossi
bbcb0b8f-0cd1-458a-a1ca-e1356f6555fe, 804,145,25,Yossi
283369ad-aac3-429f-b727-08613f3c3464, 465,842,566,Yossi
666f43ae-096d-43ce-bd89-c4657be7761f, 66,444,291,Yossi
604d925d-3dff-407e-a01f-0586cfbfae26, 843,307,157,Yossi
51c41fbe-d3b8-45d5-bc3f-f17a9d43827b, 465,15,557,Yossi
6be327d8-5086-4e3c-98c6-c947e24294e3, 801,135,222,Yossi
e5ed98b2-17df-4d8d-bc41-e2ac006e3bc2, 570,125,977,Yossi
f975524b-cb58-4cd4-8d8c-81078465af18, 934,143,550,Yossi
e482c049-2856-4186-bb3b-b203a9d7cb71, 227,925,145,Yossi
80f79edd-3925-4b1d-ad6a-8aa0cefa2ac1, 611,470,395,Yossi
7622d778-be83-4f3e-bacb-3e74820fedad, 802,306,390,Yossi
f8267100-4ca8-493f-ae38-680b17129862, 356,482,892,Yossi
28487e66-e456-4763-b4d7-6b1ec771cbdb, 349,716,367,Yossi
6dab12c1-2b5d-4b51-acc6-3112dc932559, 962,797,107,Yossi
af9b884d-8480-43e3-9934-5908bbcef3d5, 787,868,701,Yossi
ac769f1b-0aba-4402-b8e2-d8594f9cc951, 665,63,550,Yossi
f0de5211-8206-44a0-a491-0d72a5e0f10d, 715,579,914,Yossi
5e340ff6-f718-417e-b5f7-c76a2c9d51bc, 615,498,330,Yossi
0756a5b8-9e75-41a1-9753-1d3611379760, 122,868,3,Yossi
95036afa-952c-4da3-b802-1a472c7ea880, 473,238,915,Yossi
77c4affe-94a7-4f03-8c6c-5d636eb7db63, 422,454,973,Yossi
19f40724-6916-4cf4-bae1-2678624f09f5, 894,42,2,Yossi
c3b3e73d-a1b1-4ffa-b325-bf9cd41788d5, 766,110,532,Yossi
1d833d6c-2b32-4b62-8ffd-0977e9634530, 664,452,417,Yossi
18dbe3d7-e82f-4bb8-9a17-48d69e0d11de, 853,606,326,Yossi
98ea2287-bfff-4e36-9231-eafb6126cd0d, 871,148,273,Yossi
05fc481a-b8c8-439f-923b-3a32d568ae1c, 848,560,863,Yossi
09ac9b54-b79d-422e-b3e8-102fe3cf150c, 594,895,889,Yossi
801ec7f2-afe1-4778-b52f-fec56b660d88, 480,188,806,Yossi
9d72e07e-aec2-4280-b91e-0946f872d6f5, 60,234,612,Yossi
fc742059-2fdd-4105-b323-1a98fe08074b, 889,874,478,Yossi
dbb95c96-f7aa-4771-858f-11c3c9105bae, 451,541,344,Yossi
72465374-8844-4e87-8d31-5eace72332f0, 133,891,827,Yossi
60a80c8f-f58d-46b9-b680-2a1de140d58b, 699,898,952,Yossi
ed75359e-09c5-4176-8caf-501f47be7298, 18,51,128,Yossi
5c7140da-20bc-4369-acef-a4c551c15443, 497,760,890,Yossi
1c586636-f418-4f0e-8e7f-5045620dab6f, 5,249,721,Yossi
5cef9f98-07c6-46c9-a765-b8c853251aab, 729,624,677,Yossi
ce2e6b04-17f6-44a9-bbb1-9045d85a5f2e, 53,826,557,Yossi
9d2eaef1-a040-4015-9b7a-6ac5a84e1b82, 84,415,853,Yossi
5417ab7f-a196-4660-a488-655a38511193, 194,707,874,Yossi
60f64036-457f-4e41-b7e1-e0dcd66a8947, 918,773,576,Yossi
eed89fa6-dc11-4583-b75c-763ea8635418, 937,403,65,Yossi
0176683d-8744-4e78-a319-e985666b1f38, 980,738,255,Yossi
7c2e0ab0-08a8-4e4a-9c07-635e08c3527a, 445,150,661,Yossi
df78106c-14da-4e15-8562-d0315dbdf686, 909,576,844,Yossi
632adab8-a394-4dd5-aacf-69fb25ec3d51, 762,981,426,Yossi
a21e9c2e-aeb4-4342-abfd-3d1ca1c852ce, 914,55,984,Yossi
37227510-e6a5-4343-b106-383092a74b78, 889,161,251,Yossi
f256827e-d9d6-43da-a834-8e3087feea46, 800,398,713,Yossi
9538e2d9-e86a-4be8-8051-f1e8e6368080, 786,49,477,Yossi
53e70e97-87ac-4518-a81d-bc5c4d086181, 972,505,191,Yossi
62c86b5e-f7a3-4e8a-839e-e62df163a417, 79,99,277,Yossi
5730ccb1-4749-49f3-9505-e8461cb9d542, 550,559,358,Yossi
ea77d1a7-5fcd-441a-963a-def3544db2a4, 826,23,510,Yossi
10664a4c-afc6-4d89-b5d5-8337e2742db3, 467,284,475,Yossi
659d01f9-2d28-4a85-ab45-3475f0b20331, 16,142,251,Yossi
9b3b307e-4598-4ad9-a65b-645ff95a306d, 712,321,432,Yossi
12dc6124-b975-47e2-948e-172201d2cac7, 427,278,652,Yossi
45ad7a70-e164-449d-8d69-7ee26608e8ae, 889,29,613,Yossi
ab01bac4-51c5-4489-ba98-243e3890f10c, 325,137,5,Yossi
d208772b-4a5f-4868-a481-b7c00a00c1f3, 351,195,689,Yossi
372e8262-1ce3-4b8b-a959-4f291a3e23fe, 776,471,643,Yossi
c43536f6-5ff6-4f6e-8de4-31e4143598c0, 471,831,477,Yossi
51194221-b4e2-445a-8661-349f8b75a8b9, 568,212,423,Yossi
40c31fe2-9774-47b2-a2be-d986069c06d4, 68,89,33,Yossi
ac656f0b-4ff4-4beb-8cde-15ace6fa8c12, 474,423,875,Yossi
d2f3eb72-9538-4a79-9d54-7d05b4a2e66f, 775,785,257,Yossi
7ae94d6b-1951-4412-bde8-168e8106da6f, 462,75,727,Yossi
30e14341-c12b-4ee8-b740-4418d2aee120, 46,546,228,Yossi
1791019d-4387-485f-b818-3f0ce68b235f, 537,189,71,Yossi
1cfedfc9-4be4-4b1e-8f2c-77365922d96f, 663,226,422,Yossi
29bf8f81-be23-40e3-a5f3-13a855c6aac3, 354,476,827,Yossi
cd3b5fcc-e2a0-4c44-856d-c412154d1667, 819,690,812,Yossi
e54b83d6-6692-497d-a6a5-c5e9641c1859, 830,543,310,Yossi
1a641e66-c549-4fa9-8562-5de0e77e850d, 772,145,109,Yossi
f416da84-8f81-4267-8087-809c229920b4, 9,359,190,Yossi
407bba65-391d-42cc-99f8-6d1e23e52c65, 620,415,605,Yossi
810b64dc-536e-4096-aeb8-e02ac787739a, 736,549,351,Yossi
1230ecb0-eb1d-4390-aeb6-bf09ece136f2, 747,887,121,Yossi
d581214a-97e8-4405-9478-0774098dc8c3, 960,731,924,Yossi
9a9948e4-49c1-4932-90c0-8afb3f1e0184, 416,932,643,Yossi
0a64d806-3bf4-4b5b-8a62-641fe00ea9ba, 407,903,985,Yossi
867be19b-d1d5-4022-a492-b93dfb1fc835, 2,713,612,Yossi
6a439658-110b-4e8e-84c4-3ca53890fcf8, 205,653,732,Yossi
00cccfee-63d5-4326-bc8a-8ab2ab427c05, 64,943,242,Yossi
572a202d-fd6f-4a4e-9ab2-329e719e8c0c, 945,688,929,Yossi
01a36ce7-5837-4238-a744-e171ab041493, 619,37,187,Yossi
f324c335-831b-4c92-b00a-156549a06697, 38,916,772,Yossi
231643fe-c2d4-4a62-91d1-8cd14393c882, 464,925,675,Yossi
7931021b-bce0-44d3-8432-796fc8e50a44, 72,606,587,Yossi
a8e69ac2-aa79-4eb5-ae85-496c9afb84a7, 707,858,957,Yossi
e2917a30-32f7-4e85-8b27-9d54838ff3d9, 887,415,610,Yossi
8047b716-4cf0-4eb3-b8b4-b9116d50a8e0, 665,366,240,Yossi
c3128db9-683a-47c5-a05d-da062fc16f1d, 123,8,645,Yossi
01bf91cb-bec8-4b8c-96ed-95350ae02c00, 576,415,760,Yossi
e1200fa1-508b-480c-8a9d-76c5f0b26a22, 872,673,604,Yossi
e53124a6-7292-4472-83ef-bf1b46c4113d, 109,800,199,Yossi
5448a906-0ab1-4d8f-b3ff-404178ecae1f, 191,342,695,Yossi
3801d6be-6312-42b7-9164-b3eb0cc98c9d, 737,378,16,Yossi
c9e9b0e8-3492-46db-971d-c89ac4ef4f88, 869,941,977,Yossi
d7224df4-778b-463f-a539-7b73995bd024, 310,929,108,Yossi
fd239069-9651-49a1-9e33-7d085b0846d6, 25,497,794,Yossi
881fcf15-68a3-4f2c-8ab2-9a87f3f7d5a0, 773,176,529,Yossi
4a9d0148-d730-4982-96a3-c1adc0696c96, 631,281,323,Yossi
6edf5e4d-3e7c-4ab0-8c69-ae22379f2cff, 689,497,29,Yossi
3e4954ef-a751-4a76-b365-9e4aca300f8a, 541,461,501,Yossi
0630498b-c99b-418f-ac48-31070d55b139, 12,591,253,Yossi
6c66b8d5-2ca8-4c00-935d-fb8a07eac74d, 72,961,804,Yossi
2887ba9c-ff06-4876-8873-58e6c2d74bf2, 389,516,516,Yossi
94ad4880-ef36-4093-b59f-b17c4cfcff30, 263,151,37,Yossi
06c3466c-999a-420a-a498-192b6183f028, 594,795,423,Yossi
3cbad64f-5b74-47c2-abd4-fb283187fab4, 262,811,78,Yossi
d2d9c8df-1318-4ff0-ada2-6de92b10741a, 537,552,917,Yossi
2e699496-0761-4378-a397-b77c147cd599, 965,99,498,Yossi
b7b4f617-912a-40b8-8005-81d67d207794, 75,476,520,Yossi
ce68b2cf-72f8-45ab-865a-e1bd4070d003, 874,500,844,Yossi
77ed5f88-22f6-4bdd-9468-902c8aa4b3a9, 666,196,916,Yossi
720b3827-4ae7-4766-a352-64195f8293b6, 514,857,351,Yossi
ffd023b9-f191-4932-aa45-a0dff8e2180a, 725,239,966,Yossi
f5d23cf5-aef9-4fbd-841b-5a855469176e, 302,635,979,Yossi
7589305e-701a-44dc-a0da-ac73e7adf7b0, 278,511,26,Yossi
27488ae5-690c-4dba-8474-19d136b871c1, 492,37,484,Yossi
5fd5a32f-ea13-424e-a380-b7ec67387174, 899,428,684,Yossi
a0c44251-22da-46cf-9eca-3250e3ce2bfc, 950,5,908,Yossi
89a29243-495a-40a5-8ec5-f2cf8564fb59, 582,46,493,Yossi
ba86f877-b2b7-43a8-8d72-e6a6d8df7fd8, 754,995,485,Yossi
b277bcee-977a-41ce-bbd0-fedbf6f02ed3, 285,513,17,Yossi
0af7c276-c8c7-4a9e-82f0-ee2bd89e9e62, 671,595,953,Yossi
78ff1b3a-5b3a-4981-bc7d-b0f2d416f36d, 120,81,936,Yossi
aa10d3a5-2ced-4bf0-a35b-63ea045a53ed, 73,536,573,Yossi
49f4d57e-bad3-4d74-a48d-3da8159242ae, 110,236,915,Yossi
a11c2e39-3d65-45d4-90ae-cc23a5ffd28b, 937,687,587,Yossi
3fc92a87-59cb-4f1f-832b-89809ad2ea4e, 473,582,440,Yossi
4169e368-de98-4561-af7b-6108566e3ac4, 36,974,72,Yossi
9232c02e-d7bb-4768-be32-cb3ce6be4633, 160,714,192,Yossi
45a3806b-ade4-480f-973e-e8b53e446fb1, 9,930,812,Yossi
f655fff6-a840-4e34-90eb-e1644549224e, 857,969,242,Yossi
9a33d3ab-d854-48c1-835c-42c22364680f, 481,18,122,Yossi
f6fe0b10-d722-487a-8441-f2f6869d69d2, 962,605,914,Yossi
bda8e3a7-2cae-455a-9530-a14600a64051, 71,373,955,Yossi
8331deda-4b94-40e4-b61c-1afa40055e1c, 547,827,891,Yossi
f78b1b25-7e73-4e31-867e-a4183b2d1e26, 112,841,768,Yossi
19373ca0-5fe5-4bcc-9305-fd51d1c0fca2, 991,644,357,Yossi
1aa774ce-7081-4aaa-aab7-cdae7f8bf389, 904,281,414,Yossi
db0b46dc-63f0-4420-b148-da22c2357023, 46,250,538,Yossi
fcad5b10-e386-42e1-b125-3df82c1c2444, 943,512,879,Yossi
aee53d7d-d750-4c05-8075-6b6458f45622, 762,112,150,Yossi
388ac5bf-e6c7-44b6-9fd1-863a080988f4, 124,214,565,Yossi
4450ccb8-dfef-4e7e-b3d1-237127e0ce16, 331,628,218,Yossi
4702338a-4825-46ca-a234-2dbc63d8fccc, 794,973,82,Yossi
038d320f-634f-43f2-b5ef-f615a83e7165, 671,402,210,Yossi
542cce41-7ce9-49a4-a657-0999f378b80f, 483,487,147,Yossi
065b9eb0-b580-45e3-b16a-cee4afe9da3b, 180,49,872,Yossi
de70b39f-8c79-453b-8917-1384f4b39cdd, 423,16,286,Yossi
98093109-63b0-4f75-a00d-15873e43b5f1, 456,951,689,Yossi
6687c75a-82b0-4ee1-9990-ff0f75728d18, 827,435,767,Yossi
78f62e33-b0d9-48e9-b9c2-6213164d6d7f, 582,19,94,Yossi
839fd643-a2b7-4885-9ca9-0eb6aad28176, 35,307,261,Yossi
eb7831fc-c360-48e5-93e5-13519a572b66, 806,424,613,Yossi
7d1159a6-b244-44ed-b6ad-aa9369a0e702, 327,779,214,Yossi
2b95db39-2ae9-4b0a-9a8f-6dacecaecb8f, 550,197,669,Yossi
87ce2a92-883d-4726-9837-e42cc2637166, 275,234,878,Yossi
b0bd54df-516e-4ab3-90be-88ffe34d8ec6, 205,562,761,Yossi
487080e0-2a2e-477f-8050-f083e0e2cfc8, 391,764,463,Yossi
76ff3cb4-8391-4946-b6d5-e927eacb141f, 8,340,96,Yossi
c5aa5524-0bdd-4d31-ab94-9f7e74064233, 862,666,262,Yossi
b7dbe126-8e4a-4060-a433-1fbfa32e4797, 874,503,193,Yossi
8e49f98c-3199-4e7a-beb6-dae1851add59, 450,212,955,Yossi
e023aa8b-6fdc-473b-a94f-7e81716475fd, 987,636,96,Yossi
dacdf4b0-54e8-45c3-b094-c0e9eb3efe87, 947,676,63,Yossi
9395f5c8-0342-4085-b2cf-154c10ac88bf, 533,851,268,Yossi
7f8be97c-cc81-41a0-bbd6-b698cb547747, 659,871,818,Yossi
363cbc0b-0417-4c07-bc35-275780364255, 616,182,717,Yossi
b6b8a75e-84ea-4d41-8593-27b3fd2ecd45, 810,623,872,Yossi
a35fe845-d962-4a72-89e0-182d6dd6a179, 6,192,254,Yossi
622c5fc2-b659-4589-bb8b-9a1db68efd31, 629,28,965,Yossi
feeb3272-ea74-4898-adbb-555bf52f41f0, 166,943,756,Yossi
1fc404cb-a47b-45e0-8ba5-77b8a42191d0, 351,451,277,Yossi
ff0a748b-4b89-4525-a145-632e59c41347, 21,100,983,Yossi
62f23d2c-8e3a-4bf2-804f-b6ec0617715a, 713,287,596,Yossi
5c9a6f8d-434e-4a5c-9682-1168807194b5, 782,256,885,Yossi
59a83f69-809c-4eb0-b54a-802b71303180, 698,856,912,Yossi
fe50b7f9-e983-4f1a-8a75-963a0c41c75b, 196,347,467,Yossi
23be0746-1fce-4e64-9f18-fa7921569cdf, 277,246,485,Yossi
82a760ff-9e1c-48b2-b9fa-e3959a07a084, 543,65,879,Yossi
b8d37afd-fbb1-4d0d-b210-4888be3835df, 319,444,21,Yossi
1c6a5ed3-05b9-401f-b2db-241ae6853908, 702,358,609,Yossi
00d7b05a-ee73-4c98-ab4b-e2616defb888, 129,782,731,Yossi
f0cdd9de-59dc-4676-8651-b0fba3246b20, 306,182,401,Yossi
5e8a39df-2104-4eec-8b59-adb7f42e81cd, 990,638,771,Yossi
de1250c9-c84a-462a-8d7c-3cb671fa6d06, 833,902,893,Yossi
c007efc2-e4cc-445d-ab20-ba5602682a88, 122,28,367,Yossi
bbdd2cc7-5186-49ae-8411-004405836523, 986,307,334,Yossi
b042dc2f-2d69-40f2-b4a4-077b47599503, 341,434,680,Yossi
3cfb8cd8-15c6-43d7-bf17-1d1212b0623f, 499,887,697,Yossi
4b8269d8-ca29-47b4-a48d-c2de7a0236e2, 271,806,386,Yossi
b4d6a220-ddaa-40f5-a3bd-300c9de1d5f3, 397,700,654,Yossi
6d3fbca2-20a4-4b58-ba5b-fdbdbb71c863, 963,12,927,Yossi
e91b5671-7468-4e20-95fd-c5f59efdceb0, 986,654,473,Yossi
199017f2-7794-4385-81cb-2fcc094e4316, 154,393,674,Yossi
08648426-e0a6-4fd9-aae6-febb9c09dfe9, 511,205,707,Yossi
0163f4ac-e13c-4074-a0dd-369912cc4e8a, 695,442,342,Yossi
5f064471-87f4-44f3-9445-9178687a59cb, 591,422,38,Yossi
29851e49-c546-43a8-a4eb-88e06695bc67, 512,332,138,Yossi
e5814613-4f34-45e6-976c-2954fbf4b6d8, 686,362,923,Yossi
4d030fd5-9b5a-408c-8592-f812d9dc78ee, 927,629,893,Yossi
3d5edde8-785d-4653-9ab6-901453f17cf4, 35,35,375,Yossi
b113dadb-161c-4638-86db-aa0eb02b9429, 15,594,936,Yossi
02e1c5fc-5d6a-4bee-889c-6a0b32c4f18a, 118,869,891,Yossi
5d0fec22-46bf-4c42-9a29-88d455da7323, 965,134,372,Yossi
f5af0910-aefc-4cff-ba65-be182e13df17, 893,832,912,Yossi
87c41f77-4e12-48f0-b1ed-b54060acb7ac, 658,828,230,Yossi
36550778-2473-4770-b4ef-840be278860a, 972,802,445,Yossi
c25e2475-2c9b-41f0-8aa3-a8ff2ed4cb95, 355,679,385,Yossi
552f8afe-8604-4b4a-8fed-395c7907cb5f, 349,883,369,Yossi
4718932a-dbc0-4e8b-99a7-2420ad061ab0, 516,277,649,Yossi
ed76943e-0c0a-4f1e-a3a0-3cb8036831f2, 5,59,26,Yossi
26de2f28-88c3-4d37-a740-b861d396d220, 578,120,358,Yossi
69a46542-e6cb-4649-91ae-221c6c08fa50, 300,497,609,Yossi
8cc819aa-947a-42e1-99e6-30ba5232049a, 769,577,572,Yossi
53f354a4-f110-4a85-a1c8-1020cd51cff9, 450,624,288,Yossi
1bdf7324-3688-4975-817d-5981c0374b13, 664,617,498,Yossi
1922720e-5487-45bc-910d-bb668122e5fb, 225,29,532,Yossi
61b1d3f4-46fe-4353-bcc1-be129c89dd21, 693,954,825,Yossi
c4203db0-e8e0-4652-9c48-bf6eb357f4e2, 449,678,355,Yossi
b2e1fa56-6870-430b-8c9f-05f2c475f83a, 988,665,709,Yossi
f8d48cf0-9964-4423-acfe-31c3be259add, 568,600,592,Yossi
2908f22f-1ce8-4667-8aa3-b89de30193d9, 243,960,76,Yossi
06d29e08-30e5-4bb7-9516-c89165541545, 347,316,713,Yossi
45f232fa-ded5-48d8-9cd9-7090bce9c5ec, 555,358,332,Yossi
8cfaaae4-04fc-4ccb-9386-c747d6b68841, 619,203,226,Yossi
16515c60-adde-41d1-8872-0925e22cfb36, 872,904,55,Yossi
345bcd5e-234a-40c0-9c2d-60cc0260e627, 98,683,266,Yossi
dd5ebf4f-eea0-4fa3-a9a6-fd4623cc76d8, 869,292,249,Yossi
89192252-e84c-448e-a6f4-76c50076a325, 117,310,104,Yossi
5bc29605-8cc5-4baa-8b93-97aa23d742f0, 199,129,441,Yossi
68d8ca1e-9f49-4d6c-a243-f5b9a772d654, 4,311,830,Yossi
a5719365-6e80-40f3-9d73-cb868e5e4c1b, 898,201,976,Yossi
9ca330e1-cf85-498d-bc40-b64017827ad0, 978,208,663,Yossi
a00eee35-dafe-48d0-8f4e-d7ef4c17f62e, 213,318,302,Yossi
ec985dac-4c96-4d4b-a154-f5d8a490e51d, 784,668,669,Yossi
8aa568c0-a08f-4e4b-8cd8-924e8bc71be8, 201,75,752,Yossi
c15547bf-7e74-4c1e-98f5-722ba8bf8537, 600,575,772,Yossi
08d89f89-0dcd-4f52-8d7b-3008d1ad1347, 300,890,981,Yossi
c66d1ab8-367a-4064-af64-5763b76f4c89, 444,698,308,Yossi
88b08fa5-b899-4847-86fc-7eb5bd123159, 344,127,650,Yossi
0f60eb32-2e01-42bc-a99b-10878fb0ca88, 970,148,187,Yossi
bee1bff4-43cd-4b24-9982-bc8b86a3e0f1, 273,551,47,Yossi
a67d61bf-954c-45cc-8653-030ddd114e3d, 500,719,2,Yossi
47d60e4e-eb66-4e05-8615-46980810dbad, 248,892,697,Yossi
b7be7715-ef85-45df-b91f-6d65db4d6714, 391,884,365,Yossi
21bc2e94-3828-406b-9cb6-e9b34b073ac4, 962,85,623,Yossi
1bd8d4d0-9fa3-4da4-a7aa-30d71cae0535, 578,914,236,Yossi
84d22f12-36b7-466e-8365-5bf574cd0fe8, 351,598,553,Yossi
595b4552-5048-469b-9bd4-8a416f09ca27, 667,703,419,Yossi
46b5d316-bbde-4559-927f-1e0d3fffe565, 848,455,502,Yossi
dd1679cb-7a4f-408b-94dc-b48e6f36245c, 669,635,81,Yossi
cdf8cf6f-40b9-4229-a3bb-784dfe99f4e0, 13,241,170,Yossi
8a9ab955-5425-4169-bdb9-f87513968951, 116,512,118,Yossi
14819821-a3fd-4352-8dcf-6b2711db94d1, 623,699,354,Yossi
65910b3f-aba9-4471-9607-bad1c5a15fde, 750,352,682,Yossi
21cfea0e-489f-4f77-a455-762463492a3b, 76,907,7,Yossi
4d8c7c3d-7f9f-4f36-ae98-462735bb572e, 616,480,613,Yossi
e4b88d04-faca-4c7f-bbf5-2709a2d24f68, 684,764,211,Yossi
6a6ac78e-bec6-4a4a-8480-df0faefb7900, 415,620,548,Yossi
16b7fa78-dddd-4c20-ab20-f78407f645d9, 633,605,847,Yossi
801d8441-6d52-46c2-a86b-4dcfafd8c259, 627,651,265,Yossi
be9d2849-77df-49ef-ac93-e78f3a4c8ef5, 499,577,258,Yossi
bb8ee851-f19a-4a48-b23b-a780250d4178, 616,379,643,Yossi
8a7ed1c2-e728-4db0-9f79-1e67d6b563c9, 196,847,572,Yossi
f4bf84ce-164b-4e01-8049-2044efc817ce, 505,954,215,Yossi
7a7572e3-2e46-4f0f-8ac5-8d9e1155d88a, 881,600,246,Yossi
0f845766-270c-4a91-9822-b6b84abb5077, 869,591,794,Yossi
66f5c774-e6cd-49df-917d-f3ea0e5e4a91, 412,232,973,Yossi
98f09a44-eaeb-4f16-aae2-a37cf8a25ec9, 887,984,869,Yossi
db977697-8dc6-4c52-a035-c4312e890adc, 869,597,619,Yossi
f2caa578-773c-4b4a-82a8-b20b0a8d289d, 620,481,905,Yossi
e20720a5-9fbe-4f09-b620-181860c73f74, 269,994,49,Yossi
cc371faa-8aaa-4824-9dd9-7161c8a19301, 89,251,773,Yossi
819126f3-7181-45c4-a9bf-debaf96707c1, 424,459,529,Yossi
5d214af1-00a8-4f3d-856a-cb6f90db990f, 362,421,631,Yossi
a8e39ee4-7f9c-43c4-beef-cb32e405cf17, 41,179,809,Yossi
0bbeec95-bd5d-4cfb-9a44-0ec8550d5daa, 994,532,21,Yossi
be9234be-0231-4938-9787-c1281be08d79, 302,762,14,Yossi
737eb9f6-6c1d-4828-b581-af5b00cf7a9f, 53,215,420,Yossi
451b7d6c-1192-4c86-9706-91cdbd1973fa, 291,610,592,Yossi
79bd0b38-c140-4292-a181-ce97841af329, 387,745,780,Yossi
5cc1876c-efb1-4a7f-91fe-b54663e4eb4c, 25,574,367,Yossi
23aee962-7fb5-4379-bc21-9f041f092a46, 665,236,958,Yossi
1235443a-183e-4b81-9f87-03b356e90107, 167,793,349,Yossi
9a1ae8b4-f908-4113-a0bc-c33fd865ba57, 471,445,133,Yossi
ed108bbf-374e-40c8-912d-85851a41a435, 266,51,810,Yossi
a14c5a84-2c13-4681-b6cf-eee2dbf0146e, 342,847,805,Yossi
f7680d7c-8d31-43a9-b3fb-0c933d3340f2, 61,874,65,Yossi
29dea65f-7630-4b36-b72f-5bb58c7f0dbb, 599,319,717,Yossi
8ee7be9d-9c32-47d1-8cfc-7d01f2827ab5, 892,217,780,Yossi
829344ef-eab8-4710-b1b9-0cf11e287150, 628,797,639,Yossi
27c796c7-87b5-420e-8549-c33e6d36f1fc, 182,38,712,Yossi
0d10f096-6ec8-4369-af2a-7cc869a36b55, 747,338,846,Yossi
9e125d36-aa74-422e-abd9-d3393a23e6c3, 265,374,941,Yossi
42276dbf-bfff-4f65-95c7-cba1a72efd2f, 849,827,738,Yossi
ef0675ed-71d8-4fbc-ac23-b5e29feea22e, 671,829,317,Yossi
3b9fdf35-241c-44ba-9157-457a366031e0, 880,786,165,Yossi
d03fbb73-ac68-4648-992d-ca2ecee51f56, 608,947,762,Yossi
55d40601-0754-448b-8bf7-1572cfd3a8b1, 786,327,870,Yossi
106baec5-3c17-45cf-b7c1-60e1c366cd2f, 715,424,256,Yossi
e5f0538f-32ae-4c42-9626-d55034b666fd, 648,772,20,Yossi
fee700f9-6141-4cb6-a35e-cbff2312b7a9, 178,538,995,Yossi
bbd19e17-8419-4f7a-843c-bf540426149b, 708,290,408,Yossi
d272ba78-8f72-49c2-af6c-f77d6905c0b6, 419,517,711,Yossi
6ab3cf0a-c216-48a9-86ef-2f1d9f39ade5, 963,78,473,Yossi
a7185be2-3c54-425b-bd59-1f50f8504b96, 863,211,47,Yossi
389b6b8e-d1f4-45b8-abee-7836c653ec2d, 326,926,488,Yossi
732fc3f9-a477-4f8a-8b7b-756a1a3eb535, 401,13,430,Yossi
3de00df0-0219-4ace-af57-043b5f9d9ea2, 616,20,848,Yossi
f5b7c5d7-a8ab-4a2d-8100-3e6ae47585c9, 876,395,709,Yossi
67d740e6-b5ce-4b7f-bfe5-9872726e140c, 841,32,912,Yossi
15cca8d3-4501-4e61-a20f-c420b3374152, 591,616,601,Yossi
d38862ce-8d6c-4b1f-b255-8d0da8fde1e1, 922,671,289,Yossi
9e97f898-7bdc-4a1d-b1a1-f34a23067c84, 742,961,540,Yossi
c6f0b5ea-10a4-4329-9845-95640d57603d, 908,461,269,Yossi
0f319b7e-d3a0-4187-9f1b-cf661c4999e8, 452,644,870,Yossi
d8bf3387-8a72-44de-8de1-6642a976b05f, 290,922,117,Yossi
6cc05726-1541-41a1-b379-958b98531a68, 824,390,497,Yossi
3cc743c7-dc61-4013-bdaa-abe081570037, 766,248,760,Yossi
c139e790-fa55-480c-ac07-b99f9805f887, 589,561,519,Yossi
bd40f971-dda9-46d4-99ad-4477aa6fd880, 147,830,894,Yossi
2f4453bc-3c43-4372-9ca9-ad3bfab0f4ca, 698,577,486,Yossi
a644dbe4-828d-41d6-bb45-fb7dfb4f0acf, 797,373,460,Yossi
0c58a8bc-55da-44fd-a328-a25c7ed6107c, 871,939,538,Yossi
c039c5e4-09da-4287-a5e4-ede774d78a4e, 756,583,964,Yossi
324191b2-026d-4ed1-9923-a3deee7f5782, 947,491,550,Yossi
2c47bfa5-4cca-4171-8a22-2e7c28eebae2, 162,165,374,Yossi
20341af0-ee53-48a9-852a-9882560a5a65, 977,587,472,Yossi
a695a2b3-ce56-43b6-aa03-fc60508d0878, 593,17,641,Yossi
3ba50a3d-b019-4ada-9c40-577595ad8945, 416,823,368,Yossi
e25ea7ee-662d-4110-818e-7a0971289dfe, 840,334,111,Yossi
8321a911-a254-4633-8e23-15b66cadfb96, 769,595,131,Yossi
ea95321d-7a32-4307-b6d5-1993bb639834, 644,211,882,Yossi
3e107234-039e-4740-b4fd-4ca222cc9470, 781,654,272,Yossi
5a7553aa-ff69-4a9b-9d9a-c5a7b360d4e2, 410,418,981,Yossi
1fdcc1de-fec0-472a-ac84-089f87043471, 577,68,805,Yossi
28c9b01a-0c36-48fe-8506-f21ca44fa4dc, 531,818,755,Yossi
5cae86f8-5560-48a7-a22e-6c92c2f43eaf, 210,427,397,Yossi
8aa81c7d-dd0f-4077-ba5c-2dfe530da3ab, 146,168,244,Yossi
bbfa78e9-1666-481d-8088-5d04d3d9d3ce, 423,105,560,Yossi
197f032e-1f09-41d8-b5c1-b637c58d06ed, 844,381,548,Yossi
3810a579-9780-4f7c-9524-71e9f9d44656, 93,31,606,Yossi
bdf79a34-0dca-4c29-9bb0-c24d6f99e97c, 428,986,986,Yossi
b848a818-349f-43a9-b5d2-11fb58dd2df5, 833,303,281,Yossi
4a130a3d-f274-4197-b932-52556ca9dda1, 667,379,509,Yossi
2abbc2cc-1208-4ee4-ad78-fa5311637389, 102,568,170,Yossi
0a327388-13d2-4bf2-aefe-425516fbb4de, 489,16,948,Yossi
d4f1eba4-160d-46c8-8ac5-6979e8b715e2, 834,883,5,Yossi
74074028-806e-4a1c-8e0a-66adbaaedb15, 612,630,905,Yossi
aa5345ac-5fb4-4c5d-b3ef-ac42a7ef08b7, 713,624,428,Yossi
8a8b7e1d-92b5-4bbb-ae8d-cbddab652d92, 886,222,106,Yossi
49044286-2e1f-44bc-84b7-fab4a871db3e, 322,936,273,Yossi
4df3679b-7b3d-4500-a0ae-6d90f77e4312, 722,318,387,Yossi
433d8baf-a276-4c03-9c38-e1e375d6da61, 375,150,81,Yossi
ea1cae3a-e961-4734-9a94-a2a07c6f1a8a, 818,697,516,Yossi
582a6129-396e-4408-bae7-f02aebd60414, 474,542,49,Yossi
c802c66b-6b8c-4cba-8e0e-ffd3443618b1, 886,44,599,Yossi
e3257c34-6615-41b1-802f-0b12c5539fff, 75,932,90,Yossi
6687c3a6-89c4-4b6b-a2f3-b5d3471cc001, 611,10,496,Yossi
6e2adc2a-af22-410c-b16c-b9b8331f7f03, 544,479,400,Yossi
9a1aa04a-d1be-43d4-bf91-52afa1e76bab, 700,714,363,Yossi
1317b29f-70fb-4092-af92-2f80cfb5cdf4, 559,946,82,Yossi
d6feb4a1-d67a-4f29-9f83-0dc34bda5b2b, 176,345,441,Yossi
fd99320d-e7ba-49d1-973a-f46cea73ae3c, 237,379,250,Yossi
111721a4-1e6c-4481-81d0-19897b24bfd1, 782,115,864,Yossi
738c9fda-132d-4b19-b5ee-3e40647c4e34, 867,16,187,Yossi
89d9d4be-aa26-4c79-92a1-b0756c461e79, 488,138,89,Yossi
baece266-7737-4533-8cee-b3383cbbd1a8, 856,825,580,Yossi
e31fb8c4-b3e9-46c4-954b-d7ef07ea065c, 827,811,288,Yossi
48447703-50e6-40b8-9986-02d69a3addd4, 17,710,926,Yossi
b213ed1c-b0d6-41f6-82c1-ae0d5c6f4eb8, 775,179,837,Yossi
b25de7da-8034-4061-aa61-1ec67087db7c, 986,673,435,Yossi
e06a0811-9007-4fb6-9f92-1700651a1826, 717,260,750,Yossi
dbf94d87-4fca-416b-8027-3e0a40cc2665, 434,299,197,Yossi
9c4539db-28d2-4840-954c-247539a9af3d, 606,650,664,Yossi
0250f991-6e65-4323-adfb-1c26de98f1a0, 349,292,818,Yossi
335defe8-3da8-425b-ab12-b44daf7f3df0, 224,743,992,Yossi
6d7122ee-33da-4f66-8ab7-0ada7c544e7f, 310,56,341,Yossi
1bc58d64-4f29-47dc-bf72-ebfaa2ea994a, 311,842,887,Yossi
1bfafc0f-dd03-4bbe-b891-1992fca9bacc, 781,730,135,Yossi
ed50310b-9471-4e01-ade4-ef354632a29b, 792,160,634,Yossi
6d6beadc-1afc-4c69-a194-b07b25eb8707, 514,460,200,Yossi
b8d2ef15-9fa5-4307-8aa6-a2c38956e850, 411,794,440,Yossi
909cf7fb-501b-48d9-a55d-47071c207b38, 430,151,755,Yossi
f14439e2-2f21-4dba-a43e-1f9c637d944d, 435,54,838,Yossi
a59aa3e7-d903-4a7a-a69b-f03e1a3559f6, 891,251,176,Yossi
448e29a5-679f-473f-be2d-67d6cedb3cba, 915,478,520,Yossi
abedd2f9-78a9-4581-b0bb-db58133b003d, 469,791,966,Yossi
ee0e45cd-cd15-4863-acac-175a74db0519, 932,465,123,Yossi
19b09103-5245-44d6-9779-bf6ce99460cf, 497,675,829,Yossi
7ea445be-b09f-4fe7-8e16-d6f4c0fdc1db, 546,935,528,Yossi
fcf241e4-05d4-4641-8ace-e307234fd2e5, 615,640,140,Yossi
955804c1-020a-401f-a4e1-75be2a91afe4, 562,93,190,Yossi
075846fb-b3ef-4137-b194-a1323b63cf35, 464,936,496,Yossi
b33093ef-2c28-4be9-8f6a-c1c2e180fdd8, 378,792,592,Yossi
b758fe3c-9819-4f7c-bb1d-8b35f697ddd0, 238,874,2,Yossi
e1436be9-3133-4c1a-983b-52839b652390, 502,418,592,Yossi
c7e714aa-121c-4e66-87f4-dcd8e0a99364, 712,865,253,Yossi
97778301-2674-48dc-9f08-da1c405c11c4, 614,324,367,Yossi
f5f14bca-8cc0-4267-ad7a-2b457399950f, 667,580,993,Yossi
15161568-627e-4de3-a555-a1aa76c8a454, 77,913,120,Yossi
cb6177c9-a793-4915-a9bd-2094c1eb52b5, 609,882,215,Yossi
68a801b6-0e17-4df2-bdf4-f98788a0c5c3, 228,818,412,Yossi
bb141646-1d9e-4b3d-8736-9ca1bd239e17, 699,329,158,Yossi
bc305b8f-7f5a-4061-ba43-52fa985722e1, 984,451,540,Yossi
17ce4558-e102-4e84-87a7-dbd86bef7325, 24,91,998,Yossi
af93a992-62b8-4175-b6ee-62cc7cce7f33, 374,695,590,Yossi
d5bacd2f-d191-43b6-86d5-acab94a45334, 122,993,257,Yossi
aa634ed4-9a52-4ce0-bf2d-8fb1d56abe15, 237,833,71,Yossi
1fe5b780-33fe-428b-9bc1-c4c932219316, 276,2,317,Yossi
06af3d1c-dff0-4be6-9c42-c5dcb4af7130, 771,894,512,Yossi
a981ad89-ffd4-4bf1-bd9f-957a36d68795, 196,388,23,Yossi
515a87ce-4d20-42f2-9121-1236c4fff641, 377,768,908,Yossi
837b7bfa-2744-4f39-b62c-40c74d87eee6, 378,11,56,Yossi
8e29ba97-8763-4bb7-bb39-723206102118, 589,802,89,Yossi
8cd8fdbc-3d2e-460f-8548-934a2f31490f, 435,726,414,Yossi
3e03d157-dc5c-4ad0-852a-2adc1d383743, 711,590,234,Yossi
79716df8-ad16-41de-9233-1533b481905b, 368,294,883,Yossi
c403e7df-33ec-4986-8e4e-f050e58578cc, 404,954,919,Yossi
3cf30475-6786-4c03-901e-8882ab51b755, 861,372,50,Yossi
89c8de4c-0fa8-4121-9f3b-5c6b0368443e, 145,951,817,Yossi
d51bd7e5-32d3-49e1-b0cc-3fd84c81f78e, 96,926,434,Yossi
0f9baeb0-5c10-4964-bdb3-f0dde578484f, 645,789,64,Yossi
369efc6c-11ca-48f7-9271-8375deb69dc7, 517,646,322,Yossi
c3df89b2-d453-4e4e-aa51-b429f6184de4, 90,994,685,Yossi
624b6779-8100-482d-84f4-d0e0d4d07287, 535,531,192,Yossi
87992089-b623-4ae6-a186-522808cd3ef1, 168,801,108,Yossi
0b7ac7a3-d158-4da0-bd10-b6a525e4f83a, 655,563,411,Yossi
4ec2b597-9f4f-4c5a-a1e2-1ce40d1714e0, 84,404,601,Yossi
3847169b-3a7e-4f74-8a1e-02b10f5b1f58, 628,791,432,Yossi
32ce42f3-c0ce-494c-91ed-7ff706cd46b2, 103,515,396,Yossi
36728759-98c6-4c6d-b80e-9950a85b3440, 859,234,59,Yossi
a6e568bc-baf2-415c-8b16-c2dd99d10f26, 238,493,875,Yossi
b0254e00-99ff-4d92-9bc9-69c064cebcf1, 654,789,936,Yossi
3fe27943-ca50-48ae-919d-2eb03f733c48, 351,194,942,Yossi
cfd03d3a-793d-4064-aa3b-f9243b8b1949, 910,279,298,Yossi
775bcc17-935d-4b5b-8186-89867c5b8af5, 198,867,423,Yossi
063004b8-10ed-43c7-bd2c-307eabcacb3b, 728,693,569,Yossi
13b8d1bc-ac62-4d4a-8752-bdd138cb68e7, 940,488,388,Yossi
1841cb2c-a127-4f77-9401-a1cbe3ffcd29, 406,12,523,Yossi
cf2e03ef-47eb-4659-bc28-5fe9b062e4ec, 832,17,997,Yossi
1fbca34a-c31c-487b-9bab-93d5b44955ff, 630,415,132,Yossi
46d4e037-dce8-47d2-8b1a-e871c9ddc54e, 924,229,760,Yossi
7ec070fc-6c98-40b1-95f3-7b1a5269170e, 627,297,39,Yossi
622ff13d-a19a-4a6a-a608-a0b899dffc5d, 316,513,13,Yossi
f28bee21-5819-4da5-958b-341f8f955ba5, 170,305,369,Yossi
5557ad3a-ed6d-4cbb-8168-bc15cd67ac53, 467,172,126,Yossi
5cdc771e-8f01-4bca-8051-89668df4da3d, 303,430,922,Yossi
2b85c765-f45a-4e6d-af8e-993bd24b0033, 10,374,820,Yossi
1223167e-87db-4121-bfa9-8ab3d4503607, 825,917,745,Yossi
aa912e1b-0fa1-467b-b327-071f62407161, 669,830,481,Yossi
a23c3fe6-dcee-4377-8eb6-6b840ea4e5d7, 352,820,772,Yossi
563e9bdd-65c3-410a-802b-b6b549203dc6, 938,719,778,Yossi
634679f1-e86c-4e6c-81d8-549fcca01aaa, 810,984,50,Yossi
f837a0a1-9c48-44b8-81a4-71e7262a90c6, 537,569,570,Yossi
579cddf2-44fa-4830-bb48-1b0ed874813d, 385,413,180,Yossi
720ded10-0f36-4d01-97a4-f52e1b27820a, 557,771,184,Yossi
03684b1c-6c3c-458d-ac41-f191f51632f1, 19,937,839,Yossi
2f762346-179e-4432-83c7-603c6794ac92, 397,530,586,Yossi
2fa0abfc-652d-4347-acf3-cc493ae2f60e, 75,621,41,Yossi
28a34233-0e49-4880-ad3b-b5bbd45ebc2a, 310,100,310,Yossi
bb19f045-693b-4078-b491-de196fef05dc, 16,956,466,Yossi
8d600f16-f56c-4919-aba8-bd1f62efb038, 556,962,692,Yossi
51fddc4b-8964-4d29-b369-496c07169ec2, 240,231,584,Yossi
edc507d1-c24c-45c4-be00-2ccfa3b2176c, 590,655,186,Yossi
b1241b6c-f444-4e6e-bb1b-5b6c0487c187, 76,765,859,Yossi
b99bf6e8-5d3d-4629-8f27-654e70c229d3, 352,623,960,Yossi
729b4665-d68a-4cce-b76a-00bfbfc28a61, 641,269,147,Yossi
ed46f3dd-8ff1-43c1-862d-7a47d751f5bf, 561,650,891,Yossi
4b9505ae-9c9f-4ba7-b3c5-c3ba15f153a5, 641,954,290,Yossi
db12b3fb-cfaa-4c6e-8855-d96a8ab16eff, 186,863,99,Yossi
c4b07226-40e4-40c0-9b8e-1e118c0787b7, 737,501,885,Yossi
bd0ae5ed-64a3-4df2-85d2-9b6ac8de7636, 738,521,612,Yossi
b505ed3f-8823-420d-b48b-1a035c8500d3, 105,828,450,Yossi
1c642696-6dd4-4ae2-aceb-b7d731e7ad73, 486,317,540,Yossi
969fdd74-30fb-4503-8dd9-ca6dced80446, 599,428,282,Yossi
62438382-574c-4e49-a17f-1936ae50e3b8, 653,322,764,Yossi
0712a304-a4cc-4c51-8e14-9cd610bf54a6, 725,722,996,Yossi
8c7bd2e8-023c-4005-9ae1-11f9a87ec753, 80,668,830,Yossi
e9f7958a-77d0-4edf-8d67-f84628455a08, 163,453,307,Yossi
14422ec9-fb76-4050-a97a-deeae2385ff3, 573,913,9,Yossi
aa6b3cdd-5cf9-4452-92e6-e10618a77ad2, 403,54,366,Yossi
f4afd9bd-c514-4476-b132-bd983cb37ded, 485,851,155,Yossi
35757e82-c173-43b1-aca3-afe7abc057db, 300,336,244,Yossi
d9c51b16-b8a9-4b52-a04c-8e5665393d2e, 248,248,794,Yossi
1e11aabb-319d-4ba7-aedc-b16bfe2fcee8, 510,155,950,Yossi
7283a0c4-be04-4c9d-9235-21e6a72a9bd8, 606,961,223,Yossi
8f63ae15-25e7-432d-a95e-0dc62815e298, 609,986,632,Yossi
b0678c07-5e74-4758-a9df-65ec60db879e, 525,459,142,Yossi
2d619b2f-191d-40f4-aa44-9327b75ce3f6, 101,657,831,Yossi
e108713d-9d52-4829-bcbd-ec03943397b0, 56,575,68,Yossi
fd92756f-e1ec-4a86-9d74-2066577e82ed, 305,530,913,Yossi
885391da-8b22-47d1-be28-d9acb13d9b09, 442,84,264,Yossi
905c5919-ff22-4653-bc18-b293bae7bdcd, 174,114,576,Yossi
833a36a8-e570-45d4-a9da-75c29dc38158, 128,354,984,Yossi
3373ac8f-4a81-45fc-bbd5-32e63fb3f908, 520,478,474,Yossi
24516b71-9dd4-4b85-86de-c9ab6f165831, 203,569,513,Yossi
21761bfa-8a23-473b-a61c-eba0dad054b1, 878,556,490,Yossi
720de208-cf66-4837-9037-021ff8413b76, 84,962,925,Yossi
eb9cd0e0-5ab9-410f-99c7-1d26d79a2e38, 375,876,593,Yossi
5039cced-98e2-410a-a88c-809e4c599090, 225,385,194,Yossi
fb9b5061-41fb-4510-a482-5856ea297e54, 323,244,759,Yossi
4954da24-a9e5-4366-a8bd-a7fa7b755968, 176,941,716,Yossi
b0c16d4a-f462-4273-b774-791eea0699a8, 880,69,72,Yossi
25519ce5-391a-4673-9307-818bb76dfd93, 687,432,848,Yossi
5cab4160-d68f-4d38-90fa-a56dbba6af0e, 645,482,633,Yossi
2b4b67e4-a4e2-4487-b165-52b4ecd7b1c2, 647,6,980,Yossi
d8a98b90-f0ef-4fd6-ac52-89b74a6a9cb1, 666,897,89,Yossi
45191e8e-4525-499c-ae95-05b45aee17a2, 319,176,19,Yossi
cb209b08-850c-464d-a91f-a62692353f40, 577,222,567,Yossi
38f61ad1-33d8-4da2-b4cc-cbb89af76190, 986,67,206,Yossi
a6e6bcbd-8ee1-49ce-b90f-5c5c5c94f48b, 669,948,728,Yossi
967ae3bb-6176-44ed-8edb-d16283e17ca5, 382,803,110,Yossi
8d3edd6a-c959-47b1-bf65-9a766c67f621, 225,344,535,Yossi
318a1fb1-fa75-411e-8832-152a70de9b90, 757,322,500,Yossi
976f117e-1bb8-4c47-8b91-15dd99128061, 441,192,125,Yossi
d932421e-2bb2-4da0-ac48-db0e3bfd2a26, 641,437,480,Yossi
15912f65-9730-4d03-8cdf-6e8b7b2083d0, 293,727,871,Yossi
28fcd020-0e62-45bc-987d-f5cec25921a9, 612,557,486,Yossi
2bf6265e-ae8f-40a5-b5ac-836f464fc0a3, 105,5,69,Yossi
f2769fd2-f9c6-40e1-905b-19bc76761096, 740,598,720,Yossi
ee0c0111-2bbb-44a5-a496-75581fdf1d68, 150,892,2,Yossi
c952b15c-348d-40f5-abaf-b25b4c3673c7, 865,18,483,Yossi
23e8c422-fdad-4b0d-b3a7-b2c9dd0b343c, 121,263,678,Yossi
006ee8df-dd2e-48db-bf7e-e49098abc874, 523,422,660,Yossi
8b8b303b-9328-40c7-81c7-6d5297d7d519, 445,907,576,Yossi
5e5885f9-360b-467a-9286-0e1ab7f9bea9, 588,876,982,Yossi
a8fb7152-b34b-4bca-98c8-4f0b6b335454, 893,934,783,Yossi
1175137c-6563-4340-9790-233d762ce708, 87,693,339,Yossi
d9795e75-a696-424d-8dc4-27914a1661a1, 333,57,391,Yossi
6e167ced-d1bf-443d-b3f5-62f4c461df9a, 242,278,799,Yossi
4d9e93c7-cd3f-4319-bc31-66ffe7684dee, 42,484,744,Yossi
3d4a848d-db71-4177-977c-9df835c62a75, 814,608,428,Yossi
17225055-c6d4-48e2-80e0-506639f9581d, 498,575,174,Yossi
15028136-5710-45c1-a4c0-5a03106ccba8, 641,520,175,Yossi
71d9553f-bd5f-4471-9e48-28c90fb0e4b8, 801,769,306,Yossi
704177d9-865a-4b39-9444-19e48ed1c997, 212,168,649,Yossi
594d1ae7-fd0e-4ae2-88d8-e3340995192e, 908,516,128,Yossi
9666c629-563e-457f-8d22-dcf2d91e1a23, 85,846,663,Yossi
5f4caad7-b9dd-479d-a61c-e60ab005e861, 936,64,199,Yossi
859f8293-05d4-4765-8681-b667fc46c22f, 662,532,960,Yossi
b40de325-f776-47d8-9766-076f1fdf2a4d, 92,877,984,Yossi
37df19e1-386e-40bb-ae0e-2097eaae9559, 877,482,937,Yossi
232557e4-612f-4be8-822c-60a1cfa96fad, 914,630,300,Yossi
5e7a5d57-50a6-4add-b30c-addd0fe221ef, 149,91,301,Yossi
36d8c61f-bbab-4bc1-a163-d84f1692569d, 809,252,414,Yossi
85d36e79-bfa9-4c8f-8923-c0821893e6b6, 609,284,923,Yossi
a07cdf1e-115e-408f-97f3-c3cc8e56ca05, 34,122,888,Yossi
ef4cf271-2da5-4415-a66c-0f43dd6f7a03, 741,332,761,Yossi
e64b7a91-6927-4356-8c52-e13226d3d6c6, 672,956,636,Yossi
d232f8d1-8900-4e25-9bab-aa68774e3da2, 82,877,545,Yossi
277a5e32-a60d-4c16-a58c-19d4254f67b5, 229,834,43,Yossi
2b528321-3594-4763-833b-b18d43a9f7ba, 213,549,642,Yossi
1be31cc2-5e82-4b73-be46-8b01c53abf3b, 189,923,287,Yossi
3f89d91d-0b7e-434a-9f1d-a6d2467ea2b3, 368,296,536,Yossi
64cffbe4-4895-4f6f-939d-46925108a89c, 349,760,425,Yossi
5ee56678-d4c2-4521-9485-218b8dfcce9a, 825,275,594,Yossi
5377baa1-a19a-4751-916d-09d16d4c50ca, 249,327,779,Yossi
6b0c7001-bfa1-49bf-bd29-eb5d321b89db, 275,629,411,Yossi
1f8f84cf-9780-48c1-ae09-c040561b1024, 72,350,546,Yossi
ea840599-711e-4344-be64-f3b1f7b8378c, 224,206,524,Yossi
712884db-fdd9-45a8-b73f-dcfa0d729c13, 301,832,751,Yossi
78a1b26e-49f9-47cb-9856-5ab4a3f44559, 754,918,255,Yossi
2393300e-8867-48b0-b265-c36a108563de, 258,596,702,Yossi
73687f66-6711-4e12-b452-9cec95df2906, 771,420,359,Yossi
cff8c42b-7bad-4128-a763-fe22735f9e5c, 636,665,824,Yossi
28bd4118-4805-4570-bd66-2a5c9578e387, 352,392,570,Yossi
b3efce18-3a9c-432b-b975-4f5a99b3d5b0, 336,845,682,Yossi
9f687f9b-45ed-48a0-840a-99d0ba80cf43, 43,832,550,Yossi
f79b8e99-18e7-44bd-a883-b6705f47c2a8, 765,953,206,Yossi
0561d981-de68-4f1d-a89c-a98bc4561661, 631,142,200,Yossi
00be953f-75bf-49cc-bb95-97f774e59fe2, 96,964,717,Yossi
0b58a58e-a02b-4b6b-b6e1-c2405fcff68a, 762,67,462,Yossi
c0235d8b-4adc-4766-abe4-22bb690bbca5, 784,594,841,Yossi
4bc3049c-c89b-40cf-8f4d-db53f1b98679, 171,567,677,Yossi
809f51d9-3281-44e6-902f-d9476d225ef6, 891,476,906,Yossi
43a6ba8a-38c1-4baa-9040-e6a9d4e07844, 420,637,963,Yossi
7d47e7a5-0d8e-4bdd-a5d4-e797b62257cc, 586,718,956,Yossi
eef4226e-f6ba-4835-b7ff-4d66ce3a1825, 974,887,359,Yossi
5d3ce0aa-6efc-4c80-a92b-794d5d301092, 841,258,1,Yossi
b19740a3-fd56-42a7-bac2-d2afedd908f5, 202,988,963,Yossi
02a45786-0d9a-46e6-98b6-5983092f9f22, 49,626,455,Yossi
9e455db5-5415-4384-8e04-34c3dd4a0d37, 502,676,455,Yossi
d2bb5d2d-bec7-47a0-b58e-94b34e877261, 641,873,598,Yossi
671492b7-eb42-4c6a-8418-fca09db95a4f, 362,567,797,Yossi
d9f7c251-b368-42f3-9269-ed3affc5aa11, 727,165,278,Yossi
20204b8d-4864-452f-b45d-2d6bdfb7986e, 5,151,357,Yossi
6a9b939d-f0bc-40f2-bc7d-94c320f9b5cb, 643,345,317,Yossi
9a4f5ab7-76c9-4c82-b140-04fc88dc3527, 242,45,422,Yossi
203aa1e3-6cad-4e3a-93ca-d799e8649600, 242,121,77,Yossi
c70bccda-43a2-4d26-9769-21299c750189, 359,919,807,Yossi
6ff94aaf-592b-4e37-a29b-a39809d1e49b, 462,582,605,Yossi
ee35af10-8f94-4f61-adfc-884d8172cead, 876,122,940,Yossi
51bb3d99-1727-4c04-9368-2229e19a91f0, 223,389,799,Yossi
8c1b14d3-580c-43dd-af57-2d42adacf8f6, 451,778,762,Yossi
338c2417-68ac-4894-bdfa-256c72d8f982, 365,225,151,Yossi
d5a2bc66-3390-4774-b8b0-c34ce02e6b18, 160,247,722,Yossi
f20165ec-5c3b-4295-8f95-77c6c4442bb5, 81,837,108,Yossi
bda2a71f-68c6-4cc6-ba12-02e732f73997, 643,558,643,Yossi
36fcf28e-d11f-476d-a6d1-519960c3b06d, 647,806,582,Yossi
2cce263c-9836-439f-bd4a-03a9d5a8bd05, 33,260,555,Yossi
ee5a990d-0983-4b98-a727-feede2b7f054, 378,282,953,Yossi
2cfce8e5-463e-4ec4-baf8-d5d6ef00a9ca, 789,898,984,Yossi
cbac4873-c649-4ae5-93d1-85f964e4b325, 193,850,44,Yossi
a6312b49-5d4b-46e3-8cd3-90d7f9928dc9, 337,780,760,Yossi
c2e29e67-6cee-44ec-b922-d486e840948d, 556,192,566,Yossi
6b8aac6b-d7c6-418c-a04d-266100f73251, 553,875,819,Yossi
441620c9-3423-4918-a976-2c28394ba9a7, 271,83,872,Yossi
790c8956-9aa9-4f2c-88b0-72a055b88987, 354,278,83,Yossi
f7ced485-a431-4b7d-a0cb-8addfb377fd7, 700,818,25,Yossi
ad913b69-d11f-4004-93c2-740845260fc8, 960,230,315,Yossi
c104df08-24b0-45b8-a482-0e6fff37ec56, 359,190,129,Yossi
bba3e471-4581-4942-97c7-6d8025b195c3, 244,73,496,Yossi
ced5f1d9-4e92-4b85-ad1a-49eb343a90f5, 808,575,325,Yossi
f28f1362-0972-4b3d-81ab-0c0224ee976d, 166,966,396,Yossi
ead1d6e0-6b2b-48e3-9ffd-a42b22ea02e5, 679,742,57,Yossi
fdc82e3d-9eab-4fef-92d1-87b57c5d59be, 347,87,366,Yossi
533c9cdd-c39d-41c1-98c1-3cbc6d537319, 77,94,929,Yossi
ea08f239-56ea-4847-8204-3132f9261686, 761,761,178,Yossi
7babe62a-3bc6-4200-a349-c479ef406d4e, 682,25,4,Yossi
18df9c32-eaf3-45e4-8414-74a38ba7c002, 870,90,80,Yossi
55872b5e-83e3-4665-832c-5a4a789113e6, 959,231,620,Yossi
088f01ef-66e7-4764-bef0-ea64637b3b04, 727,977,591,Yossi
865236a6-296f-4d65-aa73-d75eec405635, 631,313,119,Yossi
ed4060b7-cbf2-4e68-9507-9e9741142df4, 71,744,301,Yossi
094e2a73-79c3-45b1-bc82-be4510c1f19c, 495,105,116,Yossi
8a4df08b-2fcb-4dc6-93df-d50a1581a3de, 476,673,534,Yossi
1c460f84-582b-41a6-898b-c46c8d07af33, 27,354,732,Yossi
a6f009f3-4794-4f95-b463-88b7653869d4, 657,884,137,Yossi
fb6effc2-9ef8-4ebb-98a9-7faea86e6ac6, 384,596,428,Yossi
9d3eb05b-ef8c-4f2a-a78e-71edb944ecc4, 950,560,49,Yossi
1679f2c7-9dd6-46ba-95c6-709fd41dae92, 492,936,485,Yossi
7bf889c7-67d1-4ddb-805d-7d536ee0c86a, 245,205,735,Yossi
592d08e3-6c7b-4e47-b221-609f4f77e7ef, 775,950,764,Yossi
fbf8bfb1-7ef2-49b6-bdc5-335f8f87202c, 464,714,773,Yossi
e71da0c5-d8cc-4a0f-9a5a-801b259bde42, 248,6,348,Yossi
0c5b7d43-4327-43bb-824e-85ae65c7e3c6, 629,267,656,Yossi
6e19335a-0995-42d7-96d7-58662a22c622, 63,206,350,Yossi
e991d958-ae3c-4336-b6b2-a96a752fc25b, 468,844,735,Yossi
ccecb2b0-ac10-4078-9733-92a7a063e1bb, 347,303,345,Yossi
751cbf10-6c05-4e77-88fe-eb159cd2f3c7, 484,344,381,Yossi
894a9b15-59c4-4970-bf6d-c024017cf399, 164,680,751,Yossi
039f8e8d-a304-47b3-90f3-8c83f49605b1, 71,578,806,Yossi
654e8fde-b918-4e04-955d-18e001fa6c43, 814,250,898,Yossi
de2d6c92-b2ea-4dba-9b23-bb59ef5430f5, 379,700,722,Yossi
98a92e70-22f9-4b54-9ecf-f28f83f53c8e, 769,561,638,Yossi
b5cb25e1-3d3f-47b2-95ab-3c54e9483306, 958,410,878,Yossi
8d811998-8809-4f89-812e-855713e5de2a, 787,754,330,Yossi
09d08dbd-d5ae-49f2-93e6-e6ef92dbb6ba, 770,888,355,Yossi
a4ed0771-7fda-4483-8323-899cc0e0d6eb, 697,24,92,Yossi
bf456c05-cdc8-49f7-bed1-872ae61a6610, 749,897,901,Yossi
ee815a95-9c8f-480b-8ff4-298b9302c1a7, 390,291,606,Yossi
33364e0e-509d-4db6-8f64-b6fe665b6346, 383,301,34,Yossi
e407a353-6043-4743-81ee-3ae8140d53dc, 22,177,427,Yossi
61834ea6-d4dd-42c6-ad24-3bc6b4c1f602, 541,813,18,Yossi
913bfdc7-02ec-40b7-8db4-5887ff6256ab, 757,682,505,Yossi
83f83453-ae11-4940-a666-cb4e32a751ea, 627,698,284,Yossi
6a4a00a5-6c78-4088-9d80-ef3c8e3db38b, 97,387,892,Yossi
0ec6441b-c198-4f4b-9537-008c87749dfc, 466,695,589,Yossi
fc8794bc-7ae8-4900-82cc-e331e50cf8e6, 52,392,791,Yossi
1572d6d7-8fef-4bf4-a405-67143a756ac9, 397,372,554,Yossi
421b75fd-d612-4e37-ad9e-ece4b343bb64, 714,66,352,Yossi
9398d5fc-df5a-47fb-911f-dc3db382ab63, 996,988,409,Yossi
aa8217d5-f3bd-4f15-82f3-f21a33897edf, 116,386,260,Yossi
6a913f6d-db8c-4ae2-8c09-3fe6f8093be0, 604,936,233,Yossi
bedc74bb-8e78-4504-befc-a64c743dfcca, 452,247,939,Yossi
3081b0fc-da57-457d-ac5b-ee273b8093b2, 313,14,206,Yossi
