0ea85d83-6c77-40f7-8f2e-a934b7ab5862, 842,725,511,Yossi
87a7ba28-99e6-4b81-a50d-e4f43fb183cc, 80,553,50,Yossi
b9866169-8ff4-4501-bae4-fe0dbe4ea31e, 277,347,290,Yossi
7ce91f75-2e3e-4ae4-8111-e0ab893cc404, 90,823,2,Yossi
c56961f2-4348-4ad6-8782-969060613768, 548,259,991,Yossi
73d96fc2-41d8-458f-89fb-d6ecbd7eb3d3, 597,951,634,Yossi
091607ef-10b4-4cf2-afe1-e5d657be1fde, 505,100,451,Yossi
fb9dc21d-19ec-4d20-9165-9a490bda21ea, 240,84,528,Yossi
20c97466-5d55-417f-a98b-b2d3c5bc9b43, 360,351,105,Yossi
c586d63b-1fdf-4645-a25f-4f2d03d455d6, 756,601,421,Yossi
cda8a38f-0504-4268-8d76-afbe98389254, 521,866,64,Yossi
5e8c836f-609b-472c-bab0-ac3cfd9768ce, 111,504,751,Yossi
9ab86572-e3de-46ea-9b57-241956738fd9, 100,314,318,Yossi
d79e31a0-9911-424c-aada-b90428667772, 726,157,760,Yossi
6201cbea-a404-470d-adc5-fac5a90628e5, 810,545,660,Yossi
81fd0972-2c49-48fe-94d6-5d3300bbdbc7, 943,84,216,Yossi
bd308771-0ce8-40a8-9317-f9c9c8c90288, 305,221,202,Yossi
068fb24e-3263-4d95-b51c-104d6d11a38e, 191,700,840,Yossi
2aad7c6f-ad9a-494f-ab69-e1f5c8d270e4, 261,602,642,Yossi
c9f9707d-97c0-49bb-a220-d8ac1237b6cf, 982,718,202,Yossi
ad8fd2a3-47e8-4e5a-8dee-210f5bb72dbb, 943,520,745,Yossi
a4902d07-a261-48eb-9f8e-463a86d71de7, 867,567,956,Yossi
ed56a236-6196-4d8c-b832-ae03eb662601, 936,438,754,Yossi
fa23012d-b3aa-4711-a7bb-7022f860c53c, 241,497,637,Yossi
4963a5d5-1923-4c07-831e-49e82f71daff, 316,777,941,Yossi
7ba92ad8-abdb-460d-ba5f-3de542663fe6, 689,429,537,Yossi
69865b21-8708-4efe-8dc1-9b87a0788640, 867,416,268,Yossi
ac6fe950-c323-4ac7-b14f-bc86347a7dc9, 888,452,380,Yossi
29502c9f-6a5b-417c-8fdd-ccf6cbe1195f, 219,331,166,Yossi
f5f1a159-d063-472a-ae82-ce94450868c6, 222,848,900,Yossi
f12fa4b7-f6e7-4423-8bbc-a0f217ecfba3, 109,117,594,Yossi
8dcbce42-ce85-4955-b92b-fef07a0aa1e8, 116,782,635,Yossi
342b56fa-bfe7-4eed-a479-ad6ddd8a8007, 16,941,977,Yossi
f0c650fa-9eab-4f02-abe9-06ab8313b7f2, 703,7,644,Yossi
4a033f47-4bc7-4872-99af-9b34814971d1, 460,64,723,Yossi
70e2177a-2a61-4c1c-bf08-b117089245fc, 564,873,922,Yossi
19b7b37e-1b41-4606-82f4-0965066d0e0b, 897,570,174,Yossi
bc6e9138-61e4-440d-926a-6ba6cc61c505, 105,115,302,Yossi
22aeaabb-79c2-4d9a-994a-df1a02e3f19a, 933,55,69,Yossi
bbfdaf55-985b-4959-9190-14fc8ebf14d7, 365,649,237,Yossi
1d3e314f-c0dd-44d4-b864-f306bb3b7f28, 790,714,589,Yossi
fca9e8e8-f94e-4470-a444-91d7e63f22c5, 853,133,380,Yossi
7d60f7d5-6c5c-48c2-bd75-99c8d57d2c10, 44,201,994,Yossi
c6dfa65c-2b6b-4e03-afd1-f2027c53d17f, 307,674,486,Yossi
de7e70d3-52b2-476e-9123-11b3981cad5c, 559,165,409,Yossi
5d027129-787c-4607-88ac-3e219d361395, 622,429,388,Yossi
ee1d3e61-5e6c-4ab5-b7a7-ddd60f3ac233, 656,654,456,Yossi
36d0d076-1b7c-4237-a1d6-1022efba4f27, 243,323,278,Yossi
abea180b-7c67-427a-8c75-1756ccbbd77b, 726,4,3,Yossi
0ebc0417-099c-49df-81f1-89e91cf3ffbe, 292,182,727,Yossi
382bd902-38ed-48e6-87a5-005d525ce8c5, 567,649,293,Yossi
f7a70697-866d-4360-a30b-34c27e2641ef, 740,911,292,Yossi
ba08349f-90c3-4b33-8a0f-d1a4eb40f542, 56,606,929,Yossi
5346c643-0fb1-4feb-acb8-8216defff44e, 343,520,673,Yossi
462ff8ba-28e5-4515-9313-c96bd76555f8, 926,591,895,Yossi
f42e7920-bc01-46ac-afcd-4ea1b46cbadb, 687,545,949,Yossi
5c3c9625-306d-4f03-b706-3e6761259c31, 892,311,625,Yossi
fad4dd6a-d4e8-4dcf-8dd4-758ad04f598a, 679,708,993,Yossi
f6e45b47-68d7-483e-9518-d3f4d4a95abd, 780,547,391,Yossi
ad402054-e11d-4a78-8f8b-4aa4c0576659, 311,127,129,Yossi
4567e780-4dc5-4e1a-a88c-8e565f5ac1f1, 378,750,19,Yossi
b6715c17-6d61-4f3f-aeb6-60857e11cf35, 267,738,25,Yossi
eac9fc7f-89dc-40ae-9468-b68f6b63dc59, 193,817,252,Yossi
a0bb2db2-eaed-4f51-8cd7-1db14e5940d7, 118,567,821,Yossi
331403f5-00c6-40ae-adcd-f00beba5e196, 458,314,135,Yossi
a01e7dde-22e2-481e-931e-6c990df7c8a5, 781,315,731,Yossi
57046526-3d1a-4276-9810-2567ce190b61, 382,39,457,Yossi
c971bf4b-7408-4d3e-a487-af6d4bfcdc63, 53,399,870,Yossi
59d44ed7-162e-4b61-9109-25a783fbd172, 103,887,940,Yossi
76f520c3-218d-495c-afc0-7e43304ee44d, 299,959,365,Yossi
0c625ee9-c7ba-4d69-b606-0cb1361bd036, 899,744,479,Yossi
01e794bb-0677-42d5-a7cd-11ad4748c068, 801,963,769,Yossi
217030ba-78c6-4051-82f2-18bee8d9ec1c, 655,659,852,Yossi
c41a9ef2-06f9-4165-955b-c974d0e0fe3a, 870,494,727,Yossi
e4cfa7ea-a3b5-4a58-b268-0b7ff1cb8c20, 697,774,743,Yossi
85ece6d1-0838-405a-bcc9-6a332b0bb535, 802,222,395,Yossi
876f1dcc-ac39-4165-86a7-898c756931af, 859,997,232,Yossi
8f143be0-62dd-4ced-a70f-3b6a1e2a0595, 659,928,88,Yossi
3a16a066-5f75-4b07-9e93-817b823dae9d, 670,326,352,Yossi
e80fd239-21e0-4474-9234-c38b2a0b6188, 147,165,850,Yossi
97d006d5-c8d3-4fe3-83aa-57412dff3ff6, 84,893,856,Yossi
6843e1f6-6a49-4d3e-a3ec-98eb064614c2, 886,218,821,Yossi
50fc6ef5-fa64-4c28-8859-789880f30304, 342,655,349,Yossi
6d6cac1d-d9a8-4791-bf91-6c2eb5f9c6cd, 364,127,655,Yossi
246b6e88-21af-4d4a-8bee-99402fb23f8d, 877,510,544,Yossi
99445a19-a318-4c46-88b9-c0be7c345371, 729,354,623,Yossi
fae498f8-d70b-421c-a327-4b5c3978af3b, 128,299,665,Yossi
dac53e9a-1bb4-4646-9380-3bb88966a884, 545,439,961,Yossi
4fd70879-3203-4c56-8b83-bd70ab6bef33, 133,240,814,Yossi
a492b50a-6816-4005-8e9c-ce30a33ee590, 392,131,638,Yossi
bcec1d8b-fd6f-4359-9f5b-b50367b8ab00, 417,508,495,Yossi
489afa63-d14a-4e4d-b13e-dcf09166a518, 3,787,600,Yossi
be200ca3-e804-4cb8-abcc-96ebabb8d35c, 870,809,557,Yossi
7f1e4e12-8c3f-4c39-ba9c-7a68e89219ff, 920,461,565,Yossi
f3972b46-79ac-495f-abfa-705ae85b4864, 47,495,871,Yossi
b181d01d-7acc-4449-97cc-650ff10cc91e, 576,781,419,Yossi
3e3d15e2-757e-44cd-b6e3-435d094a8c18, 543,940,970,Yossi
cc7275d3-0209-4256-80c0-54c0be57d58f, 727,20,865,Yossi
7f7c0644-6dde-4c0a-91d5-5c959642009b, 185,537,454,Yossi
577c2546-e57c-4ed7-a6b3-3ed95546aff4, 894,754,976,Yossi
1bf930e2-8835-465e-8679-c580ddc44b86, 8,949,524,Yossi
252285ad-1a79-49a0-a3fa-bb97f0db8b3d, 710,946,618,Yossi
a8f572b7-09a7-4708-8ab1-eb3313a6a24e, 160,875,721,Yossi
ebde9789-7308-448d-9da2-dc5519f62d21, 942,857,543,Yossi
d9be68e9-014a-408a-934c-c0a5d61bf306, 66,207,837,Yossi
62156424-a7f2-40bc-84ff-2540a3bc56a9, 100,499,943,Yossi
fba1fd70-b73f-40f5-8a1b-b3c222d9cd9e, 90,555,458,Yossi
9c049bf4-07de-4e1b-863f-7692074bc9c0, 396,847,190,Yossi
76d45483-c3c9-4235-afd8-af959cb4f3b5, 666,689,488,Yossi
08ef34c3-0f65-4f8d-86a1-cdaf58e0e2f0, 628,816,250,Yossi
2c46c1ef-e779-43df-b7ef-8177422628d3, 146,974,56,Yossi
54d348db-c637-4b88-885f-9ba6eff4bc71, 580,912,510,Yossi
13f13395-881c-45f9-9107-b2713c604f27, 42,335,548,Yossi
a457c388-d7d0-4072-89a6-42e254f0dfb7, 253,416,904,Yossi
ebeec5e0-49fa-4b7e-913a-dedfbe67bf6b, 696,600,83,Yossi
86a8e5f6-a067-42ab-8352-5b784c0cb412, 427,661,811,Yossi
7ad5722c-63c4-41d8-b552-c024414b9a09, 29,85,38,Yossi
69f7c3c4-e6f6-43da-bc31-e4fa1d0f30bf, 510,804,199,Yossi
c1bb7988-6741-47b4-bf0a-017586918a09, 518,610,103,Yossi
f9db4e8f-eafd-481d-8f53-35f5e372a1c2, 334,44,258,Yossi
8197e754-580a-43aa-8aed-a9363ff5265d, 130,531,59,Yossi
dc118a97-c42f-4da5-91b2-6d24357a27be, 471,796,881,Yossi
073ade00-7eff-42e4-b89d-18e26a78f2b1, 488,485,293,Yossi
f269d0ff-bde9-49a4-bc3c-43e0467084ee, 327,59,164,Yossi
11ce248d-5009-4ddf-b537-659104e9c630, 396,835,139,Yossi
795ce12a-01fc-4a37-89cb-3e907a6b3271, 552,698,248,Yossi
098b0f25-6111-488b-b1db-2c9e002da7b9, 107,240,28,Yossi
d884f3ad-78f3-4976-b0d9-97637e43d272, 675,600,732,Yossi
88d0b124-5a39-4564-beb2-8dc4dc5eab42, 212,635,171,Yossi
1b674e00-a5b6-4f3d-838e-a93f757a1710, 856,62,303,Yossi
a6dd3068-3473-4b49-9724-79f6d437f359, 408,706,292,Yossi
f3e61f87-2e26-463e-99c8-47334424d549, 290,124,884,Yossi
7fafe05b-7877-4551-b8b2-f4c0541a59ac, 846,225,802,Yossi
62dc6c36-6a53-4226-b384-8defa68271b1, 200,938,177,Yossi
35cef30e-35c3-4712-afb0-0cee416f1ae6, 519,700,27,Yossi
a77b4b66-09af-4e39-badb-09ea77491052, 873,115,967,Yossi
904cd2a3-fe03-4fd8-8bb2-bcfdc9c1dd07, 60,965,910,Yossi
3fab4069-9dc5-4894-91be-3e5e25d8b4fe, 854,227,803,Yossi
e26960af-eccd-452a-8483-83e68f1b7e12, 230,453,930,Yossi
e6105019-819f-4809-aa24-012dc31d31a4, 326,259,162,Yossi
b0476fd8-6c15-41ce-8e19-26c04b93a462, 711,630,424,Yossi
dca28805-5437-49b1-ae12-5fd3165b89b8, 989,918,351,Yossi
6b43bcc0-6986-4b46-a928-952eb0c5900e, 871,106,712,Yossi
48418f43-04e5-4740-83d4-74aa8b9ab778, 254,705,474,Yossi
94517ab2-ea64-48dd-8169-bf4d77ba3692, 444,906,300,Yossi
861e57ca-3c8e-44bb-b989-875f5e1925ac, 849,157,898,Yossi
ca72d997-ae79-47c7-93dc-b7a375e8ef36, 706,338,521,Yossi
79171bdd-ae6c-4b57-9b15-a381e3cd8a6a, 202,796,95,Yossi
ba5f2d43-64ed-47ca-89a2-46d164412bda, 391,553,479,Yossi
d97d0946-44e5-4b5a-b13a-5bb63da21f9b, 487,61,670,Yossi
0353e2d3-8b45-4ae4-9835-b4f835930fb9, 953,520,964,Yossi
3b3572c0-8f9a-41dd-8cbe-9b5160b46b71, 641,488,308,Yossi
8485a0be-b922-4900-ba82-c96d03a9843f, 752,529,781,Yossi
e9695840-8d1d-4030-a88b-b9ecf6791550, 674,2,9,Yossi
f58e0715-0264-4f28-9ee5-2aaa14541263, 256,805,261,Yossi
155549a4-c428-4d03-84b2-fabae70eb67c, 437,410,320,Yossi
7d385ad1-48c8-4ae6-8d7e-76f6217bdf21, 503,380,296,Yossi
9a9dcd21-716a-4c8b-87cc-c779f83d16c7, 33,619,920,Yossi
32ce2ce4-32b4-4c9b-8fdf-fe9604a9559e, 639,509,832,Yossi
56b2f0fb-aedc-4113-b127-f745a041d75d, 329,598,366,Yossi
a0b3a7b2-9ac5-4d24-a5a1-24f1be367a02, 871,384,46,Yossi
4f1d673d-8b17-4352-bcbc-974a2948d689, 43,300,185,Yossi
e98a5ed1-6c9e-460a-ad36-627d73f40f87, 508,802,418,Yossi
38be7cc5-88df-4697-a6dc-b2c0e978cce5, 990,98,627,Yossi
cbe1117a-df6a-45e2-bf29-f850effa7c77, 117,32,337,Yossi
2f3ad45a-b474-4fa7-9b37-26b625dccf84, 512,945,990,Yossi
86efa171-1e3e-4348-86ac-057ddbc06e9f, 833,952,143,Yossi
bbf61343-6d0c-4c00-9270-eb9fc21729b0, 159,982,679,Yossi
027076f6-00f9-4517-b982-77433a8c1a46, 374,921,900,Yossi
d6a43460-d32f-4d68-b806-697aa147a5ea, 45,2,977,Yossi
5ad4bf52-7874-4025-aa16-4c331005e8ea, 474,424,929,Yossi
463bfec9-a00a-400e-a94c-c6d037d016ed, 415,801,616,Yossi
466f5e94-1fe6-46fd-b72d-1d8ab57d96b5, 962,214,506,Yossi
9a3af481-b9b0-451a-a24c-c83a48e41f5f, 76,928,607,Yossi
3f5cfdb0-823a-4654-81bf-46ea2976edc4, 900,511,282,Yossi
09e4219c-7532-44a4-8a24-d91a7427acc7, 668,914,587,Yossi
5fc83d63-03b0-4299-9d0d-3fe29fac011d, 584,128,562,Yossi
ba2497b7-3395-4767-bd1a-fe0965b1232b, 841,494,645,Yossi
92692b83-bde4-480d-a1c6-ce46b80d2a5c, 223,712,401,Yossi
98968327-0703-450c-a6db-8197ef6b82fb, 365,667,378,Yossi
56794ce3-413f-402f-b45f-ae3ac83e0641, 283,463,800,Yossi
deae47a4-18d7-4ae7-9083-9dec7cc65bf9, 440,517,673,Yossi
659212db-544b-415e-bb95-97184c6d7f20, 696,701,230,Yossi
2a084e78-9c2c-4dac-ae05-263ec9bf7323, 719,548,732,Yossi
b56cfda9-ec76-42cd-9a23-4e9c80d06ecd, 485,758,25,Yossi
031c90fe-7119-4fc2-94f3-bbc38e1b3eef, 535,258,471,Yossi
cb452522-dcc1-4733-8f3a-8a9c245e4efe, 397,704,7,Yossi
fd6b20a8-9d8d-4b81-ae6a-13fa695a3efd, 314,460,872,Yossi
404daa43-9422-493e-b9af-436c521bbc62, 415,632,928,Yossi
736892fe-5570-40e5-893d-86699eb993d2, 285,192,90,Yossi
c36dfc65-0cc7-40db-8fde-be14644afe85, 216,598,545,Yossi
276de0aa-93e1-43ce-9aad-48a722ed8277, 129,792,466,Yossi
f5effe81-a5cb-41e6-afca-849a544c2d8c, 805,461,993,Yossi
59ec2f4c-93fd-4bbd-8a71-64f43f017042, 608,970,214,Yossi
2befbbef-63b1-40ab-82c8-5817ba77de51, 358,863,578,Yossi
330bf896-3c89-4e8a-bb40-6ab41ce04b3a, 829,356,735,Yossi
1f367253-48e3-41bb-9213-3f70a0954937, 620,687,455,Yossi
5e9a4915-6e45-4f80-b0f2-a2ebb411da01, 928,966,961,Yossi
f1c43738-f5d3-4447-84ca-4d963207e2ee, 371,967,3,Yossi
cc78f31d-05a1-44f9-aed8-1638113fd5a7, 927,25,883,Yossi
cbe222f9-8120-4fe0-95e3-ac1aa96f1199, 743,412,509,Yossi
5aa33d7e-c4c2-4969-b240-ff5a3ce024f9, 140,503,949,Yossi
1991918f-911c-4f1b-bf25-bb162db53cc1, 187,357,964,Yossi
a810ba84-778a-4265-bae4-fe82ff3c94d3, 558,729,795,Yossi
77992a33-9bfc-4ec9-bd70-6cb882050ca9, 477,788,733,Yossi
2cf9bb57-65ad-4693-b5d7-bfac1905ace6, 792,955,595,Yossi
50d0b3d9-896c-464f-b48f-69eaa4b9cbdd, 295,585,276,Yossi
60aff58c-96f5-4c56-80ac-616034e399f8, 194,663,504,Yossi
81d40cbf-e6cb-402e-b0f3-ed2c8d47a414, 633,287,630,Yossi
fe0af53a-dc2f-47e0-af44-796795e1ab46, 583,756,823,Yossi
5860f582-74db-4838-8ce6-3d09092d4e73, 463,877,437,Yossi
68969a96-b56f-4fc0-956f-ab0e0deeef73, 110,863,559,Yossi
1d14f6ed-1203-4a63-82fe-1d2b03424c8a, 703,218,361,Yossi
d409eda6-05ef-44b2-8233-b0a308dd0e24, 627,642,998,Yossi
5af2d6a8-7462-4b57-92d3-ed1d155e2fc9, 769,63,957,Yossi
72e314d6-32e5-485e-a858-fa00c3d88b78, 659,452,179,Yossi
f4ff2f1e-7c78-4c94-8c21-ea76a3f8539e, 229,577,13,Yossi
7578a6d7-76b0-42ea-ade8-3f6a0de44023, 406,633,438,Yossi
c4f18303-5b22-46b2-9051-7d35c9d43e85, 608,550,747,Yossi
026b3940-5b54-4cfc-a6e5-534eaf796d23, 6,505,217,Yossi
516c46ce-a9c4-43e6-a7aa-da99301a8043, 320,603,599,Yossi
d16bca19-3922-4e2a-bb6c-e906afff6359, 142,95,850,Yossi
b627b570-a11b-477d-a786-612ed53031e7, 359,367,923,Yossi
8ffb14ff-d797-4a62-9726-b50dc5262284, 174,90,738,Yossi
6929306f-8524-4fdc-97dd-6b9132016476, 235,666,942,Yossi
b33ae8f4-37f0-4edb-8230-0b5ea19765a8, 276,423,600,Yossi
30c12038-07ad-45c8-84a6-6ea0e15724f8, 545,973,834,Yossi
49338def-d47e-4dfc-83f3-a5f6f0682bb0, 452,354,180,Yossi
033cef59-f5cf-4bf1-979b-6b95a204b4d1, 810,57,245,Yossi
290d08aa-64df-4fd9-8350-8fbe32174357, 997,501,314,Yossi
d846c22a-8bce-494a-b9fa-de9d58a9dde1, 811,698,711,Yossi
b71a1b72-723e-4c2f-ba91-41b38d152b9e, 145,308,39,Yossi
84e5836a-cb69-4f4f-8574-9957ea81b525, 400,628,966,Yossi
9f0d5794-6a8f-403f-9796-004a9271e1d4, 107,300,86,Yossi
55338f2f-6f59-4e87-946c-4086ac7987ba, 254,56,488,Yossi
4fd6155e-edac-4c64-953e-529ac0eb6af0, 274,172,965,Yossi
05eda4aa-03ff-43cc-9a94-f3e1d435ad91, 495,332,127,Yossi
6bec1c79-8345-4b9c-be3e-38997dcb144c, 147,459,530,Yossi
6b4628f2-ba0d-47f6-ac2d-d0838954033b, 381,866,250,Yossi
a2495b9d-8f38-4e2d-b870-a51e912d2c1e, 419,330,39,Yossi
223fd286-2c2b-4698-a84f-8ce7310bb9dd, 606,360,865,Yossi
3f05e40c-112b-4d91-a07c-d6b162d59f4d, 610,362,390,Yossi
ff72ff1d-aea3-40cf-b2e9-58ca45f3d6a0, 27,91,358,Yossi
7e562620-e024-413f-bc85-174a0326f811, 903,875,794,Yossi
eb4c15d2-c190-45a6-ab88-d46e6919d403, 633,438,673,Yossi
6dccc476-b268-41e3-8629-8d2d60b9fd3c, 749,199,299,Yossi
37c69b6b-c8cb-4b6a-afcf-60da6e35481e, 691,537,883,Yossi
3d0a1de0-97a8-41b1-80ab-807d2343ac41, 278,503,169,Yossi
1b58cda0-2a65-4279-8ac3-c0d3fecea74b, 187,664,239,Yossi
732799c2-78d6-4326-8d0a-c3f93f905633, 181,762,440,Yossi
c1e539de-e9b4-4750-9163-69558a6e98ee, 788,979,298,Yossi
c5f3d862-9438-4efe-9c3c-e34a6b88de49, 928,499,939,Yossi
30819a44-5978-4edd-ae13-db47f3f80cec, 219,643,692,Yossi
c288f828-92d5-4f26-8757-53bd15925c49, 98,247,82,Yossi
81a6dea7-9b89-425e-b8e4-975c94769acf, 608,590,455,Yossi
5ffeebff-3f5b-432a-94c5-46976670cf99, 332,513,21,Yossi
5d710c7a-c63e-44b3-901a-9110d772cc33, 855,631,668,Yossi
9665e210-a568-41e2-ad4f-71adf2008e5c, 949,727,792,Yossi
155b7f18-66ac-4164-a3d4-133b8b793737, 154,329,855,Yossi
e7a2b0ee-d615-4ece-a4bf-9f7b183fd278, 696,424,697,Yossi
20c1df22-0bd6-468e-934b-0ada9d7868d1, 151,845,327,Yossi
da1df6c7-aee9-4440-9fb6-303370b0a139, 916,116,895,Yossi
bded5643-cf8f-4f44-aac0-809a3bb77582, 496,703,938,Yossi
54ea9d6c-d11a-4079-b91a-02892145fcb4, 733,530,554,Yossi
fa71acd2-a878-495d-957e-dc023f74499c, 605,593,290,Yossi
b466ad81-6d70-4a58-a96e-88793451a879, 802,668,912,Yossi
2b92346a-bbc7-4378-a5b1-1e9a585259b7, 712,853,151,Yossi
e2b0d300-3323-4236-b86f-c12b74d8577a, 218,324,131,Yossi
d5ad4204-4a9f-44a7-9cdc-6d84248c7c6c, 771,837,252,Yossi
cb1e399a-1d5e-4bfc-b8c1-3bfe6c65eb7c, 505,774,171,Yossi
bfe4f8c4-769d-4ff3-89ef-f3f0150ee355, 85,522,220,Yossi
53225bad-d8e2-41e4-a1d2-f1bf2fccc448, 994,945,401,Yossi
6b8307e9-b039-4114-a42d-3fad78ee98d7, 753,690,474,Yossi
8bf1a0f7-0e12-4a31-9bf8-b707e819bdd4, 559,834,808,Yossi
9d64a0c4-6747-4b13-902f-4e912a6e465f, 82,123,102,Yossi
8ef7fed7-e5f6-4616-94e1-3334e680629e, 114,344,134,Yossi
f8f24484-8caf-41e1-a22b-f5c6496914e7, 502,351,659,Yossi
c7d06e21-aab2-4d00-90e4-041d6eb913e7, 941,982,569,Yossi
0b2eb886-171a-408a-a8cb-4aa960c5c8df, 546,932,521,Yossi
53541201-042f-41c4-bb17-92db440b0b6e, 197,146,277,Yossi
1c428cb4-6d4f-43a7-90d2-5bb38afb59a8, 643,990,928,Yossi
859f3244-a858-4911-812f-a833def01a51, 767,648,8,Yossi
791887e3-1fe1-4bbb-a6b5-b6a759a44afe, 335,610,647,Yossi
e32dac83-b901-4102-9b55-32acf8ae2393, 888,50,976,Yossi
1f9ed675-a566-4a91-b6ca-a62dadf24ccc, 439,154,20,Yossi
1505343e-f845-4953-94a7-3de65adcef9e, 341,136,202,Yossi
7d147e0e-a00b-4c66-9491-583dbc9ab12f, 29,657,494,Yossi
d6c01dcf-e0b2-4009-9b88-e5c69e3e57b3, 119,4,423,Yossi
78cd38c6-2e5a-4f69-92ee-83aa79a318f5, 510,142,538,Yossi
7db1c8f2-d356-4a6b-8fe8-1351c6e9fffd, 649,448,14,Yossi
9383f6e0-a952-4e59-9d81-dac7d272b69b, 879,557,545,Yossi
699cb94f-5bfc-4e6b-9450-1e46dbb08516, 197,914,843,Yossi
581c17b1-b423-4954-8b6e-2133541adedb, 878,314,473,Moshe
8e2b6754-f3c1-4d20-8e96-86968ce22ece, 94,777,733,Moshe
3431f0eb-3985-4f82-bc26-7fdf2282995a, 486,613,302,Moshe
293066b8-217e-4aac-a561-1452b3c5ea93, 682,503,829,Moshe
a8e28901-597d-4975-b5ba-d3d051128bb1, 550,206,796,Moshe
0ea25298-3daf-41ae-ade0-d309f94f2e64, 320,168,487,Moshe
5232db9b-6c0a-4c08-87d7-36b4adb99ab4, 782,525,987,Moshe
5c25d08f-09f9-4523-856e-b93e1c9ea5d2, 506,258,507,Moshe
afeba35c-f252-478c-94d8-1f750384f187, 468,685,162,Moshe
f1ad521f-0bbc-4bb7-bd96-62128ed06ee9, 633,9,492,Moshe
609ecad3-5620-4e83-8514-38d7353e2d4e, 431,242,238,Moshe
7681fb9b-afbe-4ba9-8e78-7aab2b6324c0, 175,461,821,Moshe
bcad16bb-1bba-4242-9fe5-89047cbc04f1, 727,933,878,Moshe
97a7ee3a-b690-4f5f-8ed8-849e9e182cf6, 760,632,389,Moshe
dd74f109-49e8-4431-9d24-200b26be86b6, 122,827,638,Moshe
b6785a47-1398-4f6c-8982-419ac59e94aa, 708,100,243,Moshe
202d0229-9ecd-4d8f-afac-68f424dc2f4c, 217,559,389,Moshe
e7df2fb3-c55e-41c0-8a5b-eae33fb514b5, 59,414,390,Moshe
b7793f85-6904-4353-be06-49be29f73cb5, 854,373,56,Moshe
af14b88d-1e8d-48be-b27c-131edd1b3ff5, 965,625,93,Moshe
ef2575cd-69a5-423c-85aa-729137e3553a, 571,851,604,Moshe
ce9f72fa-bf18-43c9-8665-f09aef0a0372, 809,251,262,Moshe
95f6c524-f59d-41aa-b02b-c8c373718b1e, 591,375,743,Moshe
5cba28c4-1efb-47eb-ab10-54728aadaca4, 973,591,233,Moshe
4c64b1ac-474e-4176-aada-52b4564fbf72, 607,23,891,Moshe
17de47ad-4979-465c-8ae2-5b1c668dc09c, 598,384,430,Moshe
5fb9414b-a0d8-4669-8c29-80a2cb240ca9, 868,758,585,Moshe
175bbe6b-1dd3-46b5-85e6-e52aa43796ee, 917,417,448,Moshe
1d5c27cc-525d-4466-870a-591ffefbad11, 103,373,826,Moshe
eae6b39b-d4be-49a3-8552-0ff31314fbe1, 847,320,88,Moshe
ed6dc806-2bd9-40be-9cb1-8ab22c9549b9, 766,761,309,Moshe
7cf6bd24-9e6c-4daa-bf1e-628787fbba6d, 785,189,780,Moshe
47741892-905c-4f21-ae8a-ff4e10e19b22, 784,312,577,Moshe
0465c40e-873a-49e5-b877-dcf1370f4444, 376,118,724,Moshe
6592c2c8-8007-4824-9f07-e4e7af00e2b1, 499,243,966,Moshe
214b91d4-eee4-4028-a563-e600bd4210ea, 157,450,392,Moshe
44af0919-e975-461b-b0a6-985a23cc2761, 497,257,988,Moshe
860daaf7-66df-4cfe-8696-e31f333166a0, 625,97,865,Moshe
ba070bfe-e007-4490-9f05-f0cd1950095d, 507,653,434,Moshe
c37d7d17-a651-4284-92bc-ac87bd389343, 156,706,876,Moshe
43a0a676-f711-4c19-9a5a-a9d15c9fad74, 435,742,55,Moshe
588fecb9-136e-4945-bfdf-af3d658479cf, 655,207,829,Moshe
94b3bc67-a72e-4f9d-be43-e70b9280a564, 922,821,833,Moshe
dadf2d69-a320-4e1f-bea4-241ead62d5c6, 112,812,73,Moshe
dd161058-54a4-446b-9726-e54eda4da6af, 852,492,641,Moshe
eb346ab8-53c4-4e1a-a253-cc138c77a1bd, 859,419,175,Moshe
8a65c584-3273-4241-9038-1b360258e4df, 480,945,922,Moshe
4899dd71-317e-415d-9de3-7f8959db4420, 434,350,63,Moshe
ce6ad91f-c3f4-4cb1-a607-4e46898b6dc5, 99,142,664,Moshe
b8477225-9d8a-4924-8243-b8b02f85f27f, 443,279,534,Moshe
af6bff0f-e113-4ed9-a43c-a0ef7045de3f, 346,629,604,Moshe
731a8d0d-64b1-4eb0-9621-ae7cfd170cf2, 699,940,375,Moshe
3c691ee8-8ede-4d62-a456-371326e08fa2, 669,842,36,Moshe
67f45155-ad64-4953-aa23-6091c88349d4, 138,233,628,Moshe
0557b587-3665-4161-9ed5-29807791febf, 558,385,443,Moshe
2133b0a1-7c3b-4d28-bdcb-820ef3d1ca6e, 916,772,603,Moshe
1f20e75a-aefa-44ec-8a5d-06302e19097f, 225,646,235,Moshe
b5ea5dd2-2dbc-4971-ab47-fa34cd39c9d3, 260,674,760,Moshe
77875b64-e8b9-436c-bace-8c2f49d828ba, 952,1,392,Moshe
d25b4792-117c-497d-97a2-68f6e4808dc0, 991,557,66,Moshe
0afb4a94-261b-4e30-a3bb-4c7331dad7a7, 166,480,542,Moshe
d89513ee-3a3e-4071-8246-e45cead7f801, 299,765,184,Moshe
b92546bb-8375-44af-8b35-398d65ed7e1e, 467,153,551,Moshe
9779769a-0e9a-4328-9835-87be34c1848e, 266,190,575,Moshe
9b07920a-0d03-4b1c-8d7a-8dfb3bf1fd62, 139,343,712,Moshe
0b964b85-9c2f-4a45-a29c-5c59da89dac5, 295,875,964,Moshe
e0a33107-3b81-4dc1-919d-27a8b4a88336, 619,182,368,Moshe
d767fbe7-f79f-42be-84e4-e85b2608e83a, 61,218,631,Moshe
17799c96-424b-47c9-ac32-28893c5a5ea5, 300,87,954,Moshe
ae6003d3-a1b7-4dcf-8660-78835f0ab5d4, 842,745,940,Moshe
c2739070-14e7-45ac-b424-a3cb41323927, 981,677,286,Moshe
80ac1548-5a53-4d09-8ac9-aedeeb0ebde9, 968,970,751,Moshe
b03d6b2b-0c5b-405c-a9f3-c89c562623c8, 86,259,619,Moshe
6f0f40da-8308-49e6-ace4-b4c11d1afd30, 260,449,619,Moshe
a3a31037-20f9-4177-bcb4-e3a60d2efc96, 53,957,457,Moshe
706f5cd6-6ff5-4028-aa85-df84d8d2648b, 658,121,331,Moshe
93615bb6-ff1f-4cda-9b95-c3452aec2e4f, 49,658,124,Moshe
ee5c7629-3ec3-4171-999f-60886b64d9bf, 427,373,376,Moshe
d0afb7e0-c007-46fe-b3a4-3f79a3094018, 696,106,263,Moshe
f4e5037d-c694-484d-bf0a-25309273c755, 910,998,679,Moshe
5f8c911b-de5d-4385-82d2-885cb337322b, 228,623,406,Moshe
09cef19e-8066-47d8-90a9-25f3eaf12c65, 610,284,511,Moshe
2d49947c-4902-4330-b2b7-2bb1a147922f, 289,170,372,Moshe
3eac9bfb-e81b-4d17-8c28-b067d38414af, 959,209,616,Moshe
5a7ee060-b264-4d45-bf8f-cd89f261a2a2, 345,359,731,Moshe
9b7a5548-642f-45fc-bd06-2274c5f3ac31, 748,8,259,Moshe
6fe5bab8-8159-43c1-a820-d3c36bb7257c, 175,640,964,Moshe
792e7a43-026a-4408-a500-2c9294537872, 623,794,87,Moshe
30756ef7-1ab7-4798-81b9-e96c59b116ce, 816,554,305,Moshe
5b9a78a1-983d-4837-8ff9-57f5d1d41e2f, 909,273,865,Moshe
f6153f5c-58bb-42f9-b10d-8afe3befadb4, 489,175,260,Moshe
aa3d836d-96cb-4570-b8c2-4e2031aeb59a, 939,32,824,Moshe
0bd7b8fb-57a6-45f8-accc-ec92853e09ae, 213,442,674,Moshe
eb6634ac-494b-44cc-a479-349e29d3b403, 944,369,950,Moshe
056a1ea9-c082-45b5-a1bc-0900c9fdd5bf, 958,88,450,Moshe
49a7034a-4202-43f1-8ff2-1d156de535a2, 507,83,14,Moshe
79805132-faab-4b23-b179-8649af255a46, 643,947,98,Moshe
ec4ee1d9-f569-40ca-a71b-c9298811e45d, 4,736,358,Moshe
3f8601e6-aef5-47aa-a12b-e12eac8a43d3, 713,604,828,Moshe
d97507d5-d039-45d9-864b-0dacedbe082f, 319,792,728,Moshe
9dbc5b95-d4a8-465e-b75c-7e142397b6c1, 207,379,895,Moshe
47047f2f-9abb-4256-a3b4-420bc57963b5, 505,470,35,Moshe
ddb2fbd2-aed0-4bd9-9d6f-3a4dcfe96b88, 356,405,327,Moshe
28df2c5e-59d8-46ec-8e41-7734dc7573af, 905,535,564,Moshe
cea2f10d-4dd9-44bf-9530-7a26da0aa287, 584,229,271,Moshe
0e48aebe-dd1c-450a-9665-8891824e2d0b, 15,664,706,Moshe
20a8ecc5-1c1d-4ece-8940-cce56036e9b2, 636,310,472,Moshe
32ecdfbb-ea19-4a4f-b61b-381f04246547, 292,266,324,Moshe
ce33f4a1-f11b-47e2-b77b-336c027776a0, 767,486,438,Moshe
210dbe56-f658-45c1-a265-d3ab2766011b, 900,227,427,Moshe
3b23a611-a9c3-4bc6-8123-60fcd13dbb98, 995,893,649,Moshe
e2c3aeda-162d-4d76-958e-3013d4e5f8c4, 944,738,989,Moshe
e20e17bd-41be-421d-bd32-9536600036d5, 55,453,617,Moshe
b481ab7b-42fa-4294-bea9-0ab10169cbd7, 416,151,676,Moshe
3e9595a8-0d22-4952-a8ae-d874fcec2458, 685,737,413,Moshe
f85234f9-6984-472c-9c2c-2a84fef77c4f, 532,418,507,Moshe
903f660c-21e8-4665-b7b3-1bd94cf5ac92, 87,698,939,Moshe
dce4f1be-3879-45a4-958f-559e410be191, 122,682,483,Moshe
265431e0-5218-4162-9cce-07b13a797c85, 256,913,113,Moshe
0db24860-a5ec-407a-837f-870b01d4401a, 572,736,982,Moshe
f65b93e4-0b96-4fbb-9795-5fb678931f04, 595,455,178,Moshe
c70f88d4-7fc2-472a-8671-c8f2513dccda, 899,908,641,Moshe
a672981b-514a-4f76-b4d9-b9a32ccfdf45, 914,638,490,Moshe
d7b50b3f-8f0b-4962-ac39-530c94d024cb, 281,959,211,Moshe
da011414-b2fa-47fb-a975-a7f023b73ace, 90,221,159,Moshe
cb609d1e-fa0a-4413-95be-f3fee285d818, 794,605,528,Moshe
0a19a252-3d07-4b40-b81b-ea2388e0bfb7, 910,236,69,Moshe
20d73f42-879b-481f-b5ca-8fdd522867c2, 930,813,527,Moshe
269c638d-9b33-4749-abc5-e64867928691, 487,874,211,Moshe
05039a77-aa95-4345-a2fa-d51490986ec5, 166,689,823,Moshe
912a4bbc-95b5-40c1-8ab4-e1c73e76a2fb, 876,481,716,Moshe
f6ea185e-0051-4af3-926e-887e1dc87059, 633,819,695,Moshe
7ed48037-5cb3-40bc-bff8-33595b2b4619, 499,784,827,Moshe
5c0fad8d-9688-49a5-8111-54957cffcb08, 770,616,778,Moshe
224ad034-0bf8-4735-8daf-fa8b27ba3f97, 17,805,738,Moshe
bb4838f8-bd57-43ed-961a-a6dd53dc587c, 728,33,461,Moshe
2219feb5-c050-4b9e-96cc-40a60b64da0d, 324,460,309,Moshe
b5a1f25f-2f7b-4e24-85c3-54535a9f001b, 584,660,501,Moshe
316acaa8-65cf-4060-89f5-b69310eafa5e, 914,664,640,Moshe
e9f3b748-8f70-488b-946c-9819e9751a94, 650,413,35,Moshe
0a08f44d-f120-4b3a-8db0-6317f67c6b18, 430,749,948,Moshe
69cdf07a-963c-48dd-b319-74c0a5643ce0, 666,404,478,Moshe
46967611-970e-482d-be87-c658de9e5e5d, 494,456,401,Moshe
e3132bce-0c60-498e-a1ee-0721ec598540, 463,296,820,Moshe
a4bb01cb-eac0-4784-802b-bf8bee01dc79, 700,140,618,Moshe
de5f10bc-3e14-49a9-a2a8-a0b1f4cbb17c, 289,913,9,Moshe
8199159e-18ee-4ffe-afd2-d84731462592, 787,757,841,Moshe
d5fd106d-b158-4aed-81a0-0bc3dbceec38, 749,841,229,Moshe
0be6a0f2-02e9-4088-8a8f-8a6b4e1fe594, 515,293,820,Moshe
c2dd3d6a-84f8-4d58-898a-862e130d8bca, 215,717,155,Moshe
10531e00-6efa-41f8-85ed-ab62874be642, 56,847,372,Moshe
87bac0f0-af65-4620-a7ae-03231b054af8, 792,341,866,Moshe
31c612ec-3fa2-4f25-b618-6dc4a6f24996, 829,349,402,Moshe
fbb3b9b1-617d-44f8-bb36-0ba6723de093, 261,235,576,Moshe
95f90aa3-df8b-481b-9352-a01bde2f63d3, 61,859,164,Moshe
1b55fc21-14cc-43ae-bcfc-45216fa8d6fe, 487,883,521,Moshe
bf4dbce1-0b3d-45df-8906-8a79ceb54cde, 881,626,749,Moshe
a77a7c3d-7753-4f5c-88f7-0a6a0ccbb7c3, 631,862,654,Moshe
3fd35755-e533-4d5c-a07d-0ab76964031e, 192,679,906,Moshe
a113556f-9336-464e-85dc-d88b9dbfbee7, 719,152,112,Moshe
27353a0e-cebe-4664-8fd5-5a44fd36edc5, 657,279,737,Moshe
86592f5c-fb48-4e71-82cb-33a6ee5ddfba, 246,408,448,Moshe
5bf134d6-d1f4-4a5d-91d5-1d2563ed9270, 448,906,798,Moshe
75f5a7c4-0805-46b4-8066-58f9d3bfae68, 750,458,565,Moshe
0a46958b-5085-4035-8a99-9a28f9582c26, 605,527,523,Moshe
fe573cc2-81e1-43d1-8ea4-ac49f52f579f, 266,689,980,Moshe
083c0766-4c32-4990-b158-19d34ca165fb, 66,28,408,Moshe
5e96d707-513b-4306-a54e-7177c3223682, 299,333,92,Moshe
17440b83-bae8-4788-92ef-da4ebc1fa08d, 404,423,984,Moshe
2aea9107-6d05-4f73-be46-d3bd10609bce, 716,600,660,Moshe
403015a5-3cdf-4592-91d7-b13ac481423a, 958,111,198,Moshe
7ca66155-5d91-418e-95fa-8090a6b3cb2d, 291,603,955,Moshe
f46975eb-a489-4b34-ba7c-25960137337b, 837,813,452,Moshe
a8cab9a7-a221-416f-b270-cf2a340951dd, 715,40,975,Moshe
fb2a6d2e-50c8-4a31-a381-3135ac6a0701, 722,131,168,Moshe
5c79c625-a5b5-4a18-8674-2686c6fed5de, 185,26,335,Moshe
ee81d10b-2c8e-4790-ad32-7622c9b9296f, 132,925,989,Moshe
920c604b-c096-44db-a349-23d728c1102f, 925,653,125,Moshe
3fe5ab34-c3fc-46e5-acc6-a4706f2f54b1, 702,358,944,Moshe
e0873240-20b4-4d1c-a158-c18e57880d17, 645,840,984,Moshe
02901f14-fbe7-4a41-8cb0-863aad1f97c5, 463,731,306,Moshe
3ba82b1b-61e0-4e4f-9b2e-e5b7de562296, 138,791,348,Moshe
c16de705-f780-4494-b45b-08bf019be92c, 367,315,922,Moshe
69ba7e1b-5772-4b2d-98d8-ac0961c2cf99, 566,427,875,Moshe
0e209e28-b7f8-4ea9-8224-25fc130b2a68, 529,350,987,Moshe
bcbf87ba-0fba-4b1e-9ff0-36b588974aee, 432,576,202,Moshe
d56cd509-9150-461e-944a-4bedbfefe615, 923,220,397,Moshe
de429e6d-7a5b-47c1-8863-22cb38d0c358, 649,584,674,Moshe
c2a29411-fccb-46cd-9666-e650d3335896, 670,34,456,Moshe
3627d48f-4626-4e70-b410-227fa6979918, 73,588,246,Moshe
66dd13fa-3beb-48fa-af1a-2bd1a8e07c10, 11,193,971,Moshe
829fe7b1-db1c-44f3-a7ed-44870be355c4, 467,252,307,Moshe
5343cf12-e785-4eb4-aaae-652ef38ebc7d, 669,584,339,Moshe
95e19643-323d-4c88-8a58-f1b60f4b7ab4, 818,816,710,Moshe
a2c1e8fa-2252-471d-b78c-4b7206908dc5, 412,565,498,Moshe
de94d23a-6ce1-4da5-a5f6-41112b83b350, 115,397,304,Moshe
8f028fdd-be5e-4c41-90a7-d8491eb1759b, 137,270,780,Moshe
db2b2d20-f17e-45f5-9340-46f035beba11, 743,720,621,Moshe
098b200a-fa91-460e-9a0c-ea4d261137d5, 587,812,148,Moshe
8183e0a3-3784-4671-b3b8-9fa5157fdda4, 631,467,757,Moshe
402c790a-2354-4b79-b565-a05b0aa8897b, 890,294,726,Moshe
1a74d087-2b4b-4dfc-bc04-8ba1c4fb2c18, 677,556,235,Moshe
f83a7b79-af19-4da5-a375-ef572895cbba, 902,62,98,Moshe
7abfff66-a22e-4a15-a396-5b094f2807c4, 680,761,990,Moshe
a5dda71e-f9aa-4b3a-ac0f-2655931df5a9, 861,105,402,Moshe
2c0d04dc-ed89-4fe8-9534-45d3782fe6b3, 686,238,20,Moshe
2dd0a48c-60fa-47c6-be24-44f77e766f38, 176,555,636,Moshe
9087e5e7-dee3-456b-80d0-670af0b31d80, 152,935,318,Moshe
37c50704-eef2-4622-8153-f6745bd62617, 464,267,471,Moshe
03785f93-596a-4d1d-bb55-46a9b3b5e659, 351,879,438,Moshe
e4152cc6-1989-4162-a9d0-877af6e50a96, 160,39,118,Moshe
393d4f2d-665f-4fea-b99a-fd10f898c7e4, 581,926,522,Moshe
d5b60c82-7bc1-4c77-b58e-2c1ef8ee31f2, 983,733,9,Moshe
b4437df2-7019-452f-a5ab-2101dd1e9423, 264,212,335,Moshe
393b6e38-b1db-43df-b1fa-8b75c98dd4b8, 207,455,508,Moshe
c27c716a-77f0-42c5-a280-b5852447a10b, 788,880,616,Moshe
bd48bd0a-10d9-4cb7-8e07-e853372799dc, 219,899,575,Moshe
0d29c6e9-4fb3-4799-b3af-18e271743963, 128,455,910,Moshe
ee6cc065-b2b8-4d27-b305-18d75ec5a70c, 122,739,358,Moshe
54b3960e-0887-459d-ade3-91053d150472, 408,214,290,Moshe
15f44ac3-87a1-455e-be84-a78fb83d5f3c, 763,552,182,Moshe
e6923b7d-94ee-4b2b-bd9a-9b385a26cc8a, 658,521,722,Moshe
4a3dc914-f312-44e6-81ae-00cb65cdf214, 873,281,178,Moshe
b7df61fb-147e-4a1f-8290-f061dae16ed0, 878,702,504,Moshe
fc90fe03-949d-432e-87ef-06e9ea6b0b99, 11,911,344,Moshe
43a1ad12-7fdd-4c7f-85de-ff2b5375f247, 301,943,481,Moshe
96e8aa81-7189-45ef-83e0-b72e5c3ab027, 808,675,385,Moshe
975e188e-ad64-4d54-8779-408343ca9aa0, 854,132,978,Moshe
a6ec74db-65c6-40e6-ad53-296cd233d4e0, 862,32,583,Moshe
f3ca8a95-5f3b-4aa6-8831-4b6be1a96b64, 207,459,188,Moshe
83ef66d9-dc5c-449e-9729-d07b5c7d434b, 165,575,519,Moshe
75ae78ec-f6ca-4adc-bfb8-7ed8105d4e70, 718,500,658,Moshe
267804ba-6f12-4787-873c-ebe1de74106a, 154,548,933,Moshe
c2584dfa-ad04-4a14-9b30-abd114e16cde, 784,914,599,Moshe
b87ddde2-917b-4026-8c97-c18f06074ed7, 439,340,198,Moshe
a0c17683-777e-4b18-8614-f17220396ffb, 72,118,542,Moshe
b834b7fb-06c0-4eb6-a73b-dc3c5db7a59b, 566,820,794,Moshe
d72ce2dd-2ea4-4697-9af3-a2f3c2f87e56, 876,599,538,Moshe
4ef5debb-0c76-41cb-829d-08ec667d74d8, 903,907,420,Moshe
3742acf6-7f56-461a-a221-30af52b29f41, 203,794,489,Moshe
38455113-03b1-42b3-a7b7-e374c3ebd5e8, 140,666,821,Moshe
cc888466-c5d9-4358-a9d1-062b8c1e82ae, 988,714,128,Moshe
501e54d5-aee3-4d9f-80c9-4de65d9ec1b7, 983,292,412,Moshe
c34745b1-8128-41a2-8a56-a9b615c3b12b, 684,148,396,Moshe
ad4a311f-b6cc-4e07-a72a-4502f2d79307, 546,24,759,Moshe
006bbf41-7245-46aa-b483-7a60d222e4c9, 785,416,791,Moshe
adffc15b-a97c-4caa-8a31-481cbcc7d1ed, 780,790,913,Moshe
5ab37236-1e8d-4541-9559-90db7cc25b6d, 41,639,638,Moshe
bf213fb1-3279-4431-9e4a-837bd99ae50f, 392,288,974,Moshe
07eff5bf-7e2d-4d43-9771-6e7cea1f279b, 980,814,591,Moshe
8daa345e-0ab0-43c6-8140-155387f7f21c, 238,949,752,Moshe
906b3b17-4e0b-4e7e-9219-4bd30e1b60d6, 444,645,248,Moshe
2aeb54e9-9a54-4fce-85a2-7d92a00074dd, 777,449,624,Moshe
81702dbc-98dd-441e-bb0d-f5edc55da33b, 71,88,825,Moshe
213baf0a-2b71-4609-9442-d80a99658dc1, 131,880,672,Moshe
86914a25-969a-435e-8e44-95a55a62172e, 399,330,575,Moshe
fc635295-252f-4850-9789-998858923292, 777,119,492,Moshe
0a959d9a-7b86-46e5-9dfe-ec093a32a113, 628,421,5,Moshe
e2a02838-c323-45b1-b98d-9b3cf74fd35a, 575,100,28,Moshe
aeca9bfd-7c36-42aa-939f-d1d80dcf800e, 183,596,426,Moshe
826518cb-c694-426f-a8f9-5c0e150d0283, 152,3,476,Moshe
d2f08157-bad9-416b-a99e-d699c64a10f2, 820,447,197,Moshe
5b805363-03fe-4e68-baa6-00cfdec75e77, 642,103,378,Moshe
b14d3392-675c-4b38-9e55-a560a7d8e5ee, 512,8,965,Moshe
84c7a67d-6595-4393-bbd4-8801ba57a4e4, 167,710,702,Moshe
8acadcd8-6872-4280-93a5-a2294abc532e, 89,909,757,Moshe
28b7a7f5-e404-4636-b39b-6077355ea7b4, 964,992,957,Moshe
46022cf7-63af-4fb2-bc5f-101eb5ed7e7b, 400,204,696,Moshe
968dcf65-0af5-477a-8c36-46b753de3392, 99,609,528,Moshe
5adce054-584b-47ba-9a2a-19363567fb02, 748,868,545,Moshe
823ed614-9eb8-4972-a031-09488df91217, 221,594,851,Moshe
dbeaa382-9795-448b-a7eb-a8044c9478ac, 199,917,86,Moshe
12e2a789-3038-48ca-a129-e2d75174efaf, 349,309,434,Moshe
0c6341c8-1045-46ad-93fa-60e1a9047158, 476,755,227,Moshe
d05a7b3c-6c19-477a-9c73-fd35ae88dc12, 198,266,111,Moshe
50938a6d-c853-4132-a65b-a08c21b20241, 526,462,710,Moshe
9cde0579-7d42-42e4-a10e-1636cd669496, 301,487,190,Moshe
60e67aea-f74b-4c3a-9f6b-14b458ac1426, 269,217,602,Moshe
8418ffa2-ebe8-48d8-82ed-8719ff0f2363, 467,751,798,Moshe
35ee7129-385c-4396-bb0e-4c1fe3d36398, 779,722,836,Moshe
3113d0b5-49a9-47b7-ab1d-3641983c3cde, 667,893,234,Moshe
3a48a029-e5b8-454e-9c6d-38de56157cb3, 831,291,412,Moshe
0a52dd11-b36c-481d-b438-e13e0114e8c9, 114,966,791,Moshe
7666f4f7-0560-494c-a696-0cfee5dc9b24, 617,738,600,Moshe
72c03cb2-e2dc-488f-9f82-1511d8af10ae, 324,489,237,Moshe
467de9c2-0908-43ea-a7fd-cf559ebaa607, 730,203,936,Moshe
095c0ac9-764d-4293-955f-57f166dc38f5, 586,572,147,Moshe
529185d6-ce9b-4cc7-a9d5-54ad04e4f855, 817,447,382,Moshe
3e96d4d3-4a95-460a-be2d-512f8c4fb1ed, 356,951,377,Moshe
96a2bd7e-6c63-4603-ae67-e6fd18da8b60, 249,730,167,Moshe
573f6f2a-07c7-47cd-a41f-a6629ecd19e7, 286,569,586,Moshe
9ed11b9f-37ec-42a9-9fe2-43fdd2289655, 596,807,861,Moshe
bea2f15b-93bb-4a89-a9b6-d17a30036006, 992,365,973,Moshe
140484e4-191d-4772-a74b-b7b48b2ff3ce, 697,412,494,Moshe
8bef1748-e2f9-4d21-bfa6-5325befe3da9, 917,682,747,Moshe
dce7816c-6876-475f-b946-9bc32e06e02a, 589,944,727,Moshe
28f2d9c2-51e4-4dfd-be6b-fce5394f4d4d, 366,736,548,Moshe
467a8ada-29be-4528-97e1-89fdf9027221, 860,194,150,Moshe
90e51a45-b391-4281-8968-01211764518b, 689,849,446,Moshe
efe6dc3a-f2da-494c-9683-0e4253fe1033, 851,476,339,Moshe
784187f8-be4f-4e4c-9942-4ad28f9ca4c7, 36,863,237,Moshe
bd4e6005-4109-47fb-bb1c-1310d9e1fb8c, 624,332,170,Moshe
2a15739d-0825-4af7-a67e-db406bbb7064, 14,726,681,Moshe
476ff76f-8ab8-446d-8d53-8d69bbbd8d81, 375,737,837,Moshe
bf897ddb-e349-4c61-afdd-f72fe5e433b3, 962,887,161,Moshe
00e7ac27-91bf-48ce-82b3-0a82cd722ae5, 652,898,764,Moshe
e7b7a320-3f1c-4012-8462-ee0d64023292, 633,766,7,Moshe
f4fccfd0-5377-4892-a5bc-30bbdd487c3f, 649,882,993,Moshe
7a957d34-9856-431b-8b22-8ece0c094b48, 618,425,376,Moshe
d82404a8-a046-449f-93ed-239600999e96, 436,906,956,Moshe
497004ce-3e9e-46aa-8b76-60d589fa0c9b, 415,142,888,Moshe
547ae327-df95-4cc1-b54d-1e0c1ed27e5c, 634,662,547,Moshe
76ebeb37-efd9-4d06-aa1b-73423ee5ed05, 258,293,351,Moshe
4329b368-af98-483e-92c8-10d9563707ea, 577,575,218,Moshe
c7a0627b-5a72-4ab2-a238-c81fcd912064, 47,989,998,Moshe
f3e85c8a-8481-48d1-84f3-51ec065f5e01, 710,897,305,Moshe
b58de66d-b721-47d7-be69-99901c9a3a3a, 988,38,950,Moshe
69c2852d-909f-4bd9-bf24-be834e0be1d5, 681,218,709,Moshe
0c0c66c5-d1ca-4878-bf19-9baea6790e18, 332,385,979,Moshe
2a1f9b03-11b9-444b-bbad-90acdc14f49a, 243,7,905,Moshe
3e280d94-a43c-4f0b-8b5b-739e107e757f, 793,576,819,Moshe
045c1fe9-a321-42ee-996d-d495351168c2, 723,958,595,Moshe
54ef67ce-a925-4168-97a1-94b1587bf23a, 948,328,226,Moshe
a7b511a4-2631-4edb-96b6-be219fd31a7f, 612,395,605,Moshe
5b7caed9-cc54-4c24-bb71-42e5d3a48b9d, 413,57,191,Moshe
0c8b1ee2-fe5b-488d-a67b-55a1391189ed, 788,603,892,Moshe
63cd9340-8bd7-4fca-98d0-748fd04dad27, 993,906,527,Moshe
09d4f318-72a8-49e4-876f-10a8f674b0b6, 71,447,868,Moshe
9bebb66b-1414-4eb8-9d8f-e56459721a0b, 7,733,922,Moshe
cf9f6503-40cd-42cb-9ae1-c9acf5325f94, 179,303,277,Moshe
18d561d4-68e3-481c-be51-863bfcabbb95, 566,16,287,Moshe
3fef8a0d-5aaf-43df-9d1a-fd240f3c34e1, 444,782,997,Moshe
90c718a5-b4af-4f16-8a6e-9275cc1388cf, 398,322,31,Moshe
caabb99a-c7c1-4692-b98e-683895c1da20, 403,761,569,Moshe
ced8e17d-a0a8-4cc7-b65c-24e663b977aa, 79,376,642,Moshe
c7a72a83-2829-43c9-9921-d6188bad6294, 345,269,161,Moshe
fc831b87-ebed-4092-b461-aa17a072ca86, 518,543,781,Moshe
3e909aa4-d81e-4406-b3e9-dd9a9eb228d8, 88,248,100,Moshe
63c36fbf-003c-4b70-bb26-c7ebd35546f3, 379,722,130,Moshe
97c130f2-64c6-47e1-b0c0-a313563d30a9, 949,717,226,Moshe
93f16956-f17d-4e21-b6ee-1609501048ba, 671,769,26,Moshe
c3fbb942-96d0-4854-b415-c77d268826eb, 948,47,380,Moshe
54840850-1d66-4cfc-8a57-50ed4024c776, 319,967,273,Moshe
6f9b0652-b695-42c7-b471-9bf36e54caaf, 193,390,281,Moshe
4999cb92-c064-4da0-a359-aad9e485cb2e, 861,591,145,Moshe
cb2b135e-5c44-4a7c-a4a9-0f93c1f09b93, 956,991,71,Moshe
1e4f29c2-fa9b-4f16-9cd5-74ed0a442305, 227,660,464,Moshe
f413f746-c95e-4c4e-b18d-da3cecb12ae8, 762,660,758,Moshe
d1581cf0-821b-4fb9-833a-624c9e8d9b4d, 494,478,766,Moshe
e92bb413-a07b-4c68-a1e7-04dfbae7a947, 187,66,60,Moshe
3383b5f8-69f4-432b-a630-ac956e2108a9, 867,448,604,Moshe
735fae16-f935-4592-b06b-eef17b2e3cc3, 803,730,991,Moshe
3e1c71e4-a554-4f80-a0d9-797f09cd6f04, 544,129,330,Moshe
b8a71c27-7231-411e-9e00-4e7203530f07, 263,27,300,Moshe
778f9bca-f38c-466b-b652-d045aab2b284, 887,325,154,Moshe
075b2bb6-110f-42ff-a9ac-2eda7162da76, 500,226,656,Moshe
b8ebb0f7-3a11-4d4f-b2f9-799941a02de5, 953,421,730,Moshe
fe7c44aa-368d-46f9-ac52-cbc31a22e264, 60,723,57,Moshe
a7eab242-793c-416f-a451-d8bfef4ec2c4, 760,908,109,Moshe
04790843-6f6d-43eb-a68d-04d863c60a1b, 267,454,567,Moshe
d272d317-874f-4fff-bd0a-f73f787def30, 612,132,902,Moshe
fe349b7d-da16-4b81-8c1b-2b13223568e9, 214,324,941,Moshe
0c492888-6075-48e0-aa17-ecfd731cf06e, 676,58,859,Moshe
08454b31-5d1e-44a4-a96a-e792b3737007, 153,413,862,Moshe
08d79de8-df6e-4c4d-9fe9-2786a8ee182f, 739,963,634,Moshe
9474a6e0-e28b-4f63-bcaf-808cf80b9996, 165,873,336,Moshe
bd225c5f-0dcd-49cc-b6ae-6b49d7ab4273, 605,993,253,Moshe
7978b94e-0d50-4b02-8433-dfde92499a6f, 111,233,643,Moshe
38d477ff-89ca-4b03-8fe9-91ded2899b4a, 329,808,723,Moshe
2f32a559-b5e8-46df-8673-0507e2e68c69, 548,44,821,Moshe
d4c68e71-4d6b-4bee-a0d1-5086ba977003, 883,278,674,Moshe
f79585a5-a723-41e5-b75d-5f682795c009, 762,649,894,Moshe
54fbbf45-0263-490f-ac78-597f9683712e, 397,674,2,Moshe
5124407e-7030-4f0a-85bc-678b5856805f, 211,823,168,Moshe
7f135a7a-7473-41a7-9b96-07112cda55fb, 795,801,9,Moshe
4e2b735f-b8d9-41c0-bb5e-48ea5f260761, 866,319,758,Moshe
ec548fda-d147-4db9-9b70-72d08ca5fb61, 421,596,35,Moshe
ff81a99a-f201-47df-a637-5b21d7d2c619, 772,660,460,Moshe
338acb0c-9bb4-46c9-8f9a-753e0dde5f06, 314,501,897,Moshe
eed941da-ec9e-47ce-84e3-0b1372480dea, 259,883,515,Moshe
21350a1f-44a3-4c09-88cb-4ac77160f5e6, 218,129,15,Moshe
92ef0e34-87f8-4576-8e89-327e42672b1d, 39,269,136,Moshe
19d12dd6-3326-4a71-ab53-a897d9cdf8b0, 189,975,314,Moshe
b0530e3d-6f8a-41a4-a815-1af5a7075119, 739,767,200,Moshe
af1909ed-33c2-40c4-8f0a-56168e734ade, 334,394,170,Moshe
ab00e449-c145-4fff-9523-9ff7da35c014, 85,315,431,Moshe
27c61734-58c8-4cbb-8a17-3522d8b6960e, 635,461,489,Moshe
45fb84b2-bb04-4cf0-b5d3-fc669ab700e7, 964,127,446,Moshe
790dd28c-8db5-4bc6-9ea9-62557725d4eb, 786,111,616,Moshe
960c35ab-27b8-473d-9592-c15d385212b8, 214,448,149,Moshe
bd762488-286b-4772-8e79-428cfe7ce1ef, 995,138,789,Moshe
7d83f8ae-4e9c-4732-a743-219930ce6df1, 486,992,695,Moshe
4a929be2-79cd-4eab-86da-38e9a930ec49, 154,757,533,Moshe
42b9f235-7bf2-47e9-9113-e7a354840026, 872,677,342,Moshe
2c3acb33-7446-43dc-95f4-c08608706bbe, 445,681,827,Moshe
fb83d7a9-8628-4e94-a96c-d9fd9fe79d3e, 834,438,267,Moshe
c4ea3bf7-dbcb-4eb5-aa07-c8251282aa83, 290,230,187,Moshe
48ffdeaf-737f-4958-93c2-7ef1057ea387, 467,623,422,Moshe
f78946c3-7b5d-4d9c-9514-dcf94a22ec90, 26,253,2,Moshe
736b8d95-4bdb-453c-85f8-02b4193f7163, 567,251,158,Moshe
ef2ac5d2-319b-4f36-9d05-f3fa74ea1263, 518,974,528,Moshe
682cbeb8-13c3-4953-8d2b-c5d75fe6c266, 165,743,630,Moshe
1da7b4df-4dda-4f22-83ec-d7cfec53ebfd, 410,847,401,Moshe
c9fc240a-8fd0-4b77-8037-0bb9bfe160dd, 474,930,556,Moshe
be406a84-2bd7-4784-b8ea-060238408627, 897,761,782,Moshe
f6bda92b-113a-43f7-929c-4b6c18366e7b, 147,520,445,Moshe
00c90179-01fd-42b8-9230-f795c03d540f, 618,951,672,Moshe
e4f871ae-b126-4bab-8273-f1b3bdbace79, 350,922,219,Moshe
c9247a13-dbcb-41ed-bbe0-e1e70cc1895d, 961,528,514,Moshe
ef82e1fc-269a-4c0b-929a-e23fd536c2ca, 367,460,740,Moshe
c47646bf-8605-4eca-b14c-ba269c54c028, 693,585,506,Moshe
171e194c-74bd-409a-9cd8-e4a6ba1790a5, 375,354,702,Moshe
331cc24b-ccf2-4438-b1a9-c02fb899e0ab, 813,280,937,Moshe
193a9d41-32b3-4015-8979-352b4ac31b5b, 198,424,589,Moshe
b4c88edc-356c-4a19-bada-b998a2c9a698, 864,815,298,Moshe
7ecf6417-d988-4183-8ebd-d187c307ec9e, 629,569,860,Moshe
3edf7383-fa3e-488b-bbaa-553052683af7, 639,877,731,Moshe
b3a6b400-ae5d-4832-9005-a7969c53d616, 556,948,299,Moshe
84be881b-046c-438f-ad4d-b8d1a9a0ec56, 484,169,52,Moshe
33c03667-6400-4cc6-b3ca-0d29d5227ae8, 309,203,215,Moshe
870d8f62-bfaf-4203-bebe-2bfa1a253672, 116,43,387,Moshe
a3ada590-d8ea-467b-a345-9d2af83a76da, 660,780,345,Moshe
91b0709d-f4b6-4141-aa7b-81d213a48dc0, 50,522,408,Moshe
24469bd9-a81b-447c-b9c9-3847d2b9116f, 81,333,240,Moshe
dae5f49f-7465-4869-983a-98039acfbebd, 507,420,527,Moshe
3e9165ee-61db-4ec6-8e13-e78a194d21fe, 83,484,108,Moshe
5c14bf64-d92b-4a59-9188-5569bae04912, 919,332,958,Moshe
8ad115d1-84a6-450e-a26c-80919faeb444, 652,727,582,Moshe
cddd466b-f250-4e42-8700-0e88fd0aa0c7, 9,138,636,Moshe
ae381aed-eceb-4458-999a-fe649622d44f, 208,889,186,Moshe
66f56038-ecb3-40b7-b407-c4a1ba666d6f, 651,504,78,Moshe
acfca41d-4f7b-44e7-aac3-4bd3d4ece6ec, 723,82,381,Moshe
ba3b3b40-09c4-4908-8bcc-29cacb8da910, 202,205,36,Moshe
c935410a-3448-40dd-aa03-f1b39f5f5f43, 951,580,47,Moshe
ced3aa6d-61a7-4051-a171-247459109768, 453,558,545,Moshe
dcd4fb53-eebb-47f5-bedc-8e5b66e060c7, 492,50,528,Moshe
ae2c7898-ba3d-44bc-b463-6125983447c3, 771,402,684,Moshe
f1cf8ad4-959d-4942-a490-e24d1741713d, 943,389,869,Moshe
4138eb74-e14c-4e6e-8c37-d0eac7326a54, 255,463,315,Moshe
01de95c2-f0a8-41a3-b580-87022c16c3c3, 804,652,643,Moshe
f9c98e34-dc06-4d49-9897-3d30f7f3b37a, 708,841,631,Moshe
be4eb9cb-38d8-4658-a8e6-b67938f00aa0, 222,429,827,Moshe
062e81cb-b2b3-4270-aae6-fd5292c475c4, 163,783,339,Moshe
312ce556-2d0f-4c3d-91aa-c7223058f3c7, 146,879,279,Moshe
abc3f9ca-a070-4583-8c39-4df5bd0b222f, 73,967,750,Moshe
fc114a8c-ae5f-446b-8613-6a33111dbee6, 912,200,169,Moshe
429f684c-e1b4-46a5-9439-b0ad6c740a45, 38,515,88,Moshe
4a3de5d8-5c54-4caf-af3b-60399228ddc4, 108,436,488,Moshe
457c2231-125d-4fe0-9da8-da3e85ca2625, 501,707,116,Moshe
502fb364-1e61-43ed-aeec-5a061dc96641, 207,468,618,Moshe
297f2c52-c620-49d1-940a-baf5dfda7c44, 67,397,552,Moshe
e9f08a06-3f47-4a59-af02-1eba3b7212d3, 391,243,738,Moshe
e8ddccb4-eeee-4ece-aedd-2030743a2133, 415,231,130,Moshe
19fb7c3d-8641-41a1-b4b8-e0baba8589e1, 716,329,266,Moshe
4828a222-6662-412e-956f-803b322322df, 190,625,521,Moshe
dc92e545-bcbb-4ed5-9c0c-2f2d14fc1817, 405,870,420,Moshe
f144f33b-268a-4c7a-9f61-300c2d3903ea, 119,341,264,Moshe
1f8b6fc4-d6fe-4264-bed3-70a83f973d64, 146,767,137,Moshe
777f2f67-9f2b-4388-8eb6-0e7c2e2a5d0e, 555,601,405,Moshe
64a0fa4e-73ff-422d-91a0-a1edaa027b68, 143,720,720,Moshe
ca73104e-27cf-4e98-8ad3-da4dfd8d63a9, 712,955,315,Moshe
d5153ab8-fa6a-4758-87de-1618234ce761, 719,79,483,Moshe
ed094283-ee7c-4def-b5d8-b71daa931d59, 726,680,724,Moshe
73f69dca-e574-46da-9e24-244f62375efe, 13,498,967,Moshe
281598dd-4548-468d-b248-04d47ec96090, 39,321,187,Moshe
debc922e-26ee-4456-b4b4-fff6c47d4c1e, 821,916,809,Moshe
8242b523-fa73-4227-946e-1071da2e1f08, 966,96,835,Moshe
f236bad7-8e6b-4319-846a-35e3b05f4646, 694,88,128,Moshe
4c4899db-682c-4a95-956a-75dd3c5bd359, 354,919,629,Moshe
cec3f2eb-2ae6-4602-ae46-4fcd344df685, 416,835,641,Moshe
666fe328-5ba2-464d-85ad-221ea05e5e54, 333,272,510,Moshe
979e1706-517e-4e3c-9801-3a61e3398983, 408,5,372,Moshe
2a1ef4ea-8244-4d5d-a9b7-eacc427cac55, 950,469,546,Moshe
8d82ea98-1aaf-40e5-a79c-6ea766a7b7b8, 38,678,190,Moshe
0b85e8cd-8f11-4a41-b152-9d685422ba37, 695,107,842,Moshe
87eae648-76ec-41af-bb3c-de3f905d93fc, 296,108,447,Moshe
7ca8ba66-f314-48f5-bec0-fa6e7c4b7291, 948,732,683,Moshe
bce8a091-806d-4d79-9bf4-de996640f5c5, 595,176,624,Moshe
63452f1c-d8f2-45f6-88af-6b815d6c4c48, 884,18,868,Moshe
ceeaf98a-d23a-4dd9-ac8b-333495e96008, 188,366,159,Moshe
1deec57e-a4f2-48e2-ba1c-ff8295d53ab8, 853,310,843,Moshe
21254f9a-c145-4556-914a-9c29aa9e8b10, 84,679,226,Moshe
ae557ceb-5b4b-481e-b3ff-aa5f1558f359, 458,629,317,Moshe
533ea3b3-56b0-46ac-88df-a5dff52400b2, 813,870,447,Moshe
9b28feab-e21a-4057-a6e5-64ddf0de1d50, 263,928,417,Moshe
83fb5ce9-1a89-4795-8950-a89a689f81fa, 645,998,980,Moshe
fab552c7-3582-40e7-b276-80f02ddeafbd, 284,59,812,Moshe
865bea6f-012f-4a5d-968a-7d35f6569197, 183,466,103,Moshe
aaa2e3b7-f42b-4382-90ff-9b8e25ddfb5c, 956,736,97,Moshe
97554ad9-61a7-4092-b86e-04a035a60f50, 884,523,985,Moshe
6f2e1e8d-4f15-4b99-90d8-f89c4f90b6cc, 503,762,104,Moshe
a93a33a7-a69c-4401-998a-9fc3f7feaae0, 388,184,368,Moshe
ec3ba3b6-3dce-4264-9568-5cc9e8270799, 345,611,427,Moshe
e16eff42-22df-40e9-8d2c-d1b0e3ce17c2, 616,837,477,Moshe
fa6f1829-27f7-489f-8589-8e688229ed42, 130,136,861,Moshe
fa2dad0b-a481-4ed4-992e-555532be109f, 236,332,246,Moshe
f1c2baaa-75c2-404f-b110-9bf9db0ea9f8, 208,239,18,Moshe
f65ca8bf-ec31-4d6e-9e0b-15592f332f1a, 887,902,307,Moshe
aca445dd-d075-44cb-89ba-4a27ee5878a9, 345,671,842,Moshe
2cf87658-4774-4b7f-a94d-cfd4423684ef, 741,126,941,Moshe
e8d4bb21-8dc2-4696-920a-ccb16dadb465, 130,572,107,Moshe
29aa5506-4a5d-41c1-9c7f-7eeb5ea7f4a5, 330,310,108,Moshe
1d4774b2-3d96-4f32-a694-565acd2dbfdb, 344,873,745,Moshe
2fc65743-4c15-4572-8db3-38e97a454943, 49,300,387,Moshe
e2749ced-324c-4528-98ab-c5d1347872de, 553,666,221,Moshe
0d4e172d-db81-421c-abb5-618101640e04, 335,53,331,Moshe
1bfa0fcb-0996-4a47-b3fe-adab6726c5f2, 241,721,404,Moshe
23daf8e5-624d-404d-8c09-25a03b36d22d, 850,677,284,Moshe
041838b3-ee97-4e00-82f1-30980a18b2c6, 968,615,859,Moshe
789c43ff-bebe-4e15-8fb2-f490d368abfa, 795,44,511,Moshe
f9abbdc6-8ab3-4fe3-b9e4-227dc6007ebd, 525,603,486,Moshe
a689ddb9-6f9f-4707-8674-10435fbd3a24, 484,486,265,Moshe
314729c1-c206-4c25-8828-925591409c2c, 371,799,824,Moshe
4aec852d-c741-4f38-93c0-515b5c46bc1e, 754,891,458,Moshe
04670dd0-071f-453c-9a5f-b4351ec4620b, 499,159,938,Moshe
7c3dcd23-a459-4789-934c-0dea36d4a6b2, 629,334,236,Moshe
259007fa-96e8-4933-a7d4-fa3acfe1e4da, 87,10,619,Moshe
be929aed-8d93-449d-9af6-9cca2d1e9a6b, 511,500,404,Moshe
43d02174-1ec5-4317-8e84-8f96160afdb2, 537,279,894,Moshe
758e13f7-240c-42a1-ab7e-ab8194bc2b6f, 821,361,693,Moshe
486a1211-2dd7-4b41-9cab-178d001e1865, 248,548,830,Moshe
681364ea-ae22-4465-88a4-8af5447b38a3, 235,523,695,Moshe
f3170d20-a181-4ede-b45e-12cf524129e9, 900,70,181,Moshe
3f86c25c-e407-476e-a0bc-28cebe630362, 955,963,252,Moshe
7bf98e34-9b37-4dbb-9272-d96ee26eddff, 506,486,828,Moshe
8ff1bef6-d14e-4663-8cb0-9628e65761f6, 945,351,518,Moshe
e3464ef7-5c18-4789-9d68-05931593f92b, 345,339,282,Moshe
146fa835-e342-49e4-b50d-f53732e161df, 623,708,34,Moshe
368e2062-1ac5-475d-af3c-fdba7585cc12, 891,14,103,Moshe
f7daf67e-c228-4419-967a-eb979745811e, 83,946,208,Moshe
b0dd1fb9-b9e3-479d-84d1-65aeb78550b6, 369,549,439,Moshe
31834366-6136-4804-b780-7f0bd14f6cce, 131,506,344,Moshe
ae4edd4d-9936-4724-a9cc-e7dca3ed0bb0, 626,264,635,Moshe
3cc71283-9209-4293-a373-ddf7bbfe5092, 243,728,265,Moshe
0ec70a2a-331e-4038-b74e-28816c0d71d8, 56,131,46,Moshe
5ef82d14-fd99-4522-af58-0fcd2921f0f9, 367,6,15,Moshe
e7d9d6e9-8c9f-4219-b7a8-d4ca4126d46e, 574,590,926,Moshe
92db0dd9-057f-4b83-8b03-a8640ab403dd, 377,476,23,Moshe
d4fac0d5-8e6e-4449-ad2a-97d139b2391e, 412,623,838,Moshe
7987e01b-6a8a-4305-a146-38549f07eb8c, 797,342,509,Moshe
1889ff52-677f-4f97-84d1-db998f2ba404, 593,817,122,Moshe
67176a22-8ec7-4dbb-9689-36f73764b4df, 971,586,415,Moshe
60e5aad0-bd2e-4212-9fac-884fd54b0d28, 812,375,978,Moshe
2898e82f-1e4c-4375-a32b-e8d687495c40, 485,320,87,Moshe
7766e66a-1f88-4fa5-a946-89967c840b18, 881,103,609,Moshe
a7936107-7eb1-4984-a6b4-650282eb1345, 18,567,578,Moshe
2270ca62-1fbb-49da-b796-c2aa15814aee, 987,524,9,Moshe
4723d695-555f-4f02-af77-7c040c41a4ed, 89,508,357,Moshe
015eefb8-eca2-49ff-bb77-852a9678cac0, 280,991,73,Moshe
9fef3a24-c14e-43f1-a69e-df2ad5777777, 416,718,882,Moshe
c7933338-1328-4d8f-8f50-e9a58296681b, 504,827,920,Moshe
9e3bc917-cfd0-466b-b9a0-5914584360f9, 127,649,909,Moshe
a6c9eca4-8091-4240-a747-e1e434925931, 143,83,544,Moshe
ad0f1e0f-c92a-4364-8955-5821f560ec96, 629,554,629,Moshe
eb7eb606-da0e-4468-8bc2-3c71575b1ed9, 36,89,270,Moshe
c7a3ec55-83a9-4c92-906f-1e6939c22faf, 839,494,374,Moshe
21799a3f-79d3-4a80-bec9-50671b5bb9a1, 412,394,56,Moshe
27ce54f1-5f02-4b15-8e9c-324a14e83975, 261,809,817,Moshe
52fc2c79-2bf9-48d1-a3c2-e149bd433660, 501,504,310,Moshe
c071c7a3-99f2-411a-ae8b-9976015dbe01, 764,692,593,Moshe
054bc3fc-763d-470a-b7db-317bd2b142b6, 343,396,656,Moshe
fd7b881f-2e48-43e3-ace2-a66f2ebffa1a, 97,979,491,Moshe
8a002021-9671-43ff-82dc-1eba2bf7e4c5, 165,755,452,Moshe
a15a29d7-ea03-44a3-b6fe-39fa950d212e, 698,874,485,Moshe
42d6764e-5aaf-4ae3-a3b1-3cdccc85403d, 34,358,969,Moshe
7a5f73ac-2c53-451d-9032-956173b6bf4c, 378,54,419,Moshe
f7d7f3d0-4639-429c-8093-c8ae22902fb0, 87,439,498,Moshe
f235f569-f8db-4899-86f3-f9aaf89ae78d, 697,5,324,Moshe
7270b23f-38c8-4aa7-ac9f-eb6cdbec10d1, 826,244,19,Moshe
b684c205-82b1-45ec-b247-29cc8fe7f604, 104,625,145,Moshe
49045fea-98ba-4030-955f-79819cc0ce37, 600,378,390,Moshe
6dc6565b-b709-4706-90d6-31c24fdaa736, 949,287,158,Moshe
21cb840d-bcea-4402-aad4-660f86aa85cf, 971,938,108,Moshe
04583cd2-b6e7-4542-a9f0-8d69178fbaa7, 777,674,737,Moshe
d0aa841b-2311-4cb4-82f7-19970ec8932d, 921,712,519,Moshe
4fa21e82-aead-42ff-9e18-dcfe4ac04d45, 570,227,452,Moshe
dd52cf7f-d299-4104-8f55-e248e138b838, 846,123,451,Moshe
af1eaaf9-cd32-425e-a974-3bfb366afcf3, 889,677,253,Moshe
1109d8eb-0cd9-4071-8003-ee8be9c0a67f, 95,645,392,Moshe
b8c5a5c8-4151-451b-9817-1d933abbe00f, 333,269,736,Moshe
57eb39f7-d478-425f-a018-35a5ced7d44c, 473,62,131,Moshe
f444c37f-3e71-42a3-8128-4ff8e126cbba, 308,99,496,Moshe
2d3b2cbd-9dad-4e5f-a304-66511f52b79a, 95,83,71,Moshe
9e93a2f9-5476-448c-8fc6-e958ebe87287, 812,405,115,Moshe
0a0acb95-635c-4129-a711-2bd7ff2c1647, 312,308,763,Moshe
38065274-6911-427b-825e-8b8e9ba2c12f, 759,775,291,Moshe
058c5aac-7d95-4a20-8554-5c180cbc4aae, 803,256,18,Moshe
7099c23f-f17f-4b16-8eb5-76b596a75761, 566,256,502,Moshe
1839501b-45ee-4d41-9d23-d7a5607bd050, 692,709,699,Moshe
c431443f-530b-474f-9a2f-a030b32696db, 137,854,641,Moshe
761fbe2e-3fce-4021-9dc1-0a15b1b9416d, 765,639,669,Moshe
c2f865ff-79b5-43f3-80fa-d1b043b3faca, 371,305,613,Moshe
e566fcd5-9715-4787-96ae-c5a9c8fbfb1d, 607,614,614,Moshe
cbfe1f87-ac0f-4500-ab15-35384679c489, 24,476,144,Moshe
dc1c093c-f0d7-4803-8de3-093cd57dc7fc, 381,35,716,Moshe
2949e765-6fc1-488e-ad53-efe77cc12e8d, 337,578,369,Moshe
86b0ac11-919a-4ec1-9563-782db1e63180, 489,335,868,Moshe
27fdd1a1-63cf-45f3-8da7-dac910eaf76b, 101,528,13,Moshe
c903f870-1c70-4e54-8e14-2b58401dae61, 718,906,804,Moshe
