fc8262bb-d2b6-4811-af62-8539487240fc, 988,711,202,Yossi
23453b9a-0afb-4879-b94e-ff0c220d57e3, 772,35,83,Yossi
6c801acd-975f-415e-8416-a575aaa05a6a, 418,531,411,Yossi
ed1f27d9-efdd-4841-8fff-bdb5209a96a1, 613,246,136,Yossi
b306a42c-9dca-46b4-b43b-0c11dcffef4f, 821,455,207,Yossi
1b956006-5474-4bac-9e61-89bc31378397, 329,498,554,Yossi
189bacb0-8410-4163-88f2-f2e30d2ecc27, 403,692,143,Yossi
3f36e1bc-906b-48da-b23c-3da51505c8b5, 497,285,445,Yossi
e0d804af-2e4b-4688-baba-78da3d7a2852, 925,51,977,Yossi
6535ed1c-b3bd-4a79-bff4-4d4479837cf4, 865,913,627,Yossi
d261d5e7-14d0-4f38-90cf-2c1a67323793, 839,378,435,Yossi
eae6a384-040d-4964-83ae-2ef1c5492f98, 975,501,775,Yossi
f369d206-f97e-4c16-bef9-0b58eb568332, 179,468,432,Yossi
e03bcb02-7757-4b9a-9061-4948e981b989, 909,591,294,Yossi
523a642c-db7c-4316-9cab-8391ec8a9b8d, 891,774,478,Yossi
6d500a52-29ed-4fbe-95d0-1a1779a566b0, 714,416,632,Yossi
7686de5d-96fb-4bf5-8706-3f740ab78c12, 21,251,970,Yossi
a7061f65-0998-4ac2-9859-1f751d885dc4, 53,949,238,Yossi
2120906f-8b42-492d-b0f5-12a339692d90, 350,492,426,Yossi
28634d27-e580-4803-9258-904b7e211bb0, 755,846,982,Yossi
c1c7a729-4953-4df4-b233-ffa4a2e0ceac, 104,551,617,Yossi
2bed00cc-2893-4db4-b9c5-6edd63cc7b8b, 783,773,867,Yossi
a2a11be6-0127-45bb-ba26-b3e8aa5c719d, 699,845,952,Yossi
7ff45e23-5bdb-4a14-b81f-c7fd23328437, 430,151,30,Yossi
34abc525-32c3-4b9e-8f26-8ab4000124c6, 123,492,101,Yossi
83ffa7b1-4f1f-4f03-be8b-db28ca191020, 847,604,510,Yossi
1cf20195-5243-44e7-8da2-46ef90501a05, 966,211,634,Yossi
1d9c15b6-8f4d-4ee7-8c64-1243abeb3796, 345,844,662,Yossi
6b867875-fab1-45d7-92ff-ebecd5e0826c, 655,787,427,Yossi
93b71d14-4709-45cc-96fa-f79264f8e341, 198,625,10,Yossi
80d7db59-0ab7-498c-86bd-0a19f53f6ade, 349,422,620,Yossi
1f2c51f8-8857-4624-bb0d-5e3e801f284d, 448,805,41,Yossi
2e89cc8e-aa19-4f4c-8365-008608600e2a, 676,109,1,Yossi
7d60a7ba-999d-4074-b531-8424a85619b5, 609,15,570,Yossi
e3c00616-41ef-4d0b-bea6-9b2ed4c024b6, 679,590,101,Yossi
0dd71783-193c-4084-b93a-a2127ed75ab7, 940,928,457,Yossi
10bf66f0-3dbf-48b4-a25f-f6794d8fd3fd, 137,502,886,Yossi
d209212c-bdba-481f-bb1e-0559f1a23ced, 915,788,635,Yossi
0b941e31-a551-4e72-a159-705b78c39f11, 349,757,705,Yossi
20d134af-02e4-41f0-8081-e287a7fb8ee0, 953,128,985,Yossi
93d7b1aa-9161-47f4-a266-52b52f510bec, 440,501,220,Yossi
87d0821f-e375-4c96-bb0a-903d194b4318, 943,81,727,Yossi
ac7c5a4f-ddc6-4a1c-8053-e3aafe0962b6, 409,673,685,Yossi
43689516-09ae-4ce6-84f6-f2bf2929d5b3, 60,171,496,Yossi
341be95e-48b9-4c66-8848-80ec03a6398d, 509,357,196,Yossi
24a0b63b-e5c2-40ed-92a0-e1865f398cdb, 65,665,255,Yossi
54cccad9-e34b-45e7-a607-c235365b2279, 562,713,857,Yossi
6b86107c-3290-4278-88be-e8279235bf28, 969,61,124,Yossi
ea769226-aa4e-40a5-bf45-93f3323c9e0b, 122,433,633,Yossi
2ee4f67b-7120-458a-952d-68cf37b28799, 984,100,48,Yossi
79cbfabe-2b5d-4844-b289-c8966adb1f71, 335,722,979,Yossi
7697a108-237b-4584-a7c2-263fd93cb3f1, 14,170,513,Yossi
6fa10e39-13aa-473d-a80b-7b87f3c765da, 350,734,509,Yossi
0ed9ea7a-dd9d-4efd-89f6-f997d81d7c79, 373,532,255,Yossi
182d251a-efb8-400d-a7c7-3117ea01f3ce, 770,78,332,Yossi
a89d0a29-e4de-4e28-b116-13454f3cebd1, 390,406,432,Yossi
636601b7-0d05-4782-8680-d38c1cea1273, 439,284,92,Yossi
73e6ebe0-7358-4286-8f93-ed1ed05a3b06, 450,392,413,Yossi
b0461c07-62e1-4995-bea1-bd76d67a0440, 128,470,440,Yossi
09c6a92d-ce1d-4f35-abec-6cb5f7d65fe1, 97,821,647,Yossi
27580b5b-23ef-4533-b5e6-20cbf78b69d9, 95,423,574,Yossi
8e6b2455-ed62-49ea-9fcd-26ba553836b6, 638,724,448,Yossi
124c83d2-f9a4-47dc-bfb2-4c633c1ebe78, 515,495,188,Yossi
622ff284-46ba-42d6-9b20-13364d248653, 682,714,930,Yossi
80aa4ee6-f604-4e9c-b714-f1f0479598dd, 745,190,182,Yossi
b0ba815e-7369-4844-8bc5-eb57db9ec439, 603,199,982,Yossi
03413ff2-48fe-45c3-a8e1-ed78da381b13, 791,731,28,Yossi
733cbb22-49c6-408e-b622-73d9baf19d38, 202,545,814,Yossi
5ee38925-3719-472c-9350-17b120971790, 954,883,330,Yossi
5d04277c-dfa4-49c5-b9ff-123fac75c2fb, 567,885,698,Yossi
33637f39-8017-437b-a1af-df3f0ca50d31, 73,253,912,Yossi
be17214e-a70a-4dc4-ab50-c7757cd4e7c7, 860,278,109,Yossi
b1461ed4-c138-4d8a-a9c8-3135bd827516, 680,133,352,Yossi
29078dfb-2232-489a-b432-493cb59632ad, 882,874,909,Yossi
d627ef0a-a5b7-4f64-837c-6b738e3b2fe3, 244,756,569,Yossi
ca30759d-374b-495f-b2ec-f4ef57215f1b, 161,704,203,Yossi
9fd41973-4a17-4777-8070-1c0ec3843588, 232,524,271,Yossi
ea05b1ed-4dd1-4cec-aaf6-7f5f8690e304, 457,305,91,Yossi
fc07dd49-e573-48a4-bf31-564307740619, 619,891,877,Yossi
65e21a78-52ec-4b46-a78e-fb591638c5ff, 758,682,840,Yossi
08f7cf83-595a-410e-b58b-2c9947950d23, 118,947,609,Yossi
842154bb-acc2-4403-8482-7e115d327209, 488,609,461,Yossi
fb5252fa-a49b-4b38-ae89-82ea9837afe9, 19,883,910,Yossi
06117cad-cd92-4445-9824-6b9c1ec2ed8f, 73,921,66,Yossi
e576a89e-1e69-43c7-86e3-4e500c7bcf23, 631,907,855,Yossi
4490e532-174d-461a-be1d-0112043259a5, 118,956,788,Yossi
1a618a9d-1505-40e1-866a-420caa22b657, 246,794,180,Yossi
f9249bd3-f61f-4423-974b-5d81e236bf92, 128,335,361,Yossi
311b4705-0b9e-4717-98b5-d1486c354f38, 427,615,947,Yossi
40011dbf-7126-4119-a717-b981ba7c2c21, 821,242,385,Yossi
5e1fe16b-26c2-4e8c-b0de-69a48ec775cf, 231,920,450,Yossi
0444c84d-74bf-45d0-b597-e4d8d1616932, 511,765,925,Yossi
0cc23e00-8fbd-4fca-9849-137271e543c8, 300,755,147,Yossi
357f06dd-307f-4955-bf14-5885224ee6b9, 109,143,819,Yossi
7ee92b07-625c-483a-8a35-ccbdcd23c2bb, 291,160,601,Yossi
b26b544c-8b05-4058-90c5-7416a98777ba, 206,824,396,Yossi
8f5d18a7-b0e1-467d-82b2-c6bad6363dbe, 234,502,934,Yossi
37e681e4-80cb-4fa4-9665-cf024e593fde, 90,512,887,Yossi
0db99994-0f27-4f8d-a6f6-ee8c07bcd179, 661,988,612,Yossi
593749ff-b489-4a54-9970-1938ed3ca109, 249,61,993,Yossi
9f9328c2-771e-413e-a35f-53fa025dfce5, 512,196,642,Yossi
8ecb5fe2-2f32-4848-8bb9-f18b8cef731c, 525,841,2,Yossi
7f12de65-1c05-46b7-a24e-c856779180d4, 615,121,143,Yossi
3d5a799a-6ec5-4bf7-8ff7-ca9af2a28744, 929,816,201,Yossi
744d0ec8-ad6e-41d3-b675-32816db344fd, 641,138,651,Yossi
00dee39f-9baf-4c70-9b46-7c241c90ed0d, 359,835,176,Yossi
021a4277-4c91-40cb-a342-3f02ab71c94e, 758,222,789,Yossi
53170c05-b361-4848-a2ee-77cd335b2ea3, 552,588,738,Yossi
4f6d44da-dacf-4be3-a996-336b2fcacacf, 450,141,409,Yossi
974543f2-799d-41d6-9c63-1ea692ea29cd, 562,848,775,Yossi
d09d3fdd-a4cb-45c2-b55c-ea2dccc6407f, 313,52,694,Yossi
d6ca004e-e9e4-48b9-868e-804c46267356, 152,595,946,Yossi
f1f41335-249d-4842-99f9-86c0e0294221, 178,765,318,Yossi
6addf07d-276e-41e8-8d5d-2ae9b457f40e, 600,589,704,Yossi
ec367070-6ec5-46e8-b997-1ddc7f7d798b, 254,304,684,Yossi
f1f14f3e-1552-4259-8990-bc7f45b75ffe, 733,447,375,Yossi
4f6abcd1-9b02-489c-9af9-294ffc643233, 236,302,153,Yossi
a1673ff0-b161-4182-a174-550e7776c318, 436,489,837,Yossi
f72dc115-008a-461f-8997-6ce42789dd86, 204,959,606,Yossi
40fcab5a-2ef8-438e-84ce-996717e0b0cc, 903,76,700,Yossi
f3029b50-1fa1-475f-91c2-a1eaa1ed9015, 592,54,271,Yossi
79360092-9353-40b4-b333-704c54b6e92b, 366,616,765,Yossi
78d82d66-1402-4e48-b472-1a96ffaabcd9, 506,489,541,Yossi
ed08e58a-17fb-4cb9-a92e-5034b38564da, 704,182,71,Yossi
63ac7f15-f73a-480a-b05a-5e21e54ceb8d, 857,159,632,Yossi
da7d4c8b-1bfb-4ce6-a973-d3097bbbb395, 86,298,285,Yossi
5026322c-acf5-4dc7-91e4-8d8a0f9606fd, 54,715,692,Yossi
00a138ec-4181-4340-a5f9-12a6aacf6625, 34,327,547,Yossi
ea68de32-e43a-4964-bc4b-505a20b0baaf, 622,876,562,Yossi
4642be2d-a123-4efb-bdd4-b94c9653ca65, 855,947,635,Yossi
add8fb96-d465-4fcf-98f5-87e3d4bf593f, 340,273,690,Yossi
bf50e817-7cee-4137-889e-cf481a4e510f, 616,9,536,Yossi
4a072391-57cd-401d-8768-92ad4e447ddb, 434,886,687,Yossi
55c27b9f-dd4c-4c3b-984c-6c21da2861f4, 918,228,956,Yossi
156af6b9-0f7d-4c1f-8685-0def03df11a1, 832,530,120,Yossi
4413541c-023f-4c25-b7b7-8f19704e62bd, 83,578,330,Yossi
638bb1a7-baab-47c0-8c68-0d9676ecba37, 206,119,661,Yossi
4a1ef4a6-5423-4ff0-9074-11cff1bdb280, 322,849,359,Yossi
7c63b8cf-9e23-4690-86ff-482f723401e9, 8,558,726,Yossi
ab98497c-23ee-402a-a3cc-194c823c05a9, 722,742,739,Yossi
93543d55-338c-492a-a45b-6b6613e562f5, 204,649,541,Yossi
d37658a3-7c9c-49ac-9478-2a3e71492f00, 905,364,907,Yossi
faa83b86-c3a8-4c69-bfd9-2eb3593423b3, 380,242,151,Yossi
46d88d84-1477-4348-9f1c-b6b6f316575b, 96,651,411,Yossi
e4c885ea-86a4-4f8c-bc5c-9941893fb1c5, 597,134,487,Yossi
7fefe202-e7ac-4323-8add-f5a7258ebeff, 735,201,795,Yossi
ab84bc1d-0330-489a-92ac-1302350156f7, 427,540,298,Yossi
ded32887-426c-451a-862e-085e2602863c, 232,650,829,Yossi
c74adf85-c9de-4cfe-a268-b12235516282, 973,18,422,Yossi
cd056e32-f6f4-44a6-bd62-a9ebcf164a10, 331,609,450,Yossi
190fbe3b-c1f0-49fe-8e28-f7553bc71c6b, 809,710,145,Yossi
996b751c-18a0-4d3c-80d5-f3411a5b48b1, 946,715,578,Yossi
e0e415cd-37b6-4e9e-9d90-0833e1996e32, 416,925,167,Yossi
c70ef8ea-a045-4fed-87dc-2bd980709eb5, 211,701,336,Yossi
03f6b29b-3420-404a-a6a8-297c96e13b3d, 180,111,466,Yossi
28630333-319f-4d75-b02b-1381ab663ac6, 250,724,716,Yossi
e43a772a-1440-4c52-8571-df621b16d3aa, 870,272,357,Yossi
20adb12f-7cc5-4b5e-a9dc-85a2d7aa4bce, 930,296,202,Yossi
344ebbba-eb8e-471d-8d76-1a468aa79c0a, 441,971,998,Yossi
7e5fc1d1-9a06-4fc2-80a2-1d2a69e7c7a1, 710,930,347,Yossi
ce646c84-7e02-4b14-aa47-1af7b4ffe356, 485,50,632,Yossi
e8a7f65f-4e92-4e37-a66d-12f51163e757, 699,286,939,Yossi
f17281d9-9ace-4de1-8fce-fabfd839c939, 266,649,418,Yossi
e4235ac4-8196-4058-8c12-e2a46c1f3582, 908,319,275,Yossi
c57d9225-f98c-4f23-92e6-a289575c5b5d, 628,216,838,Yossi
c9a1bb59-4597-457c-b822-253cc70fb3e4, 961,52,539,Yossi
70e68f0b-4d9d-44ce-9075-74e9adf99aed, 363,723,292,Yossi
5c11095a-6157-40f9-acf2-7afb85dd3f20, 705,459,337,Yossi
16c73289-1c43-4aea-aedf-8127bdb7b2fb, 94,878,415,Yossi
759cd6a1-d602-4031-bec4-d42e371b7b95, 941,506,743,Yossi
f2455fc7-f632-4679-88fe-971ca5d9b5d2, 579,704,993,Yossi
2bdc2b95-75d2-4720-b497-078ac376e7b3, 818,725,652,Yossi
13917f50-3b31-43a0-a8db-4450e8c89901, 703,480,823,Yossi
7aefa1dc-bf30-479b-a64b-1314ae924e5c, 525,983,76,Yossi
1d5089f3-86e7-43be-96cd-1e82341b9309, 298,961,951,Yossi
632c0e58-5490-499b-b813-5ed1eeffd9ea, 83,302,80,Yossi
857f670c-5879-4840-b14b-010412e7d62b, 363,479,919,Yossi
c9ee811e-a008-43c4-932e-8abd478299aa, 459,348,208,Yossi
32cf59a2-0c3a-439b-a02b-b901d94ff4eb, 55,778,589,Yossi
f1a52907-0ce8-41fd-b255-c67dc067566d, 295,606,406,Yossi
a2b17fe0-c1d4-43c1-ab32-aa8d8e42aed3, 525,324,143,Yossi
8cb46029-df50-414c-a0b3-e68a587f8b88, 674,329,614,Yossi
417cd051-3880-4160-87fc-67a7c1d2384c, 280,809,490,Yossi
2637b6f3-91ed-4606-a7e1-f6ba67769e8a, 187,258,571,Yossi
a19cec92-8590-4348-9a82-ce23184d5b8c, 714,836,739,Yossi
c84d0cdb-9616-42f6-819f-25c96dd67757, 217,408,497,Yossi
c9af70a8-991b-476b-8e7b-9812dee86eeb, 385,11,577,Yossi
41cc8419-425f-4a2f-be66-5599fb393990, 335,579,28,Yossi
a3932d48-1067-47c1-9e90-f1164b5650b3, 822,121,357,Yossi
057414a6-a9a7-428b-b767-fe3e0796ce92, 786,764,945,Yossi
d9090d7c-0497-4a44-8eef-845fc772c676, 63,409,872,Yossi
dcb083ea-8189-44da-87ca-4752856f55aa, 418,1,659,Yossi
e3231234-2850-48e8-8a41-6c85c42ef738, 931,623,632,Yossi
336f799f-74a9-4fc7-9633-fc8a21151f4f, 338,801,491,Yossi
3c086382-e89d-4f20-af8b-c8d919e9eedd, 588,177,221,Yossi
f52de5ef-41e0-46ea-8a91-d5148225162e, 349,743,510,Yossi
afe386e1-a524-4262-bdce-103404162e69, 468,837,371,Yossi
028d1479-bae9-44ed-9c1a-43a2376077c5, 93,909,595,Yossi
3187e641-8dea-4d44-a4bf-1fcb401cd2e8, 828,190,744,Yossi
e54eafc9-6c59-4e44-a763-ccc93bd33881, 116,850,209,Yossi
273216b6-ca4e-4f05-8f2a-93e392f8dcdd, 258,493,46,Yossi
6edb3765-0c0d-4938-af4d-dfa13bb1f66c, 544,124,848,Yossi
da57e5d6-4144-4e30-8cac-d079917cef16, 697,297,836,Yossi
3b10650c-92b4-47be-b192-df40eecf62e3, 80,284,784,Yossi
17bbd1a2-3d0a-4e05-9b7f-4ce30c68d82c, 863,48,209,Yossi
ab6ac005-6bcc-4a52-bd9d-c7d46a444224, 86,746,403,Yossi
5f993839-e4e9-4e23-8022-a152785ab26a, 805,474,376,Yossi
019f7fa6-0dcb-4930-8f4f-dc7ecbe4def6, 845,319,925,Yossi
a847eb16-9959-41af-94e5-2f84311c6c36, 574,969,499,Yossi
41b5fe55-9703-4de8-a78f-55a38845f50f, 277,588,809,Yossi
befcb730-93e9-4c75-a91c-5149788fecf4, 914,816,771,Yossi
f201d4e2-01de-4d7f-9640-8b16f12b6556, 423,80,309,Yossi
d2fb3179-9884-4ed7-8129-a533f6dde7bd, 446,44,53,Yossi
2138988e-e75f-4041-b8ab-37cca12d46db, 372,650,446,Yossi
6716f06a-165b-40c0-9211-a386d399bc89, 673,388,554,Yossi
18e0e271-3e89-4cd4-9a61-60bab9ee9965, 586,229,862,Yossi
cdaf61f7-16b2-42ff-9262-bf0266dc80fe, 387,743,443,Yossi
ae34f120-aa6d-4906-9d0d-16d0abbc80f8, 342,309,377,Yossi
69aaa498-2d6a-4527-891d-46dbfce6c7f8, 832,411,174,Yossi
7e7305a8-9ba2-4a91-9dba-175db3d30027, 119,969,154,Yossi
64399e3a-516e-4603-a3af-11ed3a8c585d, 350,420,708,Yossi
d6a0a373-8d10-4b1f-8ee7-e00e04c87cc5, 27,165,466,Yossi
826b42e0-44ca-478d-ad2a-276481286716, 13,440,966,Yossi
523c1872-004a-4734-b334-ecd76050d0fa, 898,638,702,Yossi
243da170-22bd-41d5-9fca-081f37634a77, 350,433,823,Yossi
955d2ec9-0e24-43c1-b496-8b4240532db9, 929,172,929,Yossi
b989be98-3798-46f3-9957-7843b8b14119, 372,986,741,Yossi
b0be4dd2-60bc-4b53-b89c-d7eb3079cecf, 636,889,843,Yossi
e83c06cb-35db-402f-9afb-802938b1017d, 366,573,507,Yossi
45244e7f-1649-4d5f-b06e-c8553a595d3d, 395,590,667,Yossi
adba2a5a-412f-4ae1-81f7-812c8cfd3a89, 135,328,74,Yossi
788d9c39-a786-4d51-a884-46617a6e47c4, 898,23,230,Yossi
b9584b01-2519-43df-bfab-e2659c3c75ed, 736,646,223,Yossi
b4acb4ba-23ee-4321-8949-0e4c5f134e6d, 88,573,787,Yossi
88ce202b-d81d-41dc-b98b-dc79c4550a60, 894,487,105,Yossi
9a88ce8a-3531-4e37-80c1-c9e690c7805a, 739,991,874,Yossi
efe69779-4610-4635-a935-ece86c5d07b6, 553,902,240,Yossi
b13f351b-3563-4dd1-ab8a-0a40de07a3d9, 243,745,981,Yossi
2b8fcd64-7bd1-40d8-9fcc-b2570ecf8f8e, 411,712,530,Yossi
52b2a07c-7896-42e2-959e-5c96da51f4cc, 863,659,591,Yossi
d2b8d5ed-21a0-4238-aea3-64984a00806c, 957,617,849,Yossi
74556f6a-2d07-4fdd-b5f2-d0f8a34c8483, 299,763,311,Yossi
c701f371-233c-4214-bb07-882184ee90ff, 629,450,411,Yossi
6d0a1fd5-bfbe-46af-b633-53eb46e978dd, 593,193,525,Yossi
0f12ded8-30bc-4188-ad3f-1f488932afe2, 707,285,414,Yossi
b3ed99f5-0290-42c1-b2a8-e62c8ec8a4a5, 952,740,402,Yossi
e8f416d9-b8cb-4b6a-8a44-bc06e9ea0e29, 738,626,581,Yossi
50298f5d-cef8-4f1c-afe8-6e9da01b6f89, 632,840,687,Yossi
38dfe29b-d62a-45b5-8b02-2d107a6e8ca4, 428,890,581,Yossi
7eb80af7-bca5-4679-b3c4-2b71188deb46, 92,488,309,Yossi
d4dec0b7-e881-4a19-9883-41dcf5fcf967, 699,872,985,Yossi
e68ba7eb-e6d3-4ecc-8060-a19b019a7f67, 631,129,955,Yossi
8cbebf3b-2569-4a68-a97e-fa4458b2d008, 937,596,722,Yossi
c2d1cbfe-fd8c-4151-bd01-b48397e98b5e, 793,111,541,Yossi
6a4c5b9d-0462-4172-b698-300a5e631dd4, 464,958,709,Yossi
ed61526e-fee8-40b0-8987-9af57034c007, 713,535,461,Yossi
816c6e15-45a0-42d2-993f-2b809c737106, 568,457,971,Yossi
8daa90c8-5450-4cff-9687-03f8ef15131e, 128,126,34,Yossi
9e1d161e-3604-4b3e-8b0a-193eea6c48f2, 11,326,775,Yossi
ed0f252e-db33-4b38-a41c-e50d972ac695, 162,869,871,Yossi
e3d54ea3-a624-4269-b129-3854ab1c737b, 728,538,961,Yossi
45437ef2-2051-4b12-846c-9918d33b8b98, 102,893,320,Yossi
ddcb3d54-66bd-45f6-be9f-52b932baa318, 538,76,156,Yossi
04fe6459-3010-46bc-9338-d71645681f3a, 457,16,144,Yossi
5d433107-9df8-43bf-8b6c-f4e51083677a, 679,944,515,Yossi
b53e8591-3513-4e5e-84f0-43dded74e633, 40,168,881,Yossi
54f63db7-7973-48e3-90ea-56dc9262f635, 976,713,356,Yossi
c7d3228a-be67-4879-bf82-f7bfb5671b0b, 121,522,31,Yossi
6e33b967-1047-4f9b-ac52-daf4c4e9a0ac, 337,571,746,Yossi
602f05cc-4817-48b7-9506-44ba4b64976f, 951,621,802,Yossi
f1a0d953-0bff-45f2-af72-46b3cf8de219, 180,775,725,Yossi
a62d8bf8-e1e6-42d2-8dd2-7f8f34d87eaa, 849,66,572,Yossi
fb1d1cb8-8d95-4586-bd36-a5c0ecbc4e3b, 579,363,66,Yossi
cb869388-bc03-482e-833f-7e4dc9cd3c6c, 390,176,460,Yossi
672e07ae-e9ff-41b8-b7be-36b154c55ec0, 305,111,442,Yossi
3be96a79-0799-476b-9860-afb89727d8ee, 827,448,180,Yossi
a73954c5-e0b8-472e-b017-a56cff9f169a, 518,969,159,Yossi
dca84798-ef52-4022-9c61-9f212e2f91d9, 893,185,156,Yossi
767b0a19-4d8a-4626-9182-a03a99c8c905, 516,607,16,Yossi
09d781c1-1fa2-4437-81c8-4d66c37facdd, 931,764,323,Yossi
3b3a943a-4a46-49c2-aa73-7d9dd6cb98f8, 572,585,454,Yossi
5206d495-a2f4-4ab4-9e80-6db18ecca5b2, 353,277,240,Yossi
5dffd918-5ca0-438a-b3ef-d453c6a3497a, 417,828,878,Yossi
3b23a40f-c2fc-4827-98e4-9384d4af5556, 941,460,804,Yossi
2a388eaa-d921-48e3-b7be-a4c94895d14e, 816,587,538,Yossi
cb1384fe-ee78-48d3-8815-ecd3ebaee52c, 894,815,412,Yossi
e68ac7ac-09cb-4aff-9ee4-f6ab47646f98, 588,508,124,Yossi
a7a85414-b23c-4d04-9c76-f790f9cb2475, 567,434,650,Yossi
68069675-2ed4-4063-9a62-95d319c3d1fc, 643,286,591,Yossi
fedc98bc-8eb3-4477-9ad0-397649e6c9c0, 570,334,458,Yossi
97abd0a0-025e-4e19-b60e-d13cb9d7c956, 557,647,598,Yossi
1f8c9b9a-3167-415c-9c63-0647d97f5d91, 742,817,589,Yossi
b97519bd-ff42-41b4-a714-0e9cf6bb78ad, 7,950,832,Yossi
a1b6e65f-f383-459f-a3c6-8746b8d9c97f, 202,410,619,Yossi
2b0699ad-696d-4131-9276-c4039e2d017f, 301,575,510,Yossi
21f31f03-4095-477a-95ff-8e264dc32b4e, 354,78,597,Yossi
a96bef59-3f86-4fb2-93e3-bc17cd4a85bb, 616,620,790,Yossi
f71dbf6a-5854-4545-9ae8-db6fbeccf0a8, 602,344,257,Yossi
ea24a147-1232-472f-9435-3b52e0f19d9c, 199,6,152,Yossi
b3fb8e36-21c4-404b-b9bc-0162eac77ed1, 802,708,990,Yossi
3bc166cc-ebac-4971-9790-2c332aa389c6, 648,846,495,Yossi
992d0b7f-40b8-4ca3-8659-866e622e7713, 421,385,811,Yossi
23bfe7eb-6d68-43ba-ac3d-d07f52157709, 206,75,768,Yossi
8ed5531e-9ee8-4139-aad1-c250335a3dc8, 948,888,863,Yossi
b413e484-6820-4c58-b043-f28706bb415b, 578,386,98,Yossi
7204ec49-bc71-4fb2-b708-d188d80b18ae, 504,266,857,Yossi
f597c31b-735f-4a82-8fa5-070fcd598c16, 140,290,209,Yossi
12ca2554-5238-4343-8d17-c7822eaa3063, 993,952,712,Yossi
cf6f3783-7650-4340-bc89-6957bb07d519, 666,953,303,Yossi
38bec6c9-697d-4d2f-8a9e-8af212b0235c, 342,543,812,Yossi
63c073e5-d01d-4707-a97e-cc13d9c64283, 437,203,242,Yossi
586e1155-fcee-4c6e-a347-949c6af19498, 841,553,563,Yossi
443ffae9-e5ec-4c7b-816e-c338ac3fc55b, 124,878,191,Yossi
b45e6241-cea6-4caa-aebc-9a5cf2ff182f, 697,148,4,Yossi
674cf7b8-c616-46e3-a2e7-6943ff679624, 827,667,730,Yossi
9d016a82-9cef-4a61-bc7e-f73a5cb41184, 925,24,956,Yossi
e9330b5e-0d38-4e2f-a669-850383aea9c5, 159,694,738,Yossi
d5132b57-1814-4ddb-a012-a39a81443c24, 294,663,418,Yossi
bae9b214-c50a-4e78-a8b8-390e8abbbf61, 781,654,892,Yossi
e79b872f-d96d-4658-8a3c-e87710f3cd9f, 781,754,430,Yossi
8742a556-ae36-4aff-817f-c38215688e25, 509,863,530,Yossi
6b0b1126-37f5-4ca1-8443-593ff57c57b0, 955,511,686,Yossi
577b6d24-2065-4d4f-a5e6-cb60c95ffbbf, 622,736,832,Yossi
63c3d917-2361-47d2-9366-0e0777b0833c, 533,380,386,Yossi
7869985f-29cb-40b0-972c-0e10e7ef5a60, 667,441,143,Yossi
db796099-0938-4876-8acb-fd6d8c23fabd, 206,166,285,Yossi
1fd99bc2-2927-46cb-a95d-04f7f2022244, 980,739,929,Yossi
696869ce-abfc-4e33-b682-10e32e27627c, 346,183,847,Yossi
311d3692-cf21-440f-9e94-ea425082ca2f, 74,144,539,Yossi
cee22b6a-4083-4e8e-9dda-ae6770cbc3be, 822,61,898,Yossi
72aebb30-6709-4123-b18d-fc9cd8ef3a1a, 669,341,125,Yossi
94016481-6456-4312-bd94-f845663e1bee, 759,189,283,Yossi
a5b9c2c8-e0c2-451b-aa0d-939c1960158b, 472,870,157,Yossi
21e7abe0-c086-49d9-9f73-358607e2f062, 45,304,287,Yossi
7c253d70-971b-4156-8f79-a43198ef4282, 125,624,315,Yossi
3572f19e-2c06-49d7-a759-1f9ebb25319f, 352,625,222,Yossi
1cc4509e-97a7-4cb2-a313-ba82fa10ac52, 276,576,488,Yossi
128bb53f-cae0-4550-8dfa-6b946149f9d0, 607,800,16,Yossi
46bacbb3-7982-4e82-ba15-3a04f2796aff, 500,164,681,Yossi
09dc1a72-8e1b-4e4c-a36f-30e3527e66c5, 682,882,367,Yossi
e679cbe0-4c53-44c6-b810-5a6dfaadef55, 148,798,676,Yossi
c6bb7eff-7264-4487-99f1-b5074e4fd9f5, 932,862,39,Yossi
3a6d4298-6153-4aca-8c6b-4413cc4907d7, 262,906,252,Yossi
0214c7d7-735e-4bf1-9833-248c0c53e3f9, 859,733,295,Yossi
9e92cb4f-19a0-40f1-b02e-3cf7e9990914, 129,935,435,Yossi
77b143c4-9c55-476a-8d7c-790a2c25cbed, 642,221,557,Yossi
bb40720b-d7e3-4760-9230-b6567e5c2582, 533,721,517,Yossi
82c3cdf8-b679-49a7-8670-216660cf6ef5, 317,547,483,Yossi
de8fa9bb-ebd4-496e-b9b1-afc26bc1d5a7, 411,62,540,Yossi
ca8a9e03-6b88-4ae1-96e6-87661333eacf, 110,260,26,Yossi
45f1e476-1d37-4e22-af8c-93ac00d1ec3d, 600,789,987,Yossi
6ae55027-e733-4626-8001-a8ed53b69253, 789,896,505,Yossi
93600984-6a45-43b2-877d-b67f78a60392, 610,191,761,Yossi
21cb5f07-f166-4370-98a6-cdc280211b33, 276,91,718,Yossi
27a4eebb-4795-4743-8779-3e231a72bb4a, 968,415,842,Yossi
942cda03-94cb-413e-a905-533fefe77961, 193,479,863,Yossi
c573e9ab-1541-4230-a762-ed16d6afa63e, 579,856,941,Yossi
36afb65b-6756-4c6c-b554-c4af5aadf409, 125,149,161,Yossi
f976ddff-e5f9-40ee-bb09-ac2b1de0686d, 848,829,251,Yossi
03c1141b-e520-4b49-b099-63c7e8e8bd14, 193,522,801,Yossi
264b2849-9776-4ff4-b7e1-f37fc705b569, 498,153,647,Yossi
e462ae77-352b-43a2-ad51-b05eda199a73, 227,259,943,Yossi
64eeec88-6fd3-4feb-b1b3-795785e74809, 306,338,40,Yossi
d6cc7bce-6088-46a1-87a8-10765eb176b4, 928,33,30,Yossi
84e869ad-f326-43ea-8dc4-f64e3edab599, 795,257,630,Yossi
8f452244-eab6-4e65-84dc-5ae8f0112f39, 798,348,132,Yossi
d6227000-bbf3-443d-b629-60a7cd57a83c, 640,218,582,Yossi
635d7465-e87c-4b3a-8c11-17c1f3ba6581, 675,529,403,Yossi
d26047a7-0eec-43d5-98e0-20571e57daed, 84,476,640,Yossi
37a6f957-8679-4c17-8dd2-a926fece6e78, 826,940,68,Yossi
d00ec257-2737-40e2-af2a-9ea4ac40af8e, 255,418,667,Yossi
f03553db-8e36-4c2b-a2a8-d50af96a35a7, 958,776,937,Yossi
e1612f26-c9a8-424a-b314-b2815b25ccf2, 72,742,157,Yossi
621b772d-81e8-4329-8fd5-5d934de27335, 898,885,142,Yossi
aee22f71-5097-49ff-87ad-de47b9aa00b1, 824,650,823,Yossi
3c092143-ae66-4f62-b663-51ef859e144d, 911,328,890,Yossi
a413d7fc-3946-4337-9f2a-15ee5ec97c92, 530,50,482,Yossi
bf22a1a2-3910-4972-a522-a6bef2d766e4, 119,551,305,Yossi
16aaa099-3149-4b07-8177-393d3ce6b6f1, 220,822,622,Yossi
b492f7ae-8e4f-4df2-82ad-5d63f07440d2, 244,144,781,Yossi
5898f75a-98ea-4463-84b1-81d3dd4e8edb, 303,479,397,Yossi
b40e3437-1669-4fe9-9ba1-604c3b9c7f85, 971,673,614,Yossi
32bb2c45-d6b2-4b5c-ba88-0a2feea0391d, 361,835,480,Yossi
ceab51ef-86ce-4bc4-bdbd-12ee7fa14cd7, 692,727,604,Yossi
d36f71fc-be22-4c51-9d21-fd75f48e19d2, 974,741,331,Yossi
7f7cb651-b2f3-4373-bd42-e4bcf619c4f6, 440,849,877,Yossi
a3838ca6-ff46-4632-bcfc-656da2f4f9d0, 578,171,148,Yossi
9e926203-7b2b-43bb-be99-6d9e493237e5, 748,297,890,Yossi
9688a386-baea-477d-b390-cfd02699c5e5, 585,136,865,Yossi
f1e7bcca-532a-406c-bf30-17d7608b5e1c, 363,739,953,Yossi
83e0c722-573e-46f8-8cb9-ef154b43088a, 315,826,599,Yossi
1a94d14e-a874-4db5-aeb2-eb8d862e96b6, 374,595,407,Yossi
7797b908-6160-499e-8ea7-52e0a96531b2, 744,852,975,Yossi
7f6d7b61-ccd9-45d3-9c08-6b366180bc05, 210,551,492,Yossi
1619b0f2-2c21-482a-bf85-9968becf05bc, 411,836,322,Yossi
7360dfa9-a15c-497b-8f8e-340b601f6012, 876,144,808,Yossi
15ac9e91-93fd-4c14-a067-ff2c891a3fd4, 972,778,971,Yossi
081e6984-4191-4c9d-9808-6c8d5049732f, 744,664,971,Yossi
da7d3762-b4ce-4540-b989-d97ab337ff3b, 633,554,182,Yossi
8d296df9-42b8-4654-929f-fe6f973ed4d3, 505,387,537,Yossi
7724f718-4244-48ea-bdd1-7e58b641715e, 747,997,96,Yossi
aced7e06-af61-4a8f-9785-f513ccceb6c0, 525,378,899,Yossi
360fd67d-4316-4bb5-8b8f-332345364644, 6,600,147,Yossi
0d51a17c-74f9-453f-b0dd-8860be6fffd7, 922,695,996,Yossi
e5e0cc5a-62c9-4ef7-a46f-fa80d7a0a6ef, 901,369,618,Yossi
af6a8ff9-45e3-4d0b-b95f-246a63d48043, 655,337,460,Yossi
819d21ae-93a9-4e57-a756-aebefc515323, 568,707,991,Yossi
457abaff-27e5-4319-88df-03e0362fdca8, 57,389,960,Yossi
f03ec180-3ef4-4157-8501-5f795fb46eaf, 980,570,162,Yossi
90b164c7-42a8-4057-87c5-645d5bda1c96, 626,739,41,Yossi
9ef41652-e457-4473-8e83-95fbb59f88f2, 226,239,466,Yossi
c8a4a874-9a6d-450c-9975-16acc2330eac, 438,461,553,Yossi
9f61a51d-0fc8-4cfa-be76-6c7a3ea9b41e, 396,885,458,Yossi
440912d4-6786-4ddf-9a0c-78967610b79c, 422,871,543,Yossi
c30f5e22-2f0c-4c37-8829-c5144521f45d, 662,51,83,Yossi
d9a4a95f-81fe-4b7b-bf90-d70f0e32ec32, 974,841,296,Yossi
59fb157e-d661-4ace-b124-41f91e0b3cdf, 353,977,218,Yossi
e59f9027-8af6-46ba-8995-31294283d8d2, 721,935,678,Yossi
9dbf5ec6-6d1b-491c-812e-b8596c7f7b31, 545,691,608,Yossi
94de2496-f193-4ee1-b23e-485f629c6511, 134,544,807,Yossi
a35748cb-13bd-4187-90ea-675120ff240d, 737,378,859,Yossi
e928bf0d-07f0-4147-a93f-5b3141c6d46b, 106,697,457,Yossi
d60d1edb-6003-42cf-a090-f133d7d29aa9, 530,463,906,Yossi
70166356-4e9a-4acf-b65e-4db4717eb05c, 66,259,451,Yossi
ee51c9da-3b15-4f15-92f5-dfa5107f90b6, 2,147,835,Yossi
cf2bf409-156c-45fd-8b19-e975debecce3, 449,393,339,Yossi
1048e8ab-ad1e-4117-9e02-14b76a7d8281, 877,6,727,Yossi
869e36fc-909d-4a09-9376-c88941cf2902, 865,273,761,Yossi
a17a4581-c034-4edf-b337-914152635b98, 822,504,302,Yossi
39c4161f-7343-4a31-b7a0-fe1f0c121710, 786,892,769,Yossi
7efe7782-c56c-4297-b2a6-7700f56ab5c2, 943,263,341,Yossi
a0878d6a-8664-4bc6-926a-843abfc114f2, 650,683,493,Yossi
37874cca-b156-4e88-876f-98eda28c7acf, 682,556,352,Yossi
7a8af4a0-96e1-4824-87bd-2158d40aab1b, 625,444,379,Yossi
42c7d9a1-0cec-4cac-8fe2-05d144b9f2c7, 388,288,718,Yossi
5f24c8ef-7531-4f0c-8bb3-9e75a0e168dd, 766,719,789,Yossi
82c0d3d2-8d85-46e1-88f7-2e1ec740c51a, 841,97,298,Yossi
548d949e-bea9-4ba1-bcda-6e9e7609acaa, 270,255,538,Yossi
56001a3f-f4b9-47d6-a6dd-b2674ccbdd19, 81,870,105,Yossi
9c286ac0-8309-4b71-bb46-de0a24726709, 98,283,194,Yossi
65832cfc-e508-4b03-aa9e-529b03bf7b79, 155,743,569,Yossi
4ca9fad1-2c6b-4f06-ad22-b7e2b9dd54f4, 138,122,995,Yossi
54b4f001-1440-4343-a18e-282ce8b8a8dd, 110,351,462,Yossi
fc8cba8d-622f-4771-ae65-c3995ee1ecd0, 342,765,836,Yossi
18cdef3b-964c-4e45-b195-e9e0d21893f8, 985,253,560,Yossi
dab85e31-1c0f-40c3-bc6e-b17d3cc51104, 348,478,984,Yossi
7b16f259-8abe-47c3-930d-29e876781b0d, 43,56,783,Yossi
4b82133c-29f7-4a31-b8db-a58956263a24, 512,943,796,Yossi
f6873f34-8d3c-428c-a374-ca88a768b676, 471,674,8,Yossi
cb881354-880e-400e-8b55-6cb1bdac611a, 802,569,812,Yossi
2b6aecf8-d9d9-42b0-be75-0765463046b2, 388,584,274,Yossi
b7a3b20c-643b-400a-a238-24caeeddbc5e, 159,471,700,Yossi
1f329fe9-02ca-47a0-ac73-ad733e908e6f, 808,250,166,Yossi
085eb83e-16b4-4b33-b114-34d4e0875cce, 722,657,368,Yossi
2e9d6d8d-5058-4466-b5b8-c119e2bdb8aa, 327,500,330,Yossi
141b03aa-c423-4435-8433-e2cfeced9b3f, 461,283,3,Yossi
3a73046b-b8d3-4363-9f7a-971d955f968d, 976,731,393,Yossi
789e1e23-835d-46ab-bf52-b2a965979dd8, 120,56,227,Yossi
3dcae1e6-aca5-4e15-b883-3870a7b49062, 409,641,798,Yossi
7fdbed70-2a70-4432-b0b5-dfae8b25805b, 772,665,446,Yossi
abca139f-cb5f-44c7-aa3c-5930cec194bd, 988,306,781,Yossi
13ef35a2-1ed4-4ce7-ae4b-a59f0e9cc92a, 649,952,182,Yossi
8c9b4cb3-4e74-4398-98ae-48f9b124eecd, 562,827,780,Yossi
c4b5c1c5-ddfc-4a12-aa30-3f8a9ef11e97, 858,538,228,Yossi
08ca5208-ef44-4f25-8ed7-d3ee6423ea9c, 818,320,398,Yossi
196d5ef0-5bb4-4292-9082-e121ca308d9a, 416,186,444,Yossi
29f06536-3da6-4037-85f2-b1117475ce79, 467,11,392,Yossi
d478544e-aa44-49bb-811a-55ba77851269, 5,824,837,Yossi
f4835261-44f1-4295-ad71-a1b8ab9dff47, 419,269,529,Yossi
ba583d40-a564-4585-a54f-7d1308eff189, 47,748,829,Yossi
63b0e4e7-5441-4e5c-9074-bf897c0108d6, 901,37,584,Yossi
8db4f958-14af-470a-99bb-482f6b3ece57, 718,733,351,Yossi
20cfcde3-babe-4e65-ac7b-0a285af8a17c, 586,676,546,Yossi
e11e283c-a563-48cc-abd7-dc7b2992d473, 148,897,455,Yossi
5bc6a042-580f-4e44-8372-a691518f13ea, 222,119,194,Yossi
7877de4d-6c9d-4921-865b-5837741fde4b, 166,300,734,Yossi
2dfd229a-6329-4d3c-9ff6-e22ab89ee93a, 827,992,455,Yossi
2159fbdd-e565-4f3d-944f-066046f6bfde, 354,306,655,Yossi
cf88da7f-3136-4a88-b6fd-775e988cb03e, 55,983,481,Yossi
1039cb43-666a-4389-8c55-78e8e9494501, 942,231,684,Yossi
5734d3a5-7a14-41fa-8916-e2e54c79ba5c, 651,516,79,Yossi
b436fe1e-4520-446c-85cb-a8f9d6199ad9, 950,956,501,Yossi
80a44494-bfa8-4e32-9713-2315ca45a3ab, 643,101,586,Yossi
a46f7313-defa-4c24-8eae-9ab57fc65b4f, 48,829,508,Yossi
4ac2d275-06e9-4b6b-9975-0db476722d19, 897,319,113,Yossi
12550cd2-978e-4b44-bc74-ead1198b26ac, 935,782,706,Yossi
a4b39026-5bdc-4f3d-9bdb-516dd8991f37, 643,254,968,Yossi
d7bce1e7-beb5-4825-b130-455f46c65040, 794,218,755,Yossi
2feb7fb4-d84f-4775-a8a3-ea3ffc83a2af, 374,548,730,Yossi
5c79cae5-470d-46ab-adb3-bdcc7cb92e3d, 928,663,748,Yossi
add56bbd-8e37-426e-bc28-03e8c0effe5f, 868,642,446,Yossi
7c803397-ea83-432f-8605-f06632cae224, 860,496,381,Yossi
f15d6874-d2ec-4779-a8a4-985b8067975f, 376,270,162,Yossi
b526a2b6-27cb-44d7-b037-aa71e86db1a3, 691,522,200,Yossi
214921f4-6e4a-46ab-a7e3-9af7e33e157d, 149,780,163,Yossi
84485b51-1858-4bc2-a109-31ded2d0a74c, 946,456,986,Yossi
360f7691-a443-4cfa-b08e-6015ca159932, 542,118,202,Yossi
b8de0c25-569c-4406-9b89-292ec2f0c1fe, 774,300,976,Yossi
ec87aa86-95de-467b-9566-af6ba73e3fbd, 715,856,298,Yossi
fa03fe85-85ab-4236-8d9e-ea01e78d10e2, 322,577,408,Yossi
99110024-1f7e-41f3-a88f-67b7bbf131b3, 770,714,436,Yossi
45c2febf-fb88-43c6-ac8b-95005de7fd76, 836,179,187,Yossi
3b1dd719-48d6-420d-9365-5df39b74fcb7, 63,37,822,Yossi
3a19c0d6-a1a1-4589-adfa-904a4074bf01, 730,560,512,Yossi
9f6283ba-3172-4a3c-bf7c-ca57333a2f36, 544,951,730,Yossi
f505d0b8-e503-4872-82fe-942efd6fd3d0, 768,645,437,Yossi
752cbca3-c7ec-4ff4-a210-8b34ff185c33, 592,427,93,Yossi
d70fd79b-e247-4daf-b2a0-4f24703dd85f, 742,386,545,Yossi
a0700c7c-82d5-4d9a-9683-0161a168f53d, 547,94,343,Yossi
d3a129f6-fd37-483f-b059-ed1050d64d83, 469,146,638,Yossi
a7a55171-7365-4c93-8f15-ae345cc74f10, 83,54,692,Yossi
44b56a5d-af6b-44c8-ad1b-8157cde30788, 752,919,807,Yossi
5f973b35-7c50-425e-966f-b966b9858b39, 763,312,602,Yossi
c827185a-c5d7-4d7e-971e-4fadad09918f, 975,883,419,Yossi
48f31ede-9f9e-43c5-8467-1bac08f54bc2, 165,810,557,Yossi
6092a44d-0d8d-4064-8562-8e424fb458ed, 688,230,347,Yossi
65a4584e-3d40-4706-9e7b-2b097736dedc, 246,945,211,Yossi
d6a0a7c5-3c66-4efa-b3c8-edd63772258a, 860,729,151,Yossi
0dfd292f-51cc-4a9a-902a-2078d222dd07, 316,29,328,Yossi
437034c0-1c70-48b7-9568-63aee312811d, 889,289,85,Yossi
1142f6d0-4b9b-4beb-8877-d5f0bd1a52dc, 843,593,890,Yossi
7d8b8cda-eb5d-4e39-bdac-6e2ee926501d, 184,647,507,Yossi
011bb429-d66c-4c5b-b72f-fa2fe0c546ec, 819,791,32,Yossi
53187cae-d1b3-44ab-93ca-7127a9b0e218, 922,6,334,Yossi
4f8c1e38-8dad-407a-a1f9-7457ff9bfc29, 834,616,542,Yossi
a142610b-414e-4f0d-9724-b10443509a2a, 672,578,574,Yossi
b4cdffc4-92b0-437e-ab38-a67a4070d677, 987,858,863,Yossi
dbe764a5-aaf4-466c-9eff-4fd370559bd0, 994,224,199,Yossi
1b6919bf-9a16-4c00-995f-eb5f3fbdc444, 427,222,324,Yossi
29dc0f72-e905-4b62-9bfd-c8dfba0eb178, 541,436,891,Yossi
5776a33a-08ad-42eb-93b0-3a9702d54874, 479,872,23,Yossi
802bac91-2aa5-48fd-aad1-43dd321c60bf, 518,132,291,Yossi
5ce50c02-d32f-4827-8ea9-62c3ae346d13, 528,979,164,Yossi
a7c44766-4f33-4d06-b3b0-a6c8bb8886ce, 51,867,438,Yossi
771bc916-314e-4702-ad81-bf55a17930d4, 316,322,939,Yossi
6ae4d603-0dd4-4161-9b2c-e7fde37046f8, 876,27,113,Yossi
305d6502-0c12-4eb9-83c7-af81768ba607, 607,643,449,Yossi
4af79194-afbb-435c-b4ab-cdf41abe11c7, 752,900,429,Yossi
c78f07ca-072c-450a-be6d-bf15f185f9b6, 221,848,369,Yossi
c87224a2-a317-475e-9d29-67b223a8649d, 691,755,426,Yossi
bd3a7f34-8485-4cc3-bd8a-521741f1b2f5, 183,278,356,Yossi
357edeff-e20c-44d0-880a-f6b72fb415ce, 140,444,133,Yossi
42381edc-068f-4dfb-83e1-0f69764c2256, 311,317,485,Yossi
fb4c8e52-fb4f-4787-b03f-ec3e26d74e30, 251,144,598,Yossi
ab394617-dea5-4912-98ef-e0b71d7c6f76, 411,937,990,Yossi
e23f7cdd-dcb5-4465-b693-2607e887c16f, 425,678,900,Yossi
4d9b2814-3052-46ec-8dbb-13e7ebbc7df3, 259,550,196,Yossi
ceb92d4d-9108-47c2-9cdd-3da2e0ba532c, 211,933,792,Yossi
04904fef-6363-4151-91c6-25d224dbd930, 443,726,970,Yossi
a60890ef-1031-4dae-994e-1b21af00d5d1, 592,297,282,Yossi
1527cabb-d0ee-40df-84a7-1b639e1379d8, 920,836,225,Yossi
749da10f-9143-4907-ab0c-08cd2b3016b8, 736,866,589,Yossi
103eddb3-1a93-455a-8093-297c7cf8fd01, 82,176,877,Yossi
c97ef3b6-2581-4649-91a5-71ff051add0a, 807,565,709,Yossi
180bb022-a8f4-4876-ad56-b7c52ae5c8aa, 627,356,499,Yossi
94e8b081-57c8-4b44-8fbb-689eb2024713, 849,341,962,Yossi
978f9ea6-761b-4027-9424-ec3e04bc3425, 438,794,170,Yossi
9b2babdb-8ca5-4717-8c29-453acfb57409, 467,433,206,Yossi
b261b6f2-c5d8-489e-a096-dde932e11895, 230,971,344,Yossi
43811adb-de5f-4529-88b3-3b9a2cf9fede, 562,696,716,Yossi
dcc9798d-d2c2-4858-a306-e2b3a9730ea6, 161,717,20,Yossi
44d16597-5ed8-4db0-bace-dc78ea9929b4, 203,330,307,Yossi
2c2a96b7-1ede-46a8-a18f-d73ea4d500d1, 374,673,71,Yossi
b4b48b79-ed0e-468e-bfd6-9697eb6b5f88, 401,344,503,Yossi
5acdfbff-cfc5-413f-be9b-17ded417ec7b, 24,450,983,Yossi
c19d33d4-70f3-40ac-a93b-9246a63a90cb, 485,582,577,Yossi
f86abddb-5234-4876-85e9-8a0110485510, 293,592,385,Yossi
524c0fc8-a2e7-4fce-9a0f-4caeddf9690d, 9,154,502,Yossi
4253485a-6cfb-40b8-832f-c500d58c69c0, 113,454,404,Yossi
bae78436-4907-43bb-a48d-0167e480876d, 19,506,894,Yossi
4dd45cd4-5c38-44dd-a73e-5b0d3205a792, 246,518,479,Yossi
2ec0400d-dec8-46ca-a564-814893fecfc6, 161,647,846,Yossi
e1a3b583-c4ec-437b-b3de-2b3d67c6273a, 690,425,27,Yossi
6ae80ca0-1749-4c07-941e-32c24141eb03, 193,476,667,Yossi
d7240f64-88ef-4961-a8f3-68ab67caf5a9, 891,38,451,Yossi
20ba125d-6be7-4f6b-8505-c4544838f82e, 666,444,981,Yossi
723e866b-90e6-4c16-b4ff-ede15695be45, 221,744,389,Yossi
f27ffa0b-c95f-456f-83d6-01ad41da0763, 766,270,104,Yossi
6c6a8f60-c1e4-4384-9283-d51f0e382756, 332,152,563,Yossi
8d1a2ab2-9edd-400e-858a-e2a89ae04725, 516,91,874,Yossi
61e50176-c39c-4704-bc01-0566d61f56ac, 901,355,167,Yossi
e5e84bed-9247-4d32-9b9a-04431180b220, 176,155,824,Yossi
ab16a730-7499-420a-a5d4-329c6bc8c803, 25,862,801,Yossi
cde9fdb3-1e4c-497c-b8fb-533deeb2fb86, 137,794,158,Yossi
03838308-f676-48e0-b565-1bc92084103f, 550,101,116,Yossi
2f000a8b-69b4-42ff-a084-153d8663ce48, 717,116,117,Yossi
f9f73a24-47c8-466b-83c1-15762a3eb338, 52,445,11,Yossi
43e69e7e-b4e1-4587-9c4f-3a771e773497, 421,797,761,Yossi
46477098-6fde-4faf-b429-de129ec79387, 506,479,249,Yossi
98b1b842-4367-4a55-96f5-a2aa5365e416, 375,827,495,Yossi
4eac9721-1100-4490-99c3-fe91acd40d62, 283,174,335,Yossi
5db71d80-dfe8-4641-8f38-7b50a6965798, 151,290,122,Yossi
6dc19cbd-fb63-41d7-a9c9-eb84597a0454, 500,716,882,Yossi
ddde3586-5624-4f69-a6bf-3a535ed91b4d, 626,642,580,Yossi
e3285686-fde3-4593-882d-b1431efaee01, 181,84,948,Yossi
fdea645c-e31d-4972-a35d-728bc4909744, 231,216,169,Yossi
e258a41f-f64e-44ff-8206-d5fa65bd5f1a, 987,614,37,Yossi
7236d3e1-d29f-4d22-b656-c058a4f9f577, 447,465,644,Yossi
0d0de247-bde5-4df6-b55c-a9cb44be9045, 864,481,557,Yossi
28c39226-269b-41b6-a128-e95306aa89b1, 405,669,675,Yossi
90ccbd03-8729-495b-9c82-55472ee954b0, 575,648,35,Yossi
46f58f4a-3c05-46d6-9f04-32d387759895, 307,853,621,Yossi
dd277d6e-e925-4235-bfd7-d0d1215ed5db, 822,399,810,Yossi
dbb39b0d-b800-448a-a72f-112ba4d3231e, 993,218,398,Yossi
782dba10-cecf-40fe-981f-3b92ec6a0064, 234,425,802,Yossi
20b81cb0-eb1f-4418-9479-0fab3594c0f4, 429,241,713,Yossi
d09ca21c-020b-4635-90d7-4ab52dd30e23, 812,275,263,Yossi
c5369d4b-4baf-46fb-98c4-3320c652d213, 80,386,214,Yossi
4a83ee1a-18ae-4a7c-af09-ed53c4206077, 459,835,708,Yossi
16b02ce2-caa8-4561-abec-5ca422b036c4, 689,286,807,Yossi
30a7d8e2-d33d-4b97-a0fb-56c59cb06e75, 564,95,48,Yossi
9a231794-61e1-4503-9589-ff4d85a66b6d, 207,51,992,Yossi
49d6d214-8d7c-4785-a647-784492399bd1, 545,872,230,Yossi
6f8af497-9108-4b36-acee-b1508551c781, 328,407,816,Yossi
9cd806cd-0abc-4bae-a82b-86f1d575f25c, 358,993,397,Yossi
33b9b8fb-f59e-435d-ab08-4dcddcc987eb, 637,214,41,Yossi
a0114450-7895-43b5-a6db-9bc8c5196528, 840,436,240,Yossi
10f2e4fc-5f0c-4a72-891a-b59c0362ca4d, 842,592,394,Yossi
24d8b81a-e7e7-408b-a026-7ab2c3de9976, 413,495,262,Yossi
421ba4e4-1971-4e0d-8016-6079160abb2a, 820,846,18,Yossi
c37b3cc9-f54d-483e-9dad-ebc5bb18d296, 911,133,114,Yossi
a22e6d34-71a3-40b0-a2d9-bc9bba4b84d3, 3,429,123,Yossi
822e85aa-59b5-43bc-892f-e86633c0b995, 351,27,374,Yossi
297e53f2-0a23-47e1-8af2-adc4b60a3cda, 809,882,367,Yossi
4260d1c0-7093-411b-8e11-769fc903d896, 484,484,866,Yossi
c6c42e1b-22e2-421a-a522-de171d1215b2, 445,721,392,Yossi
0598fffa-8845-4ebc-965f-f6bd2a8308f7, 815,820,621,Yossi
8c4f6479-f0ee-4302-a7da-6322a2283058, 667,847,848,Yossi
ae7046b1-5dd1-4da5-90cf-457f26271680, 568,721,502,Yossi
f21f286b-1868-4b4e-b518-c19833bab1af, 653,793,555,Yossi
b85b9521-5e19-4926-b531-394c56d7f8a0, 730,724,26,Yossi
24f9360c-0f32-4239-9339-a32c5a276f6f, 212,415,275,Yossi
8ce442fb-c6b0-47e7-84a8-1cb9216f416b, 703,356,564,Yossi
c7dda03f-9d23-4ce4-961a-7cb94a5b6092, 274,287,188,Yossi
95423d6c-d65e-43f9-b49a-0f6379ae6ff1, 666,32,553,Yossi
93e66058-7c16-4e14-8906-53dbcaa2384e, 871,359,108,Yossi
c53caf9b-0178-4027-b4c9-269af9ae6c1c, 526,966,773,Yossi
cf8f7c99-03a8-4feb-abf6-95c9a32f050b, 868,5,27,Yossi
e09739bb-8e25-4e97-975e-af4f4bcc0b05, 396,245,285,Yossi
c6507303-1c63-49e3-9d5e-ff6dec7bd7f0, 264,433,707,Yossi
e4e4b1d3-5bad-43cb-bdde-9fb64be26963, 619,696,232,Yossi
8942f71f-6ca8-421e-81c0-8fa04772fa13, 818,79,158,Yossi
30a9b675-27f1-491c-8c17-99503347e932, 341,272,70,Yossi
ab8f5bdc-031d-4068-bbcb-f4ac2781e526, 592,741,366,Yossi
338e8fe9-f9ca-403f-86cc-5faa83f9a2d5, 827,541,533,Yossi
5a5edf9f-d21f-48d3-8db2-802a7b80ffe4, 434,2,816,Yossi
9a1b67ac-2d23-4834-847a-0f03a72c3e71, 296,695,362,Yossi
bf97e6f5-1147-46e8-a15a-363f098bf703, 395,127,826,Yossi
575ecfed-9d02-4de1-a502-47e52b8995db, 781,860,719,Yossi
da3647fa-8f27-4811-b741-819d91b2cc97, 998,815,171,Yossi
71091957-8d89-47c3-be1e-c179bbc3f09a, 988,439,921,Yossi
e812afff-573b-4c2f-9179-6d54bf0b497d, 855,654,590,Yossi
2ddf0757-88b3-4149-a57a-41d385d71646, 954,846,951,Yossi
54cb421e-df45-418d-91b2-88d3e13e27ea, 395,531,87,Yossi
5a6e1aba-b5eb-4e57-a948-7218c6f1b9e6, 39,932,225,Yossi
1e13ada2-08bd-4cf9-a2c4-ecb0ca02ccf0, 407,42,462,Yossi
9eec3cf8-42f2-4c11-9c34-cfa3b8931321, 493,961,243,Yossi
8b203d14-304e-4281-b7b8-1980bd1f3acf, 467,967,737,Yossi
cea39b32-fb19-43eb-b8c8-ee66f95b3a0e, 345,225,570,Yossi
36c4fc99-70ba-4e04-83de-e463e50c39ec, 405,37,218,Yossi
1d4ce78f-099d-4bd9-bbac-4a5fe9d5ec1f, 438,342,456,Yossi
0e470336-ecf6-440e-826e-d92d4500979b, 897,602,303,Yossi
7f23d787-d007-41b7-bd9c-0f14987f6397, 444,971,886,Yossi
84059ffd-cfc3-41d7-960a-76f820d2f13a, 942,478,154,Yossi
7bd6a34b-384d-4b99-acf5-8c993386690e, 863,900,165,Yossi
958bc9a0-2a82-4762-b4d0-189c15b05d4a, 276,357,193,Yossi
e290daf2-0631-4c5d-8b4a-cdd28eac710b, 602,374,819,Yossi
6599c31b-faea-46f4-88e8-af945299c36a, 258,506,852,Yossi
00a1cb4b-84ec-4459-97a0-02ce965b0aae, 926,522,470,Yossi
9a059818-7f2b-4ba9-9616-f8f2533133a5, 184,510,429,Yossi
be25137e-15d2-421d-9d18-db92176a4382, 21,550,810,Yossi
d0a87e69-dc14-49d0-8493-7711fe2ade75, 734,956,189,Yossi
0cc1ec2f-43f7-4630-8121-cfefffbe1fdb, 630,140,331,Yossi
f40b5c61-43fb-4d99-b25e-c78f7102b328, 920,962,69,Yossi
280f942e-28c5-4b6a-9e47-2486b8b5cb63, 574,549,483,Yossi
1551df2a-9a54-4ee3-8474-80dd109efa9e, 89,603,68,Yossi
48528b1f-ed8f-4394-b188-ffd9b0402d89, 572,70,867,Yossi
25883cb5-5116-4646-ab9f-7ffa37b5ac67, 377,801,662,Yossi
c5477a95-ea6f-43c1-b0f8-b53c1cf34562, 397,180,835,Yossi
2a059c3a-bb83-4042-b5e4-ade556e49de0, 602,970,81,Yossi
61810fa2-a7d5-4479-9e3a-8972d07d12a5, 831,260,461,Yossi
5db755ee-e560-4e39-a362-b6c34c8d7d39, 457,922,927,Yossi
1e88a83b-de92-4a09-abc0-4d339022cab0, 343,129,942,Yossi
c9c8f8c0-31e8-4376-ae3c-c7d4e3ee8f5c, 974,645,217,Yossi
cf6ccd56-7066-472e-9388-aa149797f5f6, 861,680,410,Yossi
895d3cbb-41b5-4636-9f45-de643ddee031, 750,682,955,Yossi
6a1a7e84-4a09-4673-8043-76861ce5c89f, 369,837,918,Yossi
e1e8f125-ff86-4cc5-bed4-0f885e5cfbc8, 403,610,440,Yossi
c693e1f7-ab77-4fb2-950e-a65646068af7, 561,642,747,Yossi
e6ccf8ef-3829-4bb6-abc7-69e8d0bcdceb, 148,338,776,Yossi
261bb818-a1b6-4817-8ead-d8eb5a315823, 353,28,169,Yossi
2bd9c003-f10d-4599-907c-99106eff1d75, 250,89,703,Yossi
a35f6ecd-cb90-4a28-b1b8-6344081c00c5, 606,117,626,Yossi
a2abf978-f5d4-457c-8e87-ac8d79c150af, 555,745,474,Yossi
fabdddea-d8fb-46d4-abe2-f8f67722eaec, 124,597,424,Yossi
e1b5d051-dbf2-4f43-a249-d82d1d0327fd, 650,514,121,Yossi
4b42e579-67c2-4eea-888f-e0b22c00af51, 252,645,497,Yossi
f4eeffe0-84c5-48cc-8867-8da6f7066a67, 878,233,133,Yossi
0a3bad92-77a0-4f04-8377-6d242fcc94de, 162,428,648,Yossi
a7264fac-3c4d-4f60-b4a4-b3353a52c69b, 22,895,280,Yossi
337629d2-0313-4848-ad28-07aac9027939, 180,196,790,Yossi
0a47c1d8-96f4-4d09-9a46-5c6f4afb44f5, 167,622,617,Yossi
324a2bbd-d103-414a-ba39-dac49a422eba, 49,611,591,Yossi
f2ce7db1-06da-4717-9448-2a86781dfce4, 706,145,565,Yossi
c643c047-7db2-4d0a-a3d5-b95ec21aef05, 330,812,93,Yossi
6caf1d63-1367-4f80-bfda-a8c8b6d5d8dc, 445,280,14,Yossi
89158f39-d171-44f2-a6dd-070ad48f7f01, 17,910,129,Yossi
ff9a7793-e753-4b97-b9e7-80dece32ca31, 626,895,691,Yossi
aa4e1922-a314-4db2-b2a0-f97d40a808c0, 280,474,793,Yossi
f80caee5-b3f2-4f5c-901b-497535e82840, 36,89,660,Yossi
c73ca7ae-1df6-435e-9a54-ac916c2fecd0, 55,585,221,Yossi
9d42d0d3-9a6b-4df2-a728-805d164fc401, 346,376,550,Yossi
28e1af4e-7924-4cb2-9781-45d57d440bce, 682,955,973,Yossi
6e4fc6c1-c905-48bd-8540-37ed677c114c, 806,601,901,Yossi
170d01af-088c-40c7-a15c-047ea8a804df, 528,544,501,Yossi
71587539-a09c-4a43-a7a5-86977d30e84a, 930,548,420,Yossi
bd703d77-9b3c-4f48-9154-d8e2ed977983, 40,715,149,Yossi
382bdd35-7ab1-4a07-93c6-ec429c059321, 634,5,983,Yossi
e0181e9e-91ca-47fa-83a3-0ad6ae824e58, 152,552,299,Yossi
c987bf2d-ffa5-4c8a-aa7f-70800e64d06b, 99,886,148,Yossi
f6d9cebe-12a9-4e4a-bcf7-ebae66bdbddc, 822,14,523,Yossi
29c8cd6f-ae92-4d80-a09f-ebef34fc04a7, 930,652,558,Yossi
aa42d947-64b1-4d1c-adef-929452c309a1, 344,983,437,Yossi
994ab375-6ad9-47b0-843d-2fc8205c5957, 542,761,324,Yossi
6fecc0e1-630a-4ad1-b087-63c0a3285aaa, 39,210,310,Yossi
27249bc9-8180-4eb4-9157-68f5d3b9a066, 226,98,351,Yossi
110b0b2e-ecb3-49de-b02f-48a2928255bd, 191,348,924,Yossi
4f5fe6c3-134c-4a86-b4b1-42bf9f20d126, 374,995,372,Yossi
a74f369b-a45e-4d0e-85dc-e03b26558906, 511,419,580,Yossi
557022d0-f5f8-4c16-bb46-86591014602a, 236,194,822,Yossi
e110713f-e148-4859-a53c-718005dcef72, 251,583,70,Yossi
c7a898c3-c5d6-489b-9f2f-09fe3f391e39, 826,982,588,Yossi
cef9c385-4448-461c-855c-37d8160f7751, 379,597,891,Yossi
3e2f5bd3-bf0e-4d22-9efa-575eb9cda93b, 941,587,564,Yossi
3cec7b69-1b5a-4722-9643-64d7a023e4b9, 981,497,953,Yossi
d61532b9-7e9d-407d-aa37-524ef1862949, 824,595,794,Yossi
ace0a3d4-4728-469a-a5ad-3a28e77fe584, 674,925,454,Yossi
e08dda50-8e46-462c-8e8b-ac1a9747c6b6, 947,907,539,Yossi
50c723be-1703-438b-b536-d9920772446c, 222,449,17,Yossi
018d9722-2516-46c2-aba6-d7f2bbff8103, 151,420,233,Yossi
62120ea5-7a56-48c6-99db-5e5423eec837, 976,109,789,Yossi
e7d517a9-ccae-4b62-b340-4703ed4660d6, 613,292,179,Yossi
2aef1eeb-faca-4fe3-b332-8453108212e2, 254,212,226,Yossi
13d71f36-ba2c-4d1c-8f2a-af9d04c63be6, 721,845,500,Yossi
5a2f23d8-5965-4877-94da-f3eebb158711, 459,249,760,Yossi
40c95bf9-e24b-4f1a-9e43-2dac1c371d20, 361,391,499,Yossi
a34ae05f-b763-4fe7-bd4e-91dc436b3437, 418,686,823,Yossi
ddc7ae26-1968-4b12-ae9c-0dfc108f044b, 785,561,268,Yossi
91e0ec1f-4d17-4035-bd37-41ce00ef7548, 368,302,675,Yossi
b4ebf211-64c4-4406-8526-d90d4b7a8530, 529,604,534,Yossi
e470e99d-9227-43a9-9fd7-95c3b16b582a, 571,229,177,Yossi
5ff2c7a4-078f-4b5f-8dd1-08fb4adca20f, 659,963,478,Yossi
3badf376-bac1-416b-97a8-5c0bd88b5015, 773,369,205,Yossi
b69527a7-6da2-464a-8e53-6cfba88412b4, 775,570,384,Yossi
808bc6e3-477b-4a4f-91e4-c02984c06dcf, 568,952,80,Yossi
e77827b8-3a9f-4a6f-a817-d723d7fb9441, 953,489,659,Yossi
216b6d80-5d86-4313-aa3c-a99d7ebd259f, 778,859,58,Yossi
2e94deca-08a9-4f4f-bc35-c81974d67889, 517,731,732,Yossi
32710351-62c3-45c8-bcbf-08783a57daa4, 409,192,546,Yossi
8f98830b-d29b-4c52-9b11-4b273ae5f5fe, 521,245,988,Yossi
0c4200b2-61f6-49ec-ab21-f70e20ba87cb, 502,723,607,Yossi
d74e04e5-17bc-4a2e-ad3d-92c26fe0138b, 691,150,617,Yossi
163ee1d9-5920-4fdc-9f9f-a686a3b84aca, 323,798,284,Yossi
65e76d8f-9a14-4e7c-b67b-001ebe854db9, 282,587,23,Yossi
414a839d-e917-4882-88b9-0b492ef1f60f, 294,642,117,Yossi
6182c1d7-c258-4e81-8f2b-7e61bc0bc930, 440,217,607,Yossi
7f4c13fc-febd-4907-8765-62c91f4a4208, 189,414,812,Yossi
7fa44cb3-a319-4e4e-8772-a6703cda11b8, 16,750,743,Yossi
39d552a5-7dc8-4d97-a53e-5722ee1d20e2, 477,54,497,Yossi
7ce97dc6-2609-40dc-902a-a3d85f181b1a, 444,250,771,Yossi
9344a89e-7df1-46d1-974f-dc98fc48ecf6, 930,252,124,Yossi
1380ffbc-ae24-41be-9934-76142261515c, 216,273,845,Yossi
c96a5c88-3009-4482-ad85-abadea4426f2, 775,875,802,Yossi
362844b2-7eff-4911-b819-a1bc1e7fa99a, 462,630,689,Yossi
4a35ada5-7d8f-404a-b06a-ef40e684efd9, 375,496,273,Yossi
c273c2fb-4620-4562-978e-51dffda759c2, 35,224,89,Yossi
b38d7783-2a87-460c-acd1-adb0500ba318, 615,968,973,Yossi
64d36fe8-9708-4100-ab1e-45ca534a7c9b, 938,333,830,Yossi
bdff5452-d8e8-49f2-82ad-b4cb8ee03b8a, 176,486,972,Yossi
f3bdcd93-04a7-47ac-8f97-5e75b7bb4907, 863,215,96,Yossi
f7c4a4c1-e02e-4898-97f4-677f9270a161, 120,878,548,Yossi
2efd0758-c664-4fec-98ac-665c99049416, 511,350,335,Yossi
ed2c7732-ad8c-4253-b060-361cc7901dbe, 898,78,370,Yossi
fc7864a9-fc49-482e-adc3-97d668e1b51f, 270,663,340,Yossi
193f801b-e548-496e-a032-68980188ce98, 803,725,782,Yossi
96dd6368-f0a2-4ed1-8035-4442d532fd6c, 124,640,254,Yossi
b39fb39e-d859-4d76-a975-9231bb03174e, 471,442,829,Yossi
8968e0e9-34af-4be7-b738-8cd58a8e856e, 408,827,281,Yossi
f4a6c09d-a3be-420e-833e-7623b822dcf5, 796,991,917,Yossi
a28a99d1-cb99-446d-aa2d-b4ddc86b42ab, 293,41,785,Yossi
3c13f3b3-53a2-4190-a30f-258c91bc347d, 872,911,661,Yossi
72817dca-fb75-44a7-a1ab-5123b8953456, 706,342,751,Yossi
f82cdde2-47b5-426d-8d41-ec9182ce6bbd, 141,863,147,Yossi
dac3371f-90a0-459b-86b4-1d3527962ca1, 936,135,146,Yossi
fd26bf0a-4619-40c3-b0f1-d9cb5cc97c08, 717,346,305,Yossi
dc619eb3-797c-4ac6-b6f7-435d5947365c, 633,135,606,Yossi
0107ba46-c808-4b2f-9866-b96958369c9a, 48,53,845,Yossi
228a93e0-c5e6-4b9b-92a2-708b153b925a, 718,393,771,Yossi
fc0568b9-bce2-484b-80f7-8aa15de33a8e, 266,710,51,Yossi
10ebdfd7-698b-4040-b2e2-763c9e8d3d0c, 268,713,357,Yossi
5d761da5-9ae5-4fae-b5d6-07a6a8fb6c55, 417,606,38,Yossi
b5880e61-e92c-4875-9d09-274bee310f6d, 584,397,750,Yossi
afc9089f-81f8-4acd-9bdf-3b528dd3a5c2, 678,97,384,Yossi
ed0f886b-4fdf-4f08-b91a-445ced7c55d8, 32,981,776,Yossi
74ebc9cf-4c85-43c1-82c2-c1854d1bbae1, 108,533,308,Yossi
f092897a-1dfe-4424-b2c4-a83ecba3c1ba, 683,689,482,Yossi
84bb655f-35b2-4b7d-8f5d-1f845c16a2af, 975,163,856,Yossi
b9c1f2a5-ab9d-4571-8b78-a919bba75629, 311,245,986,Yossi
f793972f-0e61-4946-9636-4bf0bf3a8f69, 938,155,519,Yossi
2b0a8411-1ebf-4eee-911d-974056eacb6a, 888,441,630,Yossi
a8fb81ce-a2c4-45d7-8ca8-d761dad6accb, 701,872,150,Yossi
29d025c0-2667-431d-9143-2c0dc5a0762a, 788,520,528,Yossi
dbe33a9c-a7d4-4aeb-98c1-57c9df4bf10a, 109,134,947,Yossi
ca48fc0e-4960-4504-9aed-3f503d54d37e, 554,954,39,Yossi
e31bb3b8-cd20-4d2b-a60a-ac58b1a03e2e, 223,17,70,Yossi
075c3ad0-9fd5-41f5-bc7b-7b6285f950e8, 70,611,858,Yossi
83a7700b-d2ad-4f00-82f0-2668fc5ada09, 464,581,22,Yossi
2d6f2c00-257f-4ead-a2a8-0f21363c1827, 567,292,550,Yossi
94f6d432-6226-400b-9e0c-928860f06309, 500,106,361,Yossi
e0aa11a9-5222-41fd-9050-31e3feda2ca2, 50,644,243,Yossi
c6510b8d-fc67-4319-97df-7dfe13f23764, 232,789,655,Yossi
7c9efa66-3d3a-4a03-ab12-082abe660ad6, 752,329,110,Yossi
dfe290ce-a22f-4f5f-ba9b-3cc5141c8dc7, 626,318,14,Yossi
1ff4ba06-cbff-4a1d-9fdd-139dea5f9cc3, 779,575,556,Yossi
efa131f3-6c82-4f02-89dd-35d66f9b0e1b, 534,422,208,Yossi
1781041d-b69d-4ebd-937c-21949f32e4cd, 818,89,229,Yossi
b8b1caff-0102-42c2-b38e-4f5eacd85416, 917,868,543,Yossi
e306e18c-fa50-4805-a4f6-6596bf63f8e2, 660,425,858,Yossi
eaca71e0-fcbc-4705-81a4-21acbe2b77bc, 609,134,581,Yossi
4185e4e7-4fa6-4c52-9f4e-c648b531f3b9, 598,289,415,Yossi
d0ce892d-2967-4c3c-8f9c-106a8f0f3c20, 167,59,488,Yossi
80db1621-c7ae-4146-897a-411cb4d68032, 705,322,165,Yossi
ab73d604-98a0-43a3-8863-3fa5494043b5, 383,470,686,Yossi
f559a4be-22d0-4f26-8623-212c61e28b15, 958,442,293,Yossi
5cef242d-6bf3-40b6-ab99-e1dbee9de678, 845,684,7,Yossi
a0cc7705-03dc-4a00-927b-2983ca1658b9, 464,34,869,Yossi
46a65d29-b157-4b22-9828-c8e534972bb5, 342,681,17,Yossi
4f1512e3-7a23-44ca-8542-5c6da96a47aa, 133,131,775,Yossi
abf853bc-6f59-4c09-927a-a2b9b2bec651, 699,571,365,Yossi
40035d87-12bc-4852-89f8-abc72a94bd0c, 795,143,196,Yossi
454bf78c-3a05-4a05-b54f-9bb7e1164865, 528,29,29,Yossi
9b5e0217-501c-4035-8180-86f314a6ac70, 597,613,516,Yossi
66c1a0c9-8052-4eac-be32-a4e9f8317b49, 68,827,100,Yossi
5c68a3a0-ee07-46ab-867b-84e6f75119ec, 43,436,617,Yossi
96e027c5-f573-4258-a8cc-194256abff95, 541,957,426,Yossi
3c872474-e7b9-4400-af6f-264985d03517, 250,813,740,Yossi
b73826d1-0332-411d-9c1d-39f3303e7a3e, 852,145,101,Yossi
b7f129e7-2b05-4aa9-aaf4-c461d993c195, 711,256,607,Yossi
e3f56870-9103-4262-b39f-a336af355d00, 398,34,926,Yossi
b18bb27e-22c3-43da-92dc-53d4e8cef06b, 712,6,750,Yossi
083d4d5d-5c8a-4e0e-b1f1-299dab8ea9eb, 799,586,327,Yossi
e9cf62b9-1b10-495a-8c7f-9d15c36199ff, 491,431,414,Yossi
6c516890-cd28-4b24-ab66-3401570f63aa, 265,248,72,Yossi
261754aa-ab03-4793-8b12-ae7a00245fc2, 489,397,205,Yossi
c2a4d960-3025-4f8f-9089-4c85dd936642, 769,300,245,Yossi
01622b4f-cd86-49a3-9c15-f52e65d47770, 399,591,172,Yossi
d5e6dd66-b617-4588-bf27-ed1414525a0c, 349,450,756,Yossi
f48beb2d-2d24-4711-b559-914ca78d6587, 623,942,996,Yossi
b98fc352-edbf-4fd4-a7be-c2e9c291cfdd, 95,816,771,Yossi
7b26155c-1881-457c-9508-ae1bfeab90f6, 420,200,579,Yossi
b819d082-e379-49fd-b61b-2c5cb49ebca5, 588,354,821,Yossi
38c35c97-e90f-49ad-84f8-d353f38b8acb, 348,242,848,Yossi
67b66f17-9671-422f-873e-bed0be5134f5, 291,51,527,Yossi
d4bd5ded-cd53-4e4f-9da5-25c364b7f165, 13,983,566,Yossi
d563b3f3-8b65-49a0-bbf0-947120820f64, 668,363,747,Yossi
3e80c231-c355-4b1d-9a64-1bfd14f20d7d, 894,940,955,Yossi
e28b2d8e-de42-4eb1-8bfc-543f81f626af, 362,998,442,Yossi
c046e372-a9e9-4325-9324-457ca61f977b, 754,364,555,Yossi
137d86ed-4c5d-47f7-8d29-02b16e0ee1aa, 993,176,643,Yossi
0b4fa5e6-6171-415a-af13-c5618a3faf8e, 329,396,613,Yossi
bd2576c9-c390-4b48-8357-33d5e93584ff, 641,843,48,Yossi
08eb762d-aca7-4461-9c55-89ba455db0d5, 491,899,44,Yossi
d1f05b43-1537-462c-90b5-14f60c39fa04, 382,422,58,Yossi
3575bec6-656f-40ef-bbb5-7ebc0475ec0b, 396,108,540,Yossi
4048240c-1181-4e1e-b554-5933c472dafe, 644,337,465,Yossi
8182ff08-3f82-4271-aba7-4d6f591e65b7, 190,954,579,Yossi
f2db01bc-ad9a-43e8-b316-76306faed28d, 250,200,875,Yossi
86448a43-a6fb-4b80-9455-015f128a4dfb, 815,59,201,Yossi
d8032600-e0c1-47d0-831b-8a3ad64867c4, 138,833,988,Yossi
e7df14b0-cb2b-4608-86b9-9ac9373f23b1, 267,353,67,Yossi
457716f8-b933-492a-89ce-178648a7bd5c, 206,960,653,Yossi
48bb49b5-a37a-4958-bf60-5cd05ed0d73f, 913,370,141,Yossi
bb0c9ec2-2c99-4a1a-aee4-4ee2de92f313, 518,178,463,Yossi
df515dbe-c383-4b43-811a-f267b595e461, 704,512,518,Yossi
9c250f8e-38b8-4ff0-9002-99a891d0da9f, 898,965,890,Yossi
6bfcaa7a-fd07-4a6e-9fa4-77b4c3c87c54, 900,111,28,Yossi
24fce795-f4cb-41d3-983f-5f1470a9c6a1, 90,803,221,Yossi
35a5d07d-4ec2-4b27-99c4-db1b2bc7f959, 65,79,197,Yossi
76cd709d-4ed2-445e-8cdc-112bc0d229f7, 737,825,785,Yossi
b70e9389-8a53-4817-9c19-15380e7962dc, 846,354,67,Yossi
5534b931-ad05-4712-8971-156226e69367, 54,116,69,Yossi
3752bb7c-83b0-4dac-811b-fe7f8ae2cdaf, 990,191,147,Yossi
9aae9a97-5fe2-4601-a175-11906125b6c0, 886,730,965,Yossi
e178126a-d605-48a3-a4c8-0ee6846db1e8, 325,671,776,Yossi
e485999c-ff97-4853-a248-b436486474b5, 116,545,686,Yossi
3d6c47c2-c99b-4c9d-9050-daa9e44fd893, 357,916,92,Yossi
ff2fae40-f0e5-409a-bf09-0497da005568, 309,236,722,Yossi
4fef45c1-6b0c-453f-9736-f8ebd6274f29, 960,177,549,Yossi
2f61e438-1bdf-4ba8-a98a-0d6800a3350f, 844,141,881,Yossi
ce48ca31-4a29-4988-8432-e8dbd834ddd1, 457,176,544,Yossi
efa2b6b6-7649-4c1a-b473-0d7d1cf1c972, 354,670,823,Yossi
cb1920ee-84eb-41e6-9f44-e87bfe160bde, 396,650,397,Yossi
77bb4f52-72d8-4121-8229-e82665c33713, 450,907,775,Yossi
5b1a13b8-6d89-40b7-abfd-9add9f23d250, 744,14,380,Yossi
cb4d7bcf-d766-4d6b-80a9-27c6122b8b1e, 62,764,132,Yossi
886a498d-95cb-4c93-b7b9-3aab383342b5, 444,947,533,Yossi
0c7a00ea-414a-4e5d-8e88-9ac55b03987d, 509,381,907,Yossi
4b3c8ab7-4cb9-44b9-9b44-9a250b24f27b, 694,537,118,Yossi
aa7e7957-3437-4b94-b7ff-8bae52e4f39d, 344,92,937,Yossi
bb0d736b-9e0a-474b-8ca9-123a9e25b7f8, 519,147,50,Yossi
88d4c65f-ec7d-445a-aa69-abdfb46fda5f, 264,430,554,Yossi
d795fd66-c0e4-4754-b4c2-991f8ce18509, 422,970,1,Yossi
901dd2cb-eb7d-4855-b721-3c949bc422d6, 952,719,894,Yossi
88c2d9e8-dd20-4c8b-8475-20c76d139b20, 290,905,10,Yossi
58b89952-6c1a-4479-a2b7-ce41ff2305c0, 315,564,222,Yossi
f2b54335-552b-4efe-9f07-0d7a89bc6cdd, 342,899,412,Yossi
933a3c01-8b45-41e9-bd07-188679ca61e2, 417,400,193,Yossi
dd94f861-2b99-4322-bfca-ea061e3d65c4, 349,946,793,Yossi
1ec246a8-a3d9-4514-a725-955fed7d2349, 635,659,133,Yossi
23005be8-6594-43fe-860c-c5a48f2270da, 705,53,558,Yossi
1f2dc7e8-bf06-44b5-8a27-c9a830be9835, 458,930,760,Yossi
ed888378-b602-4741-8775-876126547785, 726,481,583,Yossi
c25643ed-1d5a-4409-b4b7-448a1f7c9d77, 824,638,793,Yossi
3287453a-4740-40aa-83c4-68c487e7d6db, 132,490,229,Yossi
4abd0b22-9345-419e-881f-bb3c9517d6cd, 638,220,474,Yossi
f515cbed-7fbd-426a-a1fb-460935047a82, 898,379,972,Yossi
967410fd-eaa1-4f97-bf84-81885233fd75, 894,2,191,Yossi
bbdeedd6-bbd3-4b22-97d9-d703587bdeee, 526,102,745,Yossi
aaefb0d1-1651-49c3-87df-50421d192a1b, 856,913,482,Yossi
255fc545-f259-4c47-8881-a3fc4dbc30ed, 760,785,311,Yossi
7b415034-f997-4aee-8fc3-135cc89b4c91, 867,247,666,Yossi
451ef2bd-ff02-49f7-8039-8c000ce67116, 336,830,974,Yossi
b371e6a4-613f-4d7b-ba42-95cd9e5c47b6, 248,588,83,Yossi
150aa053-c06e-4972-9caf-a797f7c6182a, 638,517,261,Yossi
14feb106-ef83-4d73-8f71-de7cc5cbccf3, 618,286,908,Yossi
e207544e-45ea-4bad-88d2-0915c03ea22c, 962,710,726,Yossi
46675e6d-2966-4d39-9746-73cef6a5d4bb, 320,736,281,Yossi
ba42523f-40de-40df-afb9-a957589c54dc, 160,809,52,Yossi
e561cd97-1c05-43ee-9bb2-40a9a1b9f8ca, 368,931,828,Yossi
35429f2b-ffdd-48e3-84c2-af74a1571f5d, 16,869,566,Yossi
c4908f7d-e00a-4387-b306-948e1ebb15b1, 101,65,852,Yossi
d7e037d2-b1b1-465d-8115-57032e94213e, 482,263,243,Yossi
cb07748e-beb3-439c-a1ce-c3c5db967e4a, 562,302,389,Yossi
0dbda043-4b6f-4179-86cf-811e89341d4f, 498,651,789,Yossi
43dc5bfd-9e7b-4301-a3ba-0f08f56ec180, 889,257,483,Yossi
5ba73552-555d-47ef-a03d-f6d948609d29, 928,907,815,Yossi
71acd540-e84e-4ae1-9a87-0056bfa7fe9b, 835,892,203,Yossi
af1eaa7d-e66e-4df4-b211-c87e053ae3db, 755,440,50,Yossi
aed743ed-882d-47c7-8378-17f502ad1b6a, 31,707,437,Yossi
39bca74c-7c19-4adc-b5a1-a1725ee39d7f, 615,966,898,Yossi
e918ec2c-6173-4ac1-9b32-13129f48e263, 147,232,718,Yossi
6d834176-9d0f-42da-95cc-38f5f8b9aa65, 516,537,452,Yossi
40153269-c21a-4f64-82d8-20917a5e5b8b, 408,136,23,Yossi
35181d17-ef7b-4c57-923b-95d6454c7342, 666,401,408,Yossi
ebaa2811-12d6-4778-94c2-9aa9bb9329c7, 338,820,86,Yossi
537915ea-5db8-4de9-bafa-e20c38197591, 490,269,552,Yossi
b65f4177-cca9-4cf0-a5f0-1caf2cc90e50, 567,438,24,Yossi
960edc78-38b6-4db5-b3c4-599ab8beda46, 13,180,975,Yossi
8551cb4d-309c-4edf-9420-e5ab8c286c79, 364,345,623,Yossi
876bc214-f06c-4937-a225-b27e9beb253d, 803,452,555,Yossi
8dc60dec-daf5-45e0-963c-3c588f67f58e, 805,945,335,Yossi
651d662f-e546-41a5-a6a9-57f5170b0239, 489,352,419,Yossi
7129f180-f25e-483f-a28f-a62fe5aa87b7, 72,374,719,Yossi
